# Blender 5.2.0 LTS
# www.blender.org
mtllib standing_man_on_road.mtl
o road
v -6.380000 -0.240000 15.980000
v -6.380000 -0.220000 16.000000
v -6.400000 -0.220000 15.980000
v -6.380000 -0.237328 15.989986
v -6.389987 -0.237328 15.980000
v -6.389565 -0.234733 15.989564
v -6.389987 -0.220000 15.997328
v -6.380000 -0.229987 15.997328
v -6.389565 -0.229564 15.994733
v -6.397328 -0.229987 15.980000
v -6.397328 -0.220000 15.989986
v -6.394733 -0.229564 15.989564
v -6.380000 -0.020000 16.000000
v -6.380000 0.000000 15.980000
v -6.400000 -0.020000 15.980000
v -6.380000 -0.010013 15.997328
v -6.389987 -0.020000 15.997328
v -6.389565 -0.010436 15.994733
v -6.389987 -0.002672 15.980000
v -6.380000 -0.002672 15.989986
v -6.389565 -0.005267 15.989564
v -6.397328 -0.020000 15.989986
v -6.397328 -0.010013 15.980000
v -6.394733 -0.010436 15.989564
v -6.380000 -0.240000 -15.980000
v -6.400000 -0.220000 -15.980000
v -6.380000 -0.220000 -16.000000
v -6.389987 -0.237328 -15.980000
v -6.380000 -0.237328 -15.989986
v -6.389565 -0.234733 -15.989564
v -6.397328 -0.220000 -15.989986
v -6.397328 -0.229987 -15.980000
v -6.394733 -0.229564 -15.989564
v -6.380000 -0.229987 -15.997328
v -6.389987 -0.220000 -15.997328
v -6.389565 -0.229564 -15.994733
v -6.380000 0.000000 -15.980000
v -6.380000 -0.020000 -16.000000
v -6.400000 -0.020000 -15.980000
v -6.380000 -0.002672 -15.989986
v -6.389987 -0.002672 -15.980000
v -6.389565 -0.005267 -15.989564
v -6.389987 -0.020000 -15.997328
v -6.380000 -0.010013 -15.997328
v -6.389565 -0.010436 -15.994733
v -6.397328 -0.010013 -15.980000
v -6.397328 -0.020000 -15.989986
v -6.394733 -0.010436 -15.989564
v 6.380000 -0.240000 15.980000
v 6.400000 -0.220000 15.980000
v 6.380000 -0.220000 16.000000
v 6.389987 -0.237328 15.980000
v 6.380000 -0.237328 15.989986
v 6.389565 -0.234733 15.989564
v 6.397328 -0.220000 15.989986
v 6.397328 -0.229987 15.980000
v 6.394733 -0.229564 15.989564
v 6.380000 -0.229987 15.997328
v 6.389987 -0.220000 15.997328
v 6.389565 -0.229564 15.994733
v 6.380000 0.000000 15.980000
v 6.380000 -0.020000 16.000000
v 6.400000 -0.020000 15.980000
v 6.380000 -0.002672 15.989986
v 6.389987 -0.002672 15.980000
v 6.389565 -0.005267 15.989564
v 6.389987 -0.020000 15.997328
v 6.380000 -0.010013 15.997328
v 6.389565 -0.010436 15.994733
v 6.397328 -0.010013 15.980000
v 6.397328 -0.020000 15.989986
v 6.394733 -0.010436 15.989564
v 6.380000 -0.240000 -15.980000
v 6.380000 -0.220000 -16.000000
v 6.400000 -0.220000 -15.980000
v 6.380000 -0.237328 -15.989986
v 6.389987 -0.237328 -15.980000
v 6.389565 -0.234733 -15.989564
v 6.389987 -0.220000 -15.997328
v 6.380000 -0.229987 -15.997328
v 6.389565 -0.229564 -15.994733
v 6.397328 -0.229987 -15.980000
v 6.397328 -0.220000 -15.989986
v 6.394733 -0.229564 -15.989564
v 6.380000 0.000000 -15.980000
v 6.400000 -0.020000 -15.980000
v 6.380000 -0.020000 -16.000000
v 6.389987 -0.002672 -15.980000
v 6.380000 -0.002672 -15.989986
v 6.389565 -0.005267 -15.989564
v 6.397328 -0.020000 -15.989986
v 6.397328 -0.010013 -15.980000
v 6.394733 -0.010436 -15.989564
v 6.380000 -0.010013 -15.997328
v 6.389987 -0.020000 -15.997328
v 6.389565 -0.010436 -15.994733
vn -0.2566 -0.9318 0.2566
vn -0.2177 -0.6902 0.6901
vn -0.2566 -0.2567 0.9318
vn -0.6901 -0.2178 0.6901
vn -0.9318 -0.2566 0.2566
vn -0.6901 -0.6902 0.2178
vn -0.5774 -0.5772 0.5775
vn -0.2566 0.2567 0.9318
vn -0.2177 0.6902 0.6901
vn -0.2566 0.9318 0.2566
vn -0.6902 0.6901 0.2178
vn -0.9318 0.2566 0.2566
vn -0.6901 0.2178 0.6901
vn -0.5774 0.5772 0.5775
vn -0.2566 -0.9318 -0.2566
vn -0.6902 -0.6901 -0.2178
vn -0.9318 -0.2566 -0.2566
vn -0.6901 -0.2178 -0.6901
vn -0.2566 -0.2567 -0.9318
vn -0.2177 -0.6902 -0.6901
vn -0.5774 -0.5772 -0.5775
vn -0.2566 0.9318 -0.2566
vn -0.2177 0.6902 -0.6901
vn -0.2566 0.2567 -0.9318
vn -0.6901 0.2178 -0.6901
vn -0.9318 0.2566 -0.2566
vn -0.6901 0.6902 -0.2178
vn -0.5774 0.5772 -0.5775
vn 0.2566 -0.9318 0.2566
vn 0.6902 -0.6901 0.2178
vn 0.9318 -0.2566 0.2566
vn 0.6901 -0.2178 0.6901
vn 0.2566 -0.2567 0.9318
vn 0.2177 -0.6902 0.6901
vn 0.5774 -0.5772 0.5775
vn 0.2566 0.9318 0.2566
vn 0.2177 0.6902 0.6901
vn 0.2566 0.2567 0.9318
vn 0.6901 0.2178 0.6901
vn 0.9318 0.2566 0.2566
vn 0.6901 0.6902 0.2178
vn 0.5774 0.5772 0.5775
vn 0.2566 -0.9318 -0.2566
vn 0.2177 -0.6902 -0.6901
vn 0.2566 -0.2567 -0.9318
vn 0.6901 -0.2178 -0.6901
vn 0.9318 -0.2566 -0.2566
vn 0.6901 -0.6902 -0.2178
vn 0.5774 -0.5772 -0.5775
vn 0.2566 0.9318 -0.2566
vn 0.6902 0.6901 -0.2178
vn 0.9318 0.2566 -0.2566
vn 0.6901 0.2178 -0.6901
vn 0.2566 0.2567 -0.9318
vn 0.2177 0.6902 -0.6901
vn 0.5774 0.5772 -0.5775
vn -0.2585 -0.9660 -0.0000
vn -0.7071 -0.7071 -0.0000
vn -0.9660 -0.2584 -0.0000
vn -0.2585 -0.0000 0.9660
vn -0.7071 -0.0000 0.7071
vn -0.9660 -0.0000 0.2585
vn -0.2585 0.9660 -0.0000
vn -0.7071 0.7071 -0.0000
vn -0.9660 0.2584 -0.0000
vn -0.2585 -0.0000 -0.9660
vn -0.7071 -0.0000 -0.7071
vn -0.9660 -0.0000 -0.2585
vn -0.0000 -0.9660 -0.2585
vn -0.0000 -0.7071 -0.7071
vn -0.0000 -0.2585 -0.9660
vn -0.0000 0.9660 -0.2585
vn -0.0000 0.7071 -0.7071
vn -0.0000 0.2585 -0.9660
vn 0.9660 -0.0000 -0.2585
vn 0.7071 -0.0000 -0.7071
vn 0.2585 -0.0000 -0.9660
vn 0.2585 -0.9660 -0.0000
vn 0.7071 -0.7071 -0.0000
vn 0.9660 -0.2584 -0.0000
vn 0.2585 0.9660 -0.0000
vn 0.7071 0.7071 -0.0000
vn 0.9660 0.2584 -0.0000
vn 0.2585 -0.0000 0.9660
vn 0.7071 -0.0000 0.7071
vn 0.9660 -0.0000 0.2585
vn -0.0000 -0.9660 0.2585
vn -0.0000 -0.7071 0.7071
vn -0.0000 -0.2585 0.9660
vn -0.0000 0.9660 0.2585
vn -0.0000 0.7071 0.7071
vn -0.0000 0.2585 0.9660
vn -0.0000 -1.0000 -0.0000
vn -1.0000 -0.0000 -0.0000
vn -0.0000 -0.0000 1.0000
vn -0.0000 1.0000 -0.0000
vn -0.0000 -0.0000 -1.0000
vn 1.0000 -0.0000 -0.0000
vt 0.125391 0.749844
vt 0.125391 0.749922
vt 0.125204 0.749918
vt 0.125196 0.749844
vt 0.125391 0.750000
vt 0.125204 0.750000
vt 0.395833 0.999609
vt 0.395833 1.000000
vt 0.375000 0.999796
vt 0.375000 0.999609
vt 0.395833 0.000000
vt 0.395833 0.000078
vt 0.375000 0.000082
vt 0.375000 0.000000
vt 0.395833 0.000156
vt 0.375000 0.000156
vt 0.125000 0.749844
vt 0.125000 0.749918
vt 0.604167 0.999609
vt 0.614570 0.999609
vt 0.614129 1.000000
vt 0.604167 1.000000
vt 0.625000 0.999609
vt 0.625000 1.000000
vt 0.874609 0.749844
vt 0.875000 0.749844
vt 0.875000 0.749918
vt 0.874609 0.750000
vt 0.625000 0.000156
vt 0.614570 0.000156
vt 0.614129 0.000082
vt 0.625000 0.000082
vt 0.604167 0.000156
vt 0.604167 0.000078
vt 0.604167 0.000000
vt 0.614129 0.000000
vt 0.125391 0.500156
vt 0.125196 0.500156
vt 0.125204 0.500082
vt 0.125391 0.500078
vt 0.125000 0.500156
vt 0.125000 0.500082
vt 0.395833 0.249844
vt 0.395833 0.249922
vt 0.375000 0.249918
vt 0.375000 0.249844
vt 0.395833 0.250196
vt 0.375000 0.250204
vt 0.395833 0.250391
vt 0.375000 0.250391
vt 0.125391 0.500000
vt 0.125204 0.500000
vt 0.874609 0.500156
vt 0.874609 0.500000
vt 0.875000 0.500082
vt 0.875000 0.500156
vt 0.625000 0.250391
vt 0.614570 0.250391
vt 0.614129 0.250143
vt 0.625000 0.249946
vt 0.604167 0.250391
vt 0.604167 0.250196
vt 0.604167 0.249922
vt 0.614129 0.249918
vt 0.604167 0.249844
vt 0.614570 0.249844
vt 0.625000 0.249844
vt 0.374609 0.749844
vt 0.374804 0.749844
vt 0.374796 0.749918
vt 0.374609 0.749922
vt 0.385430 0.749844
vt 0.383127 0.749918
vt 0.395833 0.749844
vt 0.395833 0.749922
vt 0.395833 0.750196
vt 0.374898 0.750102
vt 0.395833 0.750391
vt 0.374805 0.750195
vt 0.625391 0.749844
vt 0.625195 0.750195
vt 0.625102 0.750102
vt 0.625196 0.749844
vt 0.614570 0.750391
vt 0.614129 0.750204
vt 0.604167 0.750391
vt 0.604167 0.750196
vt 0.604167 0.749922
vt 0.614129 0.749965
vt 0.604167 0.749844
vt 0.614570 0.749844
vt 0.374609 0.500156
vt 0.374609 0.500078
vt 0.374796 0.500082
vt 0.374804 0.500156
vt 0.374805 0.499805
vt 0.374898 0.499898
vt 0.395833 0.499609
vt 0.395833 0.499804
vt 0.395833 0.500078
vt 0.383127 0.500082
vt 0.395833 0.500156
vt 0.385430 0.500156
vt 0.625391 0.500156
vt 0.625196 0.500156
vt 0.625102 0.499898
vt 0.625195 0.499805
vt 0.614570 0.500156
vt 0.614129 0.500035
vt 0.604167 0.500156
vt 0.604167 0.500078
vt 0.604167 0.499804
vt 0.614129 0.499796
vt 0.604167 0.499609
vt 0.614570 0.499609
s 0
usemtl asphalt
f 1/1/1 4/2/1 6/3/1 5/4/1
f 4/2/2 8/5/2 9/6/2 6/3/2
f 2/7/3 7/8/3 9/9/3 8/10/3
f 7/11/4 11/12/4 12/13/4 9/14/4
f 3/15/5 10/16/5 12/13/5 11/12/5
f 10/17/6 5/4/6 6/3/6 12/18/6
f 6/3/7 9/6/7 12/18/7
f 13/19/8 16/20/8 18/21/8 17/22/8
f 16/20/9 20/23/9 21/24/9 18/21/9
f 14/25/10 19/26/10 21/27/10 20/28/10
f 19/29/11 23/30/11 24/31/11 21/32/11
f 15/33/12 22/34/12 24/31/12 23/30/12
f 22/34/13 17/35/13 18/36/13 24/31/13
f 18/36/14 21/32/14 24/31/14
f 25/37/15 28/38/15 30/39/15 29/40/15
f 28/38/16 32/41/16 33/42/16 30/39/16
f 26/43/17 31/44/17 33/45/17 32/46/17
f 31/44/18 35/47/18 36/48/18 33/45/18
f 27/49/19 34/50/19 36/48/19 35/47/19
f 34/51/20 29/40/20 30/39/20 36/52/20
f 30/39/21 33/42/21 36/52/21
f 37/53/22 40/54/22 42/55/22 41/56/22
f 40/57/23 44/58/23 45/59/23 42/60/23
f 38/61/24 43/62/24 45/59/24 44/58/24
f 43/62/25 47/63/25 48/64/25 45/59/25
f 39/65/26 46/66/26 48/64/26 47/63/26
f 46/66/27 41/67/27 42/60/27 48/64/27
f 42/60/28 45/59/28 48/64/28
f 49/68/29 52/69/29 54/70/29 53/71/29
f 52/69/30 56/72/30 57/73/30 54/70/30
f 50/74/31 55/75/31 57/73/31 56/72/31
f 55/75/32 59/76/32 60/77/32 57/73/32
f 51/78/33 58/79/33 60/77/33 59/76/33
f 58/79/34 53/71/34 54/70/34 60/77/34
f 54/70/35 57/73/35 60/77/35
f 61/80/36 64/81/36 66/82/36 65/83/36
f 64/81/37 68/84/37 69/85/37 66/82/37
f 62/86/38 67/87/38 69/85/38 68/84/38
f 67/87/39 71/88/39 72/89/39 69/85/39
f 63/90/40 70/91/40 72/89/40 71/88/40
f 70/91/41 65/83/41 66/82/41 72/89/41
f 66/82/42 69/85/42 72/89/42
f 73/92/43 76/93/43 78/94/43 77/95/43
f 76/93/44 80/96/44 81/97/44 78/94/44
f 74/98/45 79/99/45 81/97/45 80/96/45
f 79/99/46 83/100/46 84/101/46 81/97/46
f 75/102/47 82/103/47 84/101/47 83/100/47
f 82/103/48 77/95/48 78/94/48 84/101/48
f 78/94/49 81/97/49 84/101/49
f 85/104/50 88/105/50 90/106/50 89/107/50
f 88/105/51 92/108/51 93/109/51 90/106/51
f 86/110/52 91/111/52 93/109/52 92/108/52
f 91/111/53 95/112/53 96/113/53 93/109/53
f 87/114/54 94/115/54 96/113/54 95/112/54
f 94/115/55 89/107/55 90/106/55 96/113/55
f 90/106/56 93/109/56 96/113/56
f 25/37/57 1/1/57 5/4/57 28/38/57
f 28/38/58 5/4/58 10/17/58 32/41/58
f 32/46/59 10/16/59 3/15/59 26/43/59
f 2/7/60 13/19/60 17/22/60 7/8/60
f 7/11/61 17/35/61 22/34/61 11/12/61
f 11/12/62 22/34/62 15/33/62 3/15/62
f 14/25/63 37/53/63 41/56/63 19/26/63
f 19/29/64 41/67/64 46/66/64 23/30/64
f 23/30/65 46/66/65 39/65/65 15/33/65
f 38/61/66 27/49/66 35/47/66 43/62/66
f 43/62/67 35/47/67 31/44/67 47/63/67
f 47/63/68 31/44/68 26/43/68 39/65/68
f 73/92/69 25/37/69 29/40/69 76/93/69
f 76/93/70 29/40/70 34/51/70 80/96/70
f 80/96/71 34/50/71 27/49/71 74/98/71
f 37/53/72 85/104/72 89/107/72 40/54/72
f 40/57/73 89/107/73 94/115/73 44/58/73
f 44/58/74 94/115/74 87/114/74 38/61/74
f 86/110/75 75/102/75 83/100/75 91/111/75
f 91/111/76 83/100/76 79/99/76 95/112/76
f 95/112/77 79/99/77 74/98/77 87/114/77
f 49/68/78 73/92/78 77/95/78 52/69/78
f 52/69/79 77/95/79 82/103/79 56/72/79
f 56/72/80 82/103/80 75/102/80 50/74/80
f 85/104/81 61/80/81 65/83/81 88/105/81
f 88/105/82 65/83/82 70/91/82 92/108/82
f 92/108/83 70/91/83 63/90/83 86/110/83
f 62/86/84 51/78/84 59/76/84 67/87/84
f 67/87/85 59/76/85 55/75/85 71/88/85
f 71/88/86 55/75/86 50/74/86 63/90/86
f 1/1/87 49/68/87 53/71/87 4/2/87
f 4/2/88 53/71/88 58/79/88 8/5/88
f 8/10/89 58/79/89 51/78/89 2/7/89
f 61/80/90 14/25/90 20/28/90 64/81/90
f 64/81/91 20/23/91 16/20/91 68/84/91
f 68/84/92 16/20/92 13/19/92 62/86/92
f 25/37/93 73/92/93 49/68/93 1/1/93
f 3/15/94 15/33/94 39/65/94 26/43/94
f 51/78/95 62/86/95 13/19/95 2/7/95
f 85/104/96 37/53/96 14/25/96 61/80/96
f 27/49/97 38/61/97 87/114/97 74/98/97
f 75/102/98 86/110/98 63/90/98 50/74/98
o lane_mark
v -0.120000 -0.006000 14.240000
v -0.120000 0.004000 14.250000
v -0.130000 0.004000 14.240000
v -0.120000 -0.004664 14.244993
v -0.124993 -0.004664 14.240000
v -0.124782 -0.003366 14.244782
v -0.124993 0.004000 14.248664
v -0.120000 -0.000993 14.248664
v -0.124782 -0.000782 14.247366
v -0.128664 -0.000993 14.240000
v -0.128664 0.004000 14.244993
v -0.127366 -0.000782 14.244782
v -0.120000 0.020000 14.250000
v -0.120000 0.030000 14.240000
v -0.130000 0.020000 14.240000
v -0.120000 0.024993 14.248664
v -0.124993 0.020000 14.248664
v -0.124782 0.024782 14.247366
v -0.124993 0.028664 14.240000
v -0.120000 0.028664 14.244993
v -0.124782 0.027366 14.244782
v -0.128664 0.020000 14.244993
v -0.128664 0.024993 14.240000
v -0.127366 0.024782 14.244782
v -0.120000 -0.006000 11.760000
v -0.130000 0.004000 11.760000
v -0.120000 0.004000 11.750000
v -0.124993 -0.004664 11.760000
v -0.120000 -0.004664 11.755007
v -0.124782 -0.003366 11.755218
v -0.128664 0.004000 11.755007
v -0.128664 -0.000993 11.760000
v -0.127366 -0.000782 11.755218
v -0.120000 -0.000993 11.751336
v -0.124993 0.004000 11.751336
v -0.124782 -0.000782 11.752634
v -0.120000 0.030000 11.760000
v -0.120000 0.020000 11.750000
v -0.130000 0.020000 11.760000
v -0.120000 0.028664 11.755007
v -0.124993 0.028664 11.760000
v -0.124782 0.027366 11.755218
v -0.124993 0.020000 11.751336
v -0.120000 0.024993 11.751336
v -0.124782 0.024782 11.752634
v -0.128664 0.024993 11.760000
v -0.128664 0.020000 11.755007
v -0.127366 0.024782 11.755218
v 0.120000 -0.006000 14.240000
v 0.130000 0.004000 14.240000
v 0.120000 0.004000 14.250000
v 0.124993 -0.004664 14.240000
v 0.120000 -0.004664 14.244993
v 0.124782 -0.003366 14.244782
v 0.128664 0.004000 14.244993
v 0.128664 -0.000993 14.240000
v 0.127366 -0.000782 14.244782
v 0.120000 -0.000993 14.248664
v 0.124993 0.004000 14.248664
v 0.124782 -0.000782 14.247366
v 0.120000 0.030000 14.240000
v 0.120000 0.020000 14.250000
v 0.130000 0.020000 14.240000
v 0.120000 0.028664 14.244993
v 0.124993 0.028664 14.240000
v 0.124782 0.027366 14.244782
v 0.124993 0.020000 14.248664
v 0.120000 0.024993 14.248664
v 0.124782 0.024782 14.247366
v 0.128664 0.024993 14.240000
v 0.128664 0.020000 14.244993
v 0.127366 0.024782 14.244782
v 0.120000 -0.006000 11.760000
v 0.120000 0.004000 11.750000
v 0.130000 0.004000 11.760000
v 0.120000 -0.004664 11.755007
v 0.124993 -0.004664 11.760000
v 0.124782 -0.003366 11.755218
v 0.124993 0.004000 11.751336
v 0.120000 -0.000993 11.751336
v 0.124782 -0.000782 11.752634
v 0.128664 -0.000993 11.760000
v 0.128664 0.004000 11.755007
v 0.127366 -0.000782 11.755218
v 0.120000 0.030000 11.760000
v 0.130000 0.020000 11.760000
v 0.120000 0.020000 11.750000
v 0.124993 0.028664 11.760000
v 0.120000 0.028664 11.755007
v 0.124782 0.027366 11.755218
v 0.128664 0.020000 11.755007
v 0.128664 0.024993 11.760000
v 0.127366 0.024782 11.755218
v 0.120000 0.024993 11.751336
v 0.124993 0.020000 11.751336
v 0.124782 0.024782 11.752634
vn -0.2566 -0.9318 0.2566
vn -0.2178 -0.6901 0.6901
vn -0.2566 -0.2566 0.9318
vn -0.6901 -0.2178 0.6901
vn -0.9318 -0.2566 0.2566
vn -0.6901 -0.6901 0.2178
vn -0.5774 -0.5773 0.5774
vn -0.2566 0.2566 0.9318
vn -0.2178 0.6901 0.6901
vn -0.2566 0.9318 0.2566
vn -0.6901 0.6901 0.2178
vn -0.9318 0.2566 0.2566
vn -0.6901 0.2178 0.6901
vn -0.5774 0.5773 0.5774
vn -0.2566 -0.9318 -0.2566
vn -0.6901 -0.6901 -0.2178
vn -0.9318 -0.2566 -0.2566
vn -0.6901 -0.2178 -0.6901
vn -0.2566 -0.2566 -0.9318
vn -0.2178 -0.6901 -0.6901
vn -0.5774 -0.5773 -0.5774
vn -0.2566 0.9318 -0.2566
vn -0.2178 0.6901 -0.6901
vn -0.2566 0.2566 -0.9318
vn -0.6901 0.2178 -0.6901
vn -0.9318 0.2566 -0.2566
vn -0.6901 0.6901 -0.2178
vn -0.5774 0.5773 -0.5774
vn 0.2566 -0.9318 0.2566
vn 0.6901 -0.6901 0.2178
vn 0.9318 -0.2566 0.2566
vn 0.6901 -0.2178 0.6901
vn 0.2566 -0.2566 0.9318
vn 0.2178 -0.6901 0.6901
vn 0.5774 -0.5773 0.5774
vn 0.2566 0.9318 0.2566
vn 0.2178 0.6901 0.6901
vn 0.2566 0.2566 0.9318
vn 0.6901 0.2178 0.6901
vn 0.9318 0.2566 0.2566
vn 0.6901 0.6901 0.2178
vn 0.5774 0.5773 0.5774
vn 0.2566 -0.9318 -0.2566
vn 0.2178 -0.6901 -0.6901
vn 0.2566 -0.2566 -0.9318
vn 0.6901 -0.2178 -0.6901
vn 0.9318 -0.2566 -0.2566
vn 0.6901 -0.6901 -0.2178
vn 0.5774 -0.5773 -0.5774
vn 0.2566 0.9318 -0.2566
vn 0.6901 0.6901 -0.2178
vn 0.9318 0.2566 -0.2566
vn 0.6901 0.2178 -0.6901
vn 0.2566 0.2566 -0.9318
vn 0.2178 0.6901 -0.6901
vn 0.5774 0.5773 -0.5774
vn -0.2585 -0.9660 -0.0000
vn -0.7071 -0.7071 -0.0000
vn -0.9660 -0.2585 -0.0000
vn -0.2585 -0.0000 0.9660
vn -0.7071 -0.0000 0.7071
vn -0.9660 -0.0000 0.2584
vn -0.2585 0.9660 -0.0000
vn -0.7071 0.7071 -0.0000
vn -0.9660 0.2585 -0.0000
vn -0.2585 -0.0000 -0.9660
vn -0.7071 -0.0000 -0.7071
vn -0.9660 -0.0000 -0.2584
vn -0.0000 -0.9660 -0.2585
vn -0.0000 -0.7071 -0.7071
vn -0.0000 -0.2584 -0.9660
vn -0.0000 0.9660 -0.2585
vn -0.0000 0.7071 -0.7071
vn -0.0000 0.2584 -0.9660
vn 0.9660 -0.0000 -0.2584
vn 0.7071 -0.0000 -0.7071
vn 0.2585 -0.0000 -0.9660
vn 0.2585 -0.9660 -0.0000
vn 0.7071 -0.7071 -0.0000
vn 0.9660 -0.2585 -0.0000
vn 0.2585 0.9660 -0.0000
vn 0.7071 0.7071 -0.0000
vn 0.9660 0.2585 -0.0000
vn 0.2585 -0.0000 0.9660
vn 0.7071 -0.0000 0.7071
vn 0.9660 -0.0000 0.2584
vn -0.0000 -0.9660 0.2585
vn -0.0000 -0.7071 0.7071
vn -0.0000 -0.2584 0.9660
vn -0.0000 0.9660 0.2585
vn -0.0000 0.7071 0.7071
vn -0.0000 0.2584 0.9660
vn -0.0000 -1.0000 -0.0000
vn -1.0000 -0.0000 -0.0000
vn -0.0000 -0.0000 1.0000
vn -0.0000 1.0000 -0.0000
vn -0.0000 -0.0000 -1.0000
vn 1.0000 -0.0000 -0.0000
vt 0.134615 0.749000
vt 0.134615 0.749499
vt 0.130017 0.749478
vt 0.129814 0.749000
vt 0.134615 0.750000
vt 0.130017 0.750000
vt 0.444444 0.990385
vt 0.444444 1.000000
vt 0.375000 0.994983
vt 0.375000 0.990385
vt 0.444444 0.000000
vt 0.444444 0.000501
vt 0.375000 0.000522
vt 0.375000 0.000000
vt 0.444444 0.001000
vt 0.375000 0.001000
vt 0.125000 0.749000
vt 0.125000 0.749478
vt 0.555556 0.990385
vt 0.590232 0.990385
vt 0.588765 0.994983
vt 0.555556 1.000000
vt 0.625000 0.990385
vt 0.625000 0.994983
vt 0.865385 0.749000
vt 0.875000 0.749000
vt 0.869983 0.750000
vt 0.865385 0.750000
vt 0.625000 0.001000
vt 0.590232 0.001000
vt 0.588765 0.000522
vt 0.625000 0.000000
vt 0.555556 0.001000
vt 0.555556 0.000501
vt 0.555556 0.000000
vt 0.588765 0.000263
vt 0.588765 0.997468
vt 0.134615 0.501000
vt 0.129814 0.501000
vt 0.130017 0.500522
vt 0.134615 0.500501
vt 0.125000 0.501000
vt 0.125000 0.500522
vt 0.444444 0.249000
vt 0.444444 0.249499
vt 0.375000 0.249478
vt 0.375000 0.249000
vt 0.444444 0.254814
vt 0.375000 0.255017
vt 0.444444 0.259615
vt 0.375000 0.259615
vt 0.134615 0.500000
vt 0.130017 0.500000
vt 0.865385 0.501000
vt 0.865385 0.500000
vt 0.869983 0.500000
vt 0.875000 0.501000
vt 0.625000 0.259615
vt 0.590232 0.259615
vt 0.588765 0.255017
vt 0.625000 0.253345
vt 0.555556 0.259615
vt 0.555556 0.254814
vt 0.555556 0.249499
vt 0.588765 0.250242
vt 0.555556 0.249000
vt 0.590232 0.249000
vt 0.625000 0.249000
vt 0.365385 0.749000
vt 0.370186 0.749000
vt 0.369983 0.749478
vt 0.365385 0.749499
vt 0.409768 0.749000
vt 0.401543 0.749478
vt 0.444444 0.749000
vt 0.444444 0.749499
vt 0.444444 0.754814
vt 0.372491 0.752509
vt 0.444444 0.759615
vt 0.370192 0.754808
vt 0.634615 0.749000
vt 0.629808 0.754808
vt 0.627509 0.752509
vt 0.629814 0.749000
vt 0.590232 0.759615
vt 0.588765 0.755017
vt 0.555556 0.759615
vt 0.555556 0.754814
vt 0.555556 0.749499
vt 0.588765 0.750242
vt 0.555556 0.749000
vt 0.590232 0.749000
vt 0.365385 0.501000
vt 0.365385 0.500501
vt 0.369983 0.500522
vt 0.370186 0.501000
vt 0.370192 0.495192
vt 0.372491 0.497491
vt 0.444444 0.490385
vt 0.444444 0.495186
vt 0.444444 0.500501
vt 0.401543 0.500522
vt 0.444444 0.501000
vt 0.409768 0.501000
vt 0.634615 0.501000
vt 0.629814 0.501000
vt 0.618364 0.499137
vt 0.629808 0.495192
vt 0.590232 0.501000
vt 0.588765 0.500522
vt 0.555556 0.501000
vt 0.555556 0.500501
vt 0.555556 0.495186
vt 0.588765 0.496303
vt 0.555556 0.490385
vt 0.590232 0.490385
s 0
usemtl road_paint
f 97/116/99 100/117/99 102/118/99 101/119/99
f 100/117/100 104/120/100 105/121/100 102/118/100
f 98/122/101 103/123/101 105/124/101 104/125/101
f 103/126/102 107/127/102 108/128/102 105/129/102
f 99/130/103 106/131/103 108/128/103 107/127/103
f 106/132/104 101/119/104 102/118/104 108/133/104
f 102/118/105 105/121/105 108/133/105
f 109/134/106 112/135/106 114/136/106 113/137/106
f 112/135/107 116/138/107 117/139/107 114/136/107
f 110/140/108 115/141/108 117/142/108 116/143/108
f 115/144/109 119/145/109 120/146/109 117/147/109
f 111/148/110 118/149/110 120/146/110 119/145/110
f 118/149/111 113/150/111 114/151/111 120/146/111
f 114/136/112 117/139/112 120/152/112
f 121/153/113 124/154/113 126/155/113 125/156/113
f 124/154/114 128/157/114 129/158/114 126/155/114
f 122/159/115 127/160/115 129/161/115 128/162/115
f 127/160/116 131/163/116 132/164/116 129/161/116
f 123/165/117 130/166/117 132/164/117 131/163/117
f 130/167/118 125/156/118 126/155/118 132/168/118
f 126/155/119 129/158/119 132/168/119
f 133/169/120 136/170/120 138/171/120 137/172/120
f 136/173/121 140/174/121 141/175/121 138/176/121
f 134/177/122 139/178/122 141/175/122 140/174/122
f 139/178/123 143/179/123 144/180/123 141/175/123
f 135/181/124 142/182/124 144/180/124 143/179/124
f 142/182/125 137/183/125 138/176/125 144/180/125
f 138/176/126 141/175/126 144/180/126
f 145/184/127 148/185/127 150/186/127 149/187/127
f 148/185/128 152/188/128 153/189/128 150/186/128
f 146/190/129 151/191/129 153/189/129 152/188/129
f 151/191/130 155/192/130 156/193/130 153/189/130
f 147/194/131 154/195/131 156/193/131 155/192/131
f 154/195/132 149/187/132 150/186/132 156/193/132
f 150/186/133 153/189/133 156/193/133
f 157/196/134 160/197/134 162/198/134 161/199/134
f 160/197/135 164/200/135 165/201/135 162/198/135
f 158/202/136 163/203/136 165/201/136 164/200/136
f 163/203/137 167/204/137 168/205/137 165/201/137
f 159/206/138 166/207/138 168/205/138 167/204/138
f 166/207/139 161/199/139 162/198/139 168/205/139
f 162/198/140 165/201/140 168/205/140
f 169/208/141 172/209/141 174/210/141 173/211/141
f 172/209/142 176/212/142 177/213/142 174/210/142
f 170/214/143 175/215/143 177/213/143 176/212/143
f 175/215/144 179/216/144 180/217/144 177/213/144
f 171/218/145 178/219/145 180/217/145 179/216/145
f 178/219/146 173/211/146 174/210/146 180/217/146
f 174/210/147 177/213/147 180/217/147
f 181/220/148 184/221/148 186/222/148 185/223/148
f 184/221/149 188/224/149 189/225/149 186/222/149
f 182/226/150 187/227/150 189/225/150 188/224/150
f 187/227/151 191/228/151 192/229/151 189/225/151
f 183/230/152 190/231/152 192/229/152 191/228/152
f 190/231/153 185/223/153 186/222/153 192/229/153
f 186/222/154 189/225/154 192/229/154
f 121/153/155 97/116/155 101/119/155 124/154/155
f 124/154/156 101/119/156 106/132/156 128/157/156
f 128/162/157 106/131/157 99/130/157 122/159/157
f 98/122/158 109/134/158 113/137/158 103/123/158
f 103/126/159 113/150/159 118/149/159 107/127/159
f 107/127/160 118/149/160 111/148/160 99/130/160
f 110/140/161 133/169/161 137/172/161 115/141/161
f 115/144/162 137/183/162 142/182/162 119/145/162
f 119/145/163 142/182/163 135/181/163 111/148/163
f 134/177/164 123/165/164 131/163/164 139/178/164
f 139/178/165 131/163/165 127/160/165 143/179/165
f 143/179/166 127/160/166 122/159/166 135/181/166
f 169/208/167 121/153/167 125/156/167 172/209/167
f 172/209/168 125/156/168 130/167/168 176/212/168
f 176/212/169 130/166/169 123/165/169 170/214/169
f 133/169/170 181/220/170 185/223/170 136/170/170
f 136/173/171 185/223/171 190/231/171 140/174/171
f 140/174/172 190/231/172 183/230/172 134/177/172
f 182/226/173 171/218/173 179/216/173 187/227/173
f 187/227/174 179/216/174 175/215/174 191/228/174
f 191/228/175 175/215/175 170/214/175 183/230/175
f 145/184/176 169/208/176 173/211/176 148/185/176
f 148/185/177 173/211/177 178/219/177 152/188/177
f 152/188/178 178/219/178 171/218/178 146/190/178
f 181/220/179 157/196/179 161/199/179 184/221/179
f 184/221/180 161/199/180 166/207/180 188/224/180
f 188/224/181 166/207/181 159/206/181 182/226/181
f 158/202/182 147/194/182 155/192/182 163/203/182
f 163/203/183 155/192/183 151/191/183 167/204/183
f 167/204/184 151/191/184 146/190/184 159/206/184
f 97/116/185 145/184/185 149/187/185 100/117/185
f 100/117/186 149/187/186 154/195/186 104/120/186
f 104/125/187 154/195/187 147/194/187 98/122/187
f 157/196/188 110/140/188 116/143/188 160/197/188
f 160/197/189 116/138/189 112/135/189 164/200/189
f 164/200/190 112/135/190 109/134/190 158/202/190
f 121/153/191 169/208/191 145/184/191 97/116/191
f 99/130/192 111/148/192 135/181/192 122/159/192
f 147/194/193 158/202/193 109/134/193 98/122/193
f 181/220/194 133/169/194 110/140/194 157/196/194
f 123/165/195 134/177/195 183/230/195 170/214/195
f 171/218/196 182/226/196 159/206/196 146/190/196
o lane_mark.001
v -0.120000 -0.006000 9.240000
v -0.120000 0.004000 9.250000
v -0.130000 0.004000 9.240000
v -0.120000 -0.004664 9.244993
v -0.124993 -0.004664 9.240000
v -0.124782 -0.003366 9.244782
v -0.124993 0.004000 9.248664
v -0.120000 -0.000993 9.248664
v -0.124782 -0.000782 9.247366
v -0.128664 -0.000993 9.240000
v -0.128664 0.004000 9.244993
v -0.127366 -0.000782 9.244782
v -0.120000 0.020000 9.250000
v -0.120000 0.030000 9.240000
v -0.130000 0.020000 9.240000
v -0.120000 0.024993 9.248664
v -0.124993 0.020000 9.248664
v -0.124782 0.024782 9.247366
v -0.124993 0.028664 9.240000
v -0.120000 0.028664 9.244993
v -0.124782 0.027366 9.244782
v -0.128664 0.020000 9.244993
v -0.128664 0.024993 9.240000
v -0.127366 0.024782 9.244782
v -0.120000 -0.006000 6.760000
v -0.130000 0.004000 6.760000
v -0.120000 0.004000 6.750000
v -0.124993 -0.004664 6.760000
v -0.120000 -0.004664 6.755007
v -0.124782 -0.003366 6.755218
v -0.128664 0.004000 6.755007
v -0.128664 -0.000993 6.760000
v -0.127366 -0.000782 6.755218
v -0.120000 -0.000993 6.751336
v -0.124993 0.004000 6.751336
v -0.124782 -0.000782 6.752634
v -0.120000 0.030000 6.760000
v -0.120000 0.020000 6.750000
v -0.130000 0.020000 6.760000
v -0.120000 0.028664 6.755007
v -0.124993 0.028664 6.760000
v -0.124782 0.027366 6.755218
v -0.124993 0.020000 6.751336
v -0.120000 0.024993 6.751336
v -0.124782 0.024782 6.752634
v -0.128664 0.024993 6.760000
v -0.128664 0.020000 6.755007
v -0.127366 0.024782 6.755218
v 0.120000 -0.006000 9.240000
v 0.130000 0.004000 9.240000
v 0.120000 0.004000 9.250000
v 0.124993 -0.004664 9.240000
v 0.120000 -0.004664 9.244993
v 0.124782 -0.003366 9.244782
v 0.128664 0.004000 9.244993
v 0.128664 -0.000993 9.240000
v 0.127366 -0.000782 9.244782
v 0.120000 -0.000993 9.248664
v 0.124993 0.004000 9.248664
v 0.124782 -0.000782 9.247366
v 0.120000 0.030000 9.240000
v 0.120000 0.020000 9.250000
v 0.130000 0.020000 9.240000
v 0.120000 0.028664 9.244993
v 0.124993 0.028664 9.240000
v 0.124782 0.027366 9.244782
v 0.124993 0.020000 9.248664
v 0.120000 0.024993 9.248664
v 0.124782 0.024782 9.247366
v 0.128664 0.024993 9.240000
v 0.128664 0.020000 9.244993
v 0.127366 0.024782 9.244782
v 0.120000 -0.006000 6.760000
v 0.120000 0.004000 6.750000
v 0.130000 0.004000 6.760000
v 0.120000 -0.004664 6.755007
v 0.124993 -0.004664 6.760000
v 0.124782 -0.003366 6.755218
v 0.124993 0.004000 6.751336
v 0.120000 -0.000993 6.751336
v 0.124782 -0.000782 6.752634
v 0.128664 -0.000993 6.760000
v 0.128664 0.004000 6.755007
v 0.127366 -0.000782 6.755218
v 0.120000 0.030000 6.760000
v 0.130000 0.020000 6.760000
v 0.120000 0.020000 6.750000
v 0.124993 0.028664 6.760000
v 0.120000 0.028664 6.755007
v 0.124782 0.027366 6.755218
v 0.128664 0.020000 6.755007
v 0.128664 0.024993 6.760000
v 0.127366 0.024782 6.755218
v 0.120000 0.024993 6.751336
v 0.124993 0.020000 6.751336
v 0.124782 0.024782 6.752634
vn -0.2566 -0.9318 0.2566
vn -0.2178 -0.6901 0.6901
vn -0.2566 -0.2566 0.9318
vn -0.6901 -0.2178 0.6901
vn -0.9318 -0.2566 0.2566
vn -0.6901 -0.6901 0.2178
vn -0.5774 -0.5773 0.5774
vn -0.2566 0.2566 0.9318
vn -0.2178 0.6901 0.6901
vn -0.2566 0.9318 0.2566
vn -0.6901 0.6901 0.2178
vn -0.9318 0.2566 0.2566
vn -0.6901 0.2178 0.6901
vn -0.5774 0.5773 0.5774
vn -0.2566 -0.9318 -0.2566
vn -0.6901 -0.6901 -0.2178
vn -0.9318 -0.2566 -0.2566
vn -0.6901 -0.2178 -0.6901
vn -0.2566 -0.2566 -0.9318
vn -0.2178 -0.6901 -0.6901
vn -0.5774 -0.5773 -0.5774
vn -0.2566 0.9318 -0.2566
vn -0.2178 0.6901 -0.6901
vn -0.2566 0.2566 -0.9318
vn -0.6901 0.2178 -0.6901
vn -0.9318 0.2566 -0.2566
vn -0.6901 0.6901 -0.2178
vn -0.5774 0.5773 -0.5774
vn 0.2566 -0.9318 0.2566
vn 0.6901 -0.6901 0.2178
vn 0.9318 -0.2566 0.2566
vn 0.6901 -0.2178 0.6901
vn 0.2566 -0.2566 0.9318
vn 0.2178 -0.6901 0.6901
vn 0.5774 -0.5773 0.5774
vn 0.2566 0.9318 0.2566
vn 0.2178 0.6901 0.6901
vn 0.2566 0.2566 0.9318
vn 0.6901 0.2178 0.6901
vn 0.9318 0.2566 0.2566
vn 0.6901 0.6901 0.2178
vn 0.5774 0.5773 0.5774
vn 0.2566 -0.9318 -0.2566
vn 0.2178 -0.6901 -0.6901
vn 0.2566 -0.2566 -0.9318
vn 0.6901 -0.2178 -0.6901
vn 0.9318 -0.2566 -0.2566
vn 0.6901 -0.6901 -0.2178
vn 0.5774 -0.5773 -0.5774
vn 0.2566 0.9318 -0.2566
vn 0.6901 0.6901 -0.2178
vn 0.9318 0.2566 -0.2566
vn 0.6901 0.2178 -0.6901
vn 0.2566 0.2566 -0.9318
vn 0.2178 0.6901 -0.6901
vn 0.5774 0.5773 -0.5774
vn -0.2585 -0.9660 -0.0000
vn -0.7071 -0.7071 -0.0000
vn -0.9660 -0.2585 -0.0000
vn -0.2585 -0.0000 0.9660
vn -0.7071 -0.0000 0.7071
vn -0.9660 -0.0000 0.2584
vn -0.2585 0.9660 -0.0000
vn -0.7071 0.7071 -0.0000
vn -0.9660 0.2585 -0.0000
vn -0.2585 -0.0000 -0.9660
vn -0.7071 -0.0000 -0.7071
vn -0.9660 -0.0000 -0.2584
vn -0.0000 -0.9660 -0.2585
vn -0.0000 -0.7071 -0.7071
vn -0.0000 -0.2584 -0.9660
vn -0.0000 0.9660 -0.2585
vn -0.0000 0.7071 -0.7071
vn -0.0000 0.2584 -0.9660
vn 0.9660 -0.0000 -0.2584
vn 0.7071 -0.0000 -0.7071
vn 0.2585 -0.0000 -0.9660
vn 0.2585 -0.9660 -0.0000
vn 0.7071 -0.7071 -0.0000
vn 0.9660 -0.2585 -0.0000
vn 0.2585 0.9660 -0.0000
vn 0.7071 0.7071 -0.0000
vn 0.9660 0.2585 -0.0000
vn 0.2585 -0.0000 0.9660
vn 0.7071 -0.0000 0.7071
vn 0.9660 -0.0000 0.2584
vn -0.0000 -0.9660 0.2585
vn -0.0000 -0.7071 0.7071
vn -0.0000 -0.2584 0.9660
vn -0.0000 0.9660 0.2585
vn -0.0000 0.7071 0.7071
vn -0.0000 0.2584 0.9660
vn -0.0000 -1.0000 -0.0000
vn -1.0000 -0.0000 -0.0000
vn -0.0000 -0.0000 1.0000
vn -0.0000 1.0000 -0.0000
vn -0.0000 -0.0000 -1.0000
vn 1.0000 -0.0000 -0.0000
vt 0.134615 0.749000
vt 0.134615 0.749499
vt 0.130017 0.749478
vt 0.129814 0.749000
vt 0.134615 0.750000
vt 0.130017 0.750000
vt 0.444444 0.990385
vt 0.444444 1.000000
vt 0.375000 0.994983
vt 0.375000 0.990385
vt 0.444444 0.000000
vt 0.444444 0.000501
vt 0.375000 0.000522
vt 0.375000 0.000000
vt 0.444444 0.001000
vt 0.375000 0.001000
vt 0.125000 0.749000
vt 0.125000 0.749478
vt 0.555556 0.990385
vt 0.590232 0.990385
vt 0.588765 0.994983
vt 0.555556 1.000000
vt 0.625000 0.990385
vt 0.625000 0.994983
vt 0.865385 0.749000
vt 0.875000 0.749000
vt 0.869983 0.750000
vt 0.865385 0.750000
vt 0.625000 0.001000
vt 0.590232 0.001000
vt 0.588765 0.000522
vt 0.625000 0.000000
vt 0.555556 0.001000
vt 0.555556 0.000501
vt 0.555556 0.000000
vt 0.588765 0.000263
vt 0.588765 0.997468
vt 0.134615 0.501000
vt 0.129814 0.501000
vt 0.130017 0.500522
vt 0.134615 0.500501
vt 0.125000 0.501000
vt 0.125000 0.500522
vt 0.444444 0.249000
vt 0.444444 0.249499
vt 0.375000 0.249478
vt 0.375000 0.249000
vt 0.444444 0.254814
vt 0.375000 0.255017
vt 0.444444 0.259615
vt 0.375000 0.259615
vt 0.134615 0.500000
vt 0.130017 0.500000
vt 0.865385 0.501000
vt 0.865385 0.500000
vt 0.869983 0.500000
vt 0.875000 0.501000
vt 0.625000 0.259615
vt 0.590232 0.259615
vt 0.588765 0.255017
vt 0.625000 0.253345
vt 0.555556 0.259615
vt 0.555556 0.254814
vt 0.555556 0.249499
vt 0.588765 0.250242
vt 0.555556 0.249000
vt 0.590232 0.249000
vt 0.625000 0.249000
vt 0.365385 0.749000
vt 0.370186 0.749000
vt 0.369983 0.749478
vt 0.365385 0.749499
vt 0.409768 0.749000
vt 0.401543 0.749478
vt 0.444444 0.749000
vt 0.444444 0.749499
vt 0.444444 0.754814
vt 0.372491 0.752509
vt 0.444444 0.759615
vt 0.370192 0.754808
vt 0.634615 0.749000
vt 0.629808 0.754808
vt 0.627509 0.752509
vt 0.629814 0.749000
vt 0.590232 0.759615
vt 0.588765 0.755017
vt 0.555556 0.759615
vt 0.555556 0.754814
vt 0.555556 0.749499
vt 0.588765 0.750242
vt 0.555556 0.749000
vt 0.590232 0.749000
vt 0.365385 0.501000
vt 0.365385 0.500501
vt 0.369983 0.500522
vt 0.370186 0.501000
vt 0.370192 0.495192
vt 0.372491 0.497491
vt 0.444444 0.490385
vt 0.444444 0.495186
vt 0.444444 0.500501
vt 0.401543 0.500522
vt 0.444444 0.501000
vt 0.409768 0.501000
vt 0.634615 0.501000
vt 0.629814 0.501000
vt 0.618364 0.499137
vt 0.629808 0.495192
vt 0.590232 0.501000
vt 0.588765 0.500522
vt 0.555556 0.501000
vt 0.555556 0.500501
vt 0.555556 0.495186
vt 0.588765 0.496303
vt 0.555556 0.490385
vt 0.590232 0.490385
s 0
usemtl road_paint
f 193/232/197 196/233/197 198/234/197 197/235/197
f 196/233/198 200/236/198 201/237/198 198/234/198
f 194/238/199 199/239/199 201/240/199 200/241/199
f 199/242/200 203/243/200 204/244/200 201/245/200
f 195/246/201 202/247/201 204/244/201 203/243/201
f 202/248/202 197/235/202 198/234/202 204/249/202
f 198/234/203 201/237/203 204/249/203
f 205/250/204 208/251/204 210/252/204 209/253/204
f 208/251/205 212/254/205 213/255/205 210/252/205
f 206/256/206 211/257/206 213/258/206 212/259/206
f 211/260/207 215/261/207 216/262/207 213/263/207
f 207/264/208 214/265/208 216/262/208 215/261/208
f 214/265/209 209/266/209 210/267/209 216/262/209
f 210/252/210 213/255/210 216/268/210
f 217/269/211 220/270/211 222/271/211 221/272/211
f 220/270/212 224/273/212 225/274/212 222/271/212
f 218/275/213 223/276/213 225/277/213 224/278/213
f 223/276/214 227/279/214 228/280/214 225/277/214
f 219/281/215 226/282/215 228/280/215 227/279/215
f 226/283/216 221/272/216 222/271/216 228/284/216
f 222/271/217 225/274/217 228/284/217
f 229/285/218 232/286/218 234/287/218 233/288/218
f 232/289/219 236/290/219 237/291/219 234/292/219
f 230/293/220 235/294/220 237/291/220 236/290/220
f 235/294/221 239/295/221 240/296/221 237/291/221
f 231/297/222 238/298/222 240/296/222 239/295/222
f 238/298/223 233/299/223 234/292/223 240/296/223
f 234/292/224 237/291/224 240/296/224
f 241/300/225 244/301/225 246/302/225 245/303/225
f 244/301/226 248/304/226 249/305/226 246/302/226
f 242/306/227 247/307/227 249/305/227 248/304/227
f 247/307/228 251/308/228 252/309/228 249/305/228
f 243/310/229 250/311/229 252/309/229 251/308/229
f 250/311/230 245/303/230 246/302/230 252/309/230
f 246/302/231 249/305/231 252/309/231
f 253/312/232 256/313/232 258/314/232 257/315/232
f 256/313/233 260/316/233 261/317/233 258/314/233
f 254/318/234 259/319/234 261/317/234 260/316/234
f 259/319/235 263/320/235 264/321/235 261/317/235
f 255/322/236 262/323/236 264/321/236 263/320/236
f 262/323/237 257/315/237 258/314/237 264/321/237
f 258/314/238 261/317/238 264/321/238
f 265/324/239 268/325/239 270/326/239 269/327/239
f 268/325/240 272/328/240 273/329/240 270/326/240
f 266/330/241 271/331/241 273/329/241 272/328/241
f 271/331/242 275/332/242 276/333/242 273/329/242
f 267/334/243 274/335/243 276/333/243 275/332/243
f 274/335/244 269/327/244 270/326/244 276/333/244
f 270/326/245 273/329/245 276/333/245
f 277/336/246 280/337/246 282/338/246 281/339/246
f 280/337/247 284/340/247 285/341/247 282/338/247
f 278/342/248 283/343/248 285/341/248 284/340/248
f 283/343/249 287/344/249 288/345/249 285/341/249
f 279/346/250 286/347/250 288/345/250 287/344/250
f 286/347/251 281/339/251 282/338/251 288/345/251
f 282/338/252 285/341/252 288/345/252
f 217/269/253 193/232/253 197/235/253 220/270/253
f 220/270/254 197/235/254 202/248/254 224/273/254
f 224/278/255 202/247/255 195/246/255 218/275/255
f 194/238/256 205/250/256 209/253/256 199/239/256
f 199/242/257 209/266/257 214/265/257 203/243/257
f 203/243/258 214/265/258 207/264/258 195/246/258
f 206/256/259 229/285/259 233/288/259 211/257/259
f 211/260/260 233/299/260 238/298/260 215/261/260
f 215/261/261 238/298/261 231/297/261 207/264/261
f 230/293/262 219/281/262 227/279/262 235/294/262
f 235/294/263 227/279/263 223/276/263 239/295/263
f 239/295/264 223/276/264 218/275/264 231/297/264
f 265/324/265 217/269/265 221/272/265 268/325/265
f 268/325/266 221/272/266 226/283/266 272/328/266
f 272/328/267 226/282/267 219/281/267 266/330/267
f 229/285/268 277/336/268 281/339/268 232/286/268
f 232/289/269 281/339/269 286/347/269 236/290/269
f 236/290/270 286/347/270 279/346/270 230/293/270
f 278/342/271 267/334/271 275/332/271 283/343/271
f 283/343/272 275/332/272 271/331/272 287/344/272
f 287/344/273 271/331/273 266/330/273 279/346/273
f 241/300/274 265/324/274 269/327/274 244/301/274
f 244/301/275 269/327/275 274/335/275 248/304/275
f 248/304/276 274/335/276 267/334/276 242/306/276
f 277/336/277 253/312/277 257/315/277 280/337/277
f 280/337/278 257/315/278 262/323/278 284/340/278
f 284/340/279 262/323/279 255/322/279 278/342/279
f 254/318/280 243/310/280 251/308/280 259/319/280
f 259/319/281 251/308/281 247/307/281 263/320/281
f 263/320/282 247/307/282 242/306/282 255/322/282
f 193/232/283 241/300/283 245/303/283 196/233/283
f 196/233/284 245/303/284 250/311/284 200/236/284
f 200/241/285 250/311/285 243/310/285 194/238/285
f 253/312/286 206/256/286 212/259/286 256/313/286
f 256/313/287 212/254/287 208/251/287 260/316/287
f 260/316/288 208/251/288 205/250/288 254/318/288
f 217/269/289 265/324/289 241/300/289 193/232/289
f 195/246/290 207/264/290 231/297/290 218/275/290
f 243/310/291 254/318/291 205/250/291 194/238/291
f 277/336/292 229/285/292 206/256/292 253/312/292
f 219/281/293 230/293/293 279/346/293 266/330/293
f 267/334/294 278/342/294 255/322/294 242/306/294
o lane_mark.002
v -0.120000 -0.006000 4.240000
v -0.120000 0.004000 4.250000
v -0.130000 0.004000 4.240000
v -0.120000 -0.004664 4.244993
v -0.124993 -0.004664 4.240000
v -0.124782 -0.003366 4.244782
v -0.124993 0.004000 4.248664
v -0.120000 -0.000993 4.248664
v -0.124782 -0.000782 4.247366
v -0.128664 -0.000993 4.240000
v -0.128664 0.004000 4.244993
v -0.127366 -0.000782 4.244782
v -0.120000 0.020000 4.250000
v -0.120000 0.030000 4.240000
v -0.130000 0.020000 4.240000
v -0.120000 0.024993 4.248664
v -0.124993 0.020000 4.248664
v -0.124782 0.024782 4.247366
v -0.124993 0.028664 4.240000
v -0.120000 0.028664 4.244993
v -0.124782 0.027366 4.244782
v -0.128664 0.020000 4.244993
v -0.128664 0.024993 4.240000
v -0.127366 0.024782 4.244782
v -0.120000 -0.006000 1.760000
v -0.130000 0.004000 1.760000
v -0.120000 0.004000 1.750000
v -0.124993 -0.004664 1.760000
v -0.120000 -0.004664 1.755007
v -0.124782 -0.003366 1.755218
v -0.128664 0.004000 1.755007
v -0.128664 -0.000993 1.760000
v -0.127366 -0.000782 1.755218
v -0.120000 -0.000993 1.751336
v -0.124993 0.004000 1.751336
v -0.124782 -0.000782 1.752634
v -0.120000 0.030000 1.760000
v -0.120000 0.020000 1.750000
v -0.130000 0.020000 1.760000
v -0.120000 0.028664 1.755007
v -0.124993 0.028664 1.760000
v -0.124782 0.027366 1.755218
v -0.124993 0.020000 1.751336
v -0.120000 0.024993 1.751336
v -0.124782 0.024782 1.752634
v -0.128664 0.024993 1.760000
v -0.128664 0.020000 1.755007
v -0.127366 0.024782 1.755218
v 0.120000 -0.006000 4.240000
v 0.130000 0.004000 4.240000
v 0.120000 0.004000 4.250000
v 0.124993 -0.004664 4.240000
v 0.120000 -0.004664 4.244993
v 0.124782 -0.003366 4.244782
v 0.128664 0.004000 4.244993
v 0.128664 -0.000993 4.240000
v 0.127366 -0.000782 4.244782
v 0.120000 -0.000993 4.248664
v 0.124993 0.004000 4.248664
v 0.124782 -0.000782 4.247366
v 0.120000 0.030000 4.240000
v 0.120000 0.020000 4.250000
v 0.130000 0.020000 4.240000
v 0.120000 0.028664 4.244993
v 0.124993 0.028664 4.240000
v 0.124782 0.027366 4.244782
v 0.124993 0.020000 4.248664
v 0.120000 0.024993 4.248664
v 0.124782 0.024782 4.247366
v 0.128664 0.024993 4.240000
v 0.128664 0.020000 4.244993
v 0.127366 0.024782 4.244782
v 0.120000 -0.006000 1.760000
v 0.120000 0.004000 1.750000
v 0.130000 0.004000 1.760000
v 0.120000 -0.004664 1.755007
v 0.124993 -0.004664 1.760000
v 0.124782 -0.003366 1.755218
v 0.124993 0.004000 1.751336
v 0.120000 -0.000993 1.751336
v 0.124782 -0.000782 1.752634
v 0.128664 -0.000993 1.760000
v 0.128664 0.004000 1.755007
v 0.127366 -0.000782 1.755218
v 0.120000 0.030000 1.760000
v 0.130000 0.020000 1.760000
v 0.120000 0.020000 1.750000
v 0.124993 0.028664 1.760000
v 0.120000 0.028664 1.755007
v 0.124782 0.027366 1.755218
v 0.128664 0.020000 1.755007
v 0.128664 0.024993 1.760000
v 0.127366 0.024782 1.755218
v 0.120000 0.024993 1.751336
v 0.124993 0.020000 1.751336
v 0.124782 0.024782 1.752634
vn -0.2566 -0.9318 0.2566
vn -0.2178 -0.6901 0.6901
vn -0.2566 -0.2566 0.9318
vn -0.6901 -0.2178 0.6901
vn -0.9318 -0.2566 0.2566
vn -0.6901 -0.6901 0.2178
vn -0.5774 -0.5773 0.5774
vn -0.2566 0.2566 0.9318
vn -0.2178 0.6901 0.6901
vn -0.2566 0.9318 0.2566
vn -0.6901 0.6901 0.2178
vn -0.9318 0.2566 0.2566
vn -0.6901 0.2178 0.6901
vn -0.5774 0.5773 0.5774
vn -0.2566 -0.9318 -0.2566
vn -0.6901 -0.6901 -0.2178
vn -0.9318 -0.2566 -0.2566
vn -0.6901 -0.2178 -0.6901
vn -0.2566 -0.2566 -0.9318
vn -0.2178 -0.6901 -0.6901
vn -0.5774 -0.5773 -0.5774
vn -0.2566 0.9318 -0.2566
vn -0.2178 0.6901 -0.6901
vn -0.2566 0.2566 -0.9318
vn -0.6901 0.2178 -0.6901
vn -0.9318 0.2566 -0.2566
vn -0.6901 0.6901 -0.2178
vn -0.5774 0.5773 -0.5774
vn 0.2566 -0.9318 0.2566
vn 0.6901 -0.6901 0.2178
vn 0.9318 -0.2566 0.2566
vn 0.6901 -0.2178 0.6901
vn 0.2566 -0.2566 0.9318
vn 0.2178 -0.6901 0.6901
vn 0.5774 -0.5773 0.5774
vn 0.2566 0.9318 0.2566
vn 0.2178 0.6901 0.6901
vn 0.2566 0.2566 0.9318
vn 0.6901 0.2178 0.6901
vn 0.9318 0.2566 0.2566
vn 0.6901 0.6901 0.2178
vn 0.5774 0.5773 0.5774
vn 0.2566 -0.9318 -0.2566
vn 0.2178 -0.6901 -0.6901
vn 0.2566 -0.2566 -0.9318
vn 0.6901 -0.2178 -0.6901
vn 0.9318 -0.2566 -0.2566
vn 0.6901 -0.6901 -0.2178
vn 0.5774 -0.5773 -0.5774
vn 0.2566 0.9318 -0.2566
vn 0.6901 0.6901 -0.2178
vn 0.9318 0.2566 -0.2566
vn 0.6901 0.2178 -0.6901
vn 0.2566 0.2566 -0.9318
vn 0.2178 0.6901 -0.6901
vn 0.5774 0.5773 -0.5774
vn -0.2585 -0.9660 -0.0000
vn -0.7071 -0.7071 -0.0000
vn -0.9660 -0.2585 -0.0000
vn -0.2585 -0.0000 0.9660
vn -0.7071 -0.0000 0.7071
vn -0.9660 -0.0000 0.2584
vn -0.2585 0.9660 -0.0000
vn -0.7071 0.7071 -0.0000
vn -0.9660 0.2585 -0.0000
vn -0.2585 -0.0000 -0.9660
vn -0.7071 -0.0000 -0.7071
vn -0.9660 -0.0000 -0.2584
vn -0.0000 -0.9660 -0.2585
vn -0.0000 -0.7071 -0.7071
vn -0.0000 -0.2584 -0.9660
vn -0.0000 0.9660 -0.2585
vn -0.0000 0.7071 -0.7071
vn -0.0000 0.2584 -0.9660
vn 0.9660 -0.0000 -0.2584
vn 0.7071 -0.0000 -0.7071
vn 0.2585 -0.0000 -0.9660
vn 0.2585 -0.9660 -0.0000
vn 0.7071 -0.7071 -0.0000
vn 0.9660 -0.2585 -0.0000
vn 0.2585 0.9660 -0.0000
vn 0.7071 0.7071 -0.0000
vn 0.9660 0.2585 -0.0000
vn 0.2585 -0.0000 0.9660
vn 0.7071 -0.0000 0.7071
vn 0.9660 -0.0000 0.2584
vn -0.0000 -0.9660 0.2585
vn -0.0000 -0.7071 0.7071
vn -0.0000 -0.2584 0.9660
vn -0.0000 0.9660 0.2585
vn -0.0000 0.7071 0.7071
vn -0.0000 0.2584 0.9660
vn -0.0000 -1.0000 -0.0000
vn -1.0000 -0.0000 -0.0000
vn -0.0000 -0.0000 1.0000
vn -0.0000 1.0000 -0.0000
vn -0.0000 -0.0000 -1.0000
vn 1.0000 -0.0000 -0.0000
vt 0.134615 0.749000
vt 0.134615 0.749499
vt 0.130017 0.749478
vt 0.129814 0.749000
vt 0.134615 0.750000
vt 0.130017 0.750000
vt 0.444444 0.990385
vt 0.444444 1.000000
vt 0.375000 0.994983
vt 0.375000 0.990385
vt 0.444444 0.000000
vt 0.444444 0.000501
vt 0.375000 0.000522
vt 0.375000 0.000000
vt 0.444444 0.001000
vt 0.375000 0.001000
vt 0.125000 0.749000
vt 0.125000 0.749478
vt 0.555556 0.990385
vt 0.590232 0.990385
vt 0.588765 0.994983
vt 0.555556 1.000000
vt 0.625000 0.990385
vt 0.625000 0.994983
vt 0.865385 0.749000
vt 0.875000 0.749000
vt 0.869983 0.750000
vt 0.865385 0.750000
vt 0.625000 0.001000
vt 0.590232 0.001000
vt 0.588765 0.000522
vt 0.625000 0.000000
vt 0.555556 0.001000
vt 0.555556 0.000501
vt 0.555556 0.000000
vt 0.588765 0.000263
vt 0.588765 0.997468
vt 0.134615 0.501000
vt 0.129814 0.501000
vt 0.130017 0.500522
vt 0.134615 0.500501
vt 0.125000 0.501000
vt 0.125000 0.500522
vt 0.444444 0.249000
vt 0.444444 0.249499
vt 0.375000 0.249478
vt 0.375000 0.249000
vt 0.444444 0.254814
vt 0.375000 0.255017
vt 0.444444 0.259615
vt 0.375000 0.259615
vt 0.134615 0.500000
vt 0.130017 0.500000
vt 0.865385 0.501000
vt 0.865385 0.500000
vt 0.869983 0.500000
vt 0.875000 0.501000
vt 0.625000 0.259615
vt 0.590232 0.259615
vt 0.588765 0.255017
vt 0.625000 0.253345
vt 0.555556 0.259615
vt 0.555556 0.254814
vt 0.555556 0.249499
vt 0.588765 0.250242
vt 0.555556 0.249000
vt 0.590232 0.249000
vt 0.625000 0.249000
vt 0.365385 0.749000
vt 0.370186 0.749000
vt 0.369983 0.749478
vt 0.365385 0.749499
vt 0.409768 0.749000
vt 0.401543 0.749478
vt 0.444444 0.749000
vt 0.444444 0.749499
vt 0.444444 0.754814
vt 0.372491 0.752509
vt 0.444444 0.759615
vt 0.370192 0.754808
vt 0.634615 0.749000
vt 0.629808 0.754808
vt 0.627509 0.752509
vt 0.629814 0.749000
vt 0.590232 0.759615
vt 0.588765 0.755017
vt 0.555556 0.759615
vt 0.555556 0.754814
vt 0.555556 0.749499
vt 0.588765 0.750242
vt 0.555556 0.749000
vt 0.590232 0.749000
vt 0.365385 0.501000
vt 0.365385 0.500501
vt 0.369983 0.500522
vt 0.370186 0.501000
vt 0.370192 0.495192
vt 0.372491 0.497491
vt 0.444444 0.490385
vt 0.444444 0.495186
vt 0.444444 0.500501
vt 0.401543 0.500522
vt 0.444444 0.501000
vt 0.409768 0.501000
vt 0.634615 0.501000
vt 0.629814 0.501000
vt 0.618364 0.499137
vt 0.629808 0.495192
vt 0.590232 0.501000
vt 0.588765 0.500522
vt 0.555556 0.501000
vt 0.555556 0.500501
vt 0.555556 0.495186
vt 0.588765 0.496303
vt 0.555556 0.490385
vt 0.590232 0.490385
s 0
usemtl road_paint
f 289/348/295 292/349/295 294/350/295 293/351/295
f 292/349/296 296/352/296 297/353/296 294/350/296
f 290/354/297 295/355/297 297/356/297 296/357/297
f 295/358/298 299/359/298 300/360/298 297/361/298
f 291/362/299 298/363/299 300/360/299 299/359/299
f 298/364/300 293/351/300 294/350/300 300/365/300
f 294/350/301 297/353/301 300/365/301
f 301/366/302 304/367/302 306/368/302 305/369/302
f 304/367/303 308/370/303 309/371/303 306/368/303
f 302/372/304 307/373/304 309/374/304 308/375/304
f 307/376/305 311/377/305 312/378/305 309/379/305
f 303/380/306 310/381/306 312/378/306 311/377/306
f 310/381/307 305/382/307 306/383/307 312/378/307
f 306/368/308 309/371/308 312/384/308
f 313/385/309 316/386/309 318/387/309 317/388/309
f 316/386/310 320/389/310 321/390/310 318/387/310
f 314/391/311 319/392/311 321/393/311 320/394/311
f 319/392/312 323/395/312 324/396/312 321/393/312
f 315/397/313 322/398/313 324/396/313 323/395/313
f 322/399/314 317/388/314 318/387/314 324/400/314
f 318/387/315 321/390/315 324/400/315
f 325/401/316 328/402/316 330/403/316 329/404/316
f 328/405/317 332/406/317 333/407/317 330/408/317
f 326/409/318 331/410/318 333/407/318 332/406/318
f 331/410/319 335/411/319 336/412/319 333/407/319
f 327/413/320 334/414/320 336/412/320 335/411/320
f 334/414/321 329/415/321 330/408/321 336/412/321
f 330/408/322 333/407/322 336/412/322
f 337/416/323 340/417/323 342/418/323 341/419/323
f 340/417/324 344/420/324 345/421/324 342/418/324
f 338/422/325 343/423/325 345/421/325 344/420/325
f 343/423/326 347/424/326 348/425/326 345/421/326
f 339/426/327 346/427/327 348/425/327 347/424/327
f 346/427/328 341/419/328 342/418/328 348/425/328
f 342/418/329 345/421/329 348/425/329
f 349/428/330 352/429/330 354/430/330 353/431/330
f 352/429/331 356/432/331 357/433/331 354/430/331
f 350/434/332 355/435/332 357/433/332 356/432/332
f 355/435/333 359/436/333 360/437/333 357/433/333
f 351/438/334 358/439/334 360/437/334 359/436/334
f 358/439/335 353/431/335 354/430/335 360/437/335
f 354/430/336 357/433/336 360/437/336
f 361/440/337 364/441/337 366/442/337 365/443/337
f 364/441/338 368/444/338 369/445/338 366/442/338
f 362/446/339 367/447/339 369/445/339 368/444/339
f 367/447/340 371/448/340 372/449/340 369/445/340
f 363/450/341 370/451/341 372/449/341 371/448/341
f 370/451/342 365/443/342 366/442/342 372/449/342
f 366/442/343 369/445/343 372/449/343
f 373/452/344 376/453/344 378/454/344 377/455/344
f 376/453/345 380/456/345 381/457/345 378/454/345
f 374/458/346 379/459/346 381/457/346 380/456/346
f 379/459/347 383/460/347 384/461/347 381/457/347
f 375/462/348 382/463/348 384/461/348 383/460/348
f 382/463/349 377/455/349 378/454/349 384/461/349
f 378/454/350 381/457/350 384/461/350
f 313/385/351 289/348/351 293/351/351 316/386/351
f 316/386/352 293/351/352 298/364/352 320/389/352
f 320/394/353 298/363/353 291/362/353 314/391/353
f 290/354/354 301/366/354 305/369/354 295/355/354
f 295/358/355 305/382/355 310/381/355 299/359/355
f 299/359/356 310/381/356 303/380/356 291/362/356
f 302/372/357 325/401/357 329/404/357 307/373/357
f 307/376/358 329/415/358 334/414/358 311/377/358
f 311/377/359 334/414/359 327/413/359 303/380/359
f 326/409/360 315/397/360 323/395/360 331/410/360
f 331/410/361 323/395/361 319/392/361 335/411/361
f 335/411/362 319/392/362 314/391/362 327/413/362
f 361/440/363 313/385/363 317/388/363 364/441/363
f 364/441/364 317/388/364 322/399/364 368/444/364
f 368/444/365 322/398/365 315/397/365 362/446/365
f 325/401/366 373/452/366 377/455/366 328/402/366
f 328/405/367 377/455/367 382/463/367 332/406/367
f 332/406/368 382/463/368 375/462/368 326/409/368
f 374/458/369 363/450/369 371/448/369 379/459/369
f 379/459/370 371/448/370 367/447/370 383/460/370
f 383/460/371 367/447/371 362/446/371 375/462/371
f 337/416/372 361/440/372 365/443/372 340/417/372
f 340/417/373 365/443/373 370/451/373 344/420/373
f 344/420/374 370/451/374 363/450/374 338/422/374
f 373/452/375 349/428/375 353/431/375 376/453/375
f 376/453/376 353/431/376 358/439/376 380/456/376
f 380/456/377 358/439/377 351/438/377 374/458/377
f 350/434/378 339/426/378 347/424/378 355/435/378
f 355/435/379 347/424/379 343/423/379 359/436/379
f 359/436/380 343/423/380 338/422/380 351/438/380
f 289/348/381 337/416/381 341/419/381 292/349/381
f 292/349/382 341/419/382 346/427/382 296/352/382
f 296/357/383 346/427/383 339/426/383 290/354/383
f 349/428/384 302/372/384 308/375/384 352/429/384
f 352/429/385 308/370/385 304/367/385 356/432/385
f 356/432/386 304/367/386 301/366/386 350/434/386
f 313/385/387 361/440/387 337/416/387 289/348/387
f 291/362/388 303/380/388 327/413/388 314/391/388
f 339/426/389 350/434/389 301/366/389 290/354/389
f 373/452/390 325/401/390 302/372/390 349/428/390
f 315/397/391 326/409/391 375/462/391 362/446/391
f 363/450/392 374/458/392 351/438/392 338/422/392
o lane_mark.003
v -0.120000 -0.006000 -0.760000
v -0.120000 0.004000 -0.750000
v -0.130000 0.004000 -0.760000
v -0.120000 -0.004664 -0.755007
v -0.124993 -0.004664 -0.760000
v -0.124782 -0.003366 -0.755218
v -0.124993 0.004000 -0.751336
v -0.120000 -0.000993 -0.751336
v -0.124782 -0.000782 -0.752634
v -0.128664 -0.000993 -0.760000
v -0.128664 0.004000 -0.755007
v -0.127366 -0.000782 -0.755218
v -0.120000 0.020000 -0.750000
v -0.120000 0.030000 -0.760000
v -0.130000 0.020000 -0.760000
v -0.120000 0.024993 -0.751336
v -0.124993 0.020000 -0.751336
v -0.124782 0.024782 -0.752634
v -0.124993 0.028664 -0.760000
v -0.120000 0.028664 -0.755007
v -0.124782 0.027366 -0.755218
v -0.128664 0.020000 -0.755007
v -0.128664 0.024993 -0.760000
v -0.127366 0.024782 -0.755218
v -0.120000 -0.006000 -3.240000
v -0.130000 0.004000 -3.240000
v -0.120000 0.004000 -3.250000
v -0.124993 -0.004664 -3.240000
v -0.120000 -0.004664 -3.244993
v -0.124782 -0.003366 -3.244782
v -0.128664 0.004000 -3.244993
v -0.128664 -0.000993 -3.240000
v -0.127366 -0.000782 -3.244782
v -0.120000 -0.000993 -3.248664
v -0.124993 0.004000 -3.248664
v -0.124782 -0.000782 -3.247366
v -0.120000 0.030000 -3.240000
v -0.120000 0.020000 -3.250000
v -0.130000 0.020000 -3.240000
v -0.120000 0.028664 -3.244993
v -0.124993 0.028664 -3.240000
v -0.124782 0.027366 -3.244782
v -0.124993 0.020000 -3.248664
v -0.120000 0.024993 -3.248664
v -0.124782 0.024782 -3.247366
v -0.128664 0.024993 -3.240000
v -0.128664 0.020000 -3.244993
v -0.127366 0.024782 -3.244782
v 0.120000 -0.006000 -0.760000
v 0.130000 0.004000 -0.760000
v 0.120000 0.004000 -0.750000
v 0.124993 -0.004664 -0.760000
v 0.120000 -0.004664 -0.755007
v 0.124782 -0.003366 -0.755218
v 0.128664 0.004000 -0.755007
v 0.128664 -0.000993 -0.760000
v 0.127366 -0.000782 -0.755218
v 0.120000 -0.000993 -0.751336
v 0.124993 0.004000 -0.751336
v 0.124782 -0.000782 -0.752634
v 0.120000 0.030000 -0.760000
v 0.120000 0.020000 -0.750000
v 0.130000 0.020000 -0.760000
v 0.120000 0.028664 -0.755007
v 0.124993 0.028664 -0.760000
v 0.124782 0.027366 -0.755218
v 0.124993 0.020000 -0.751336
v 0.120000 0.024993 -0.751336
v 0.124782 0.024782 -0.752634
v 0.128664 0.024993 -0.760000
v 0.128664 0.020000 -0.755007
v 0.127366 0.024782 -0.755218
v 0.120000 -0.006000 -3.240000
v 0.120000 0.004000 -3.250000
v 0.130000 0.004000 -3.240000
v 0.120000 -0.004664 -3.244993
v 0.124993 -0.004664 -3.240000
v 0.124782 -0.003366 -3.244782
v 0.124993 0.004000 -3.248664
v 0.120000 -0.000993 -3.248664
v 0.124782 -0.000782 -3.247366
v 0.128664 -0.000993 -3.240000
v 0.128664 0.004000 -3.244993
v 0.127366 -0.000782 -3.244782
v 0.120000 0.030000 -3.240000
v 0.130000 0.020000 -3.240000
v 0.120000 0.020000 -3.250000
v 0.124993 0.028664 -3.240000
v 0.120000 0.028664 -3.244993
v 0.124782 0.027366 -3.244782
v 0.128664 0.020000 -3.244993
v 0.128664 0.024993 -3.240000
v 0.127366 0.024782 -3.244782
v 0.120000 0.024993 -3.248664
v 0.124993 0.020000 -3.248664
v 0.124782 0.024782 -3.247366
vn -0.2566 -0.9318 0.2566
vn -0.2178 -0.6901 0.6901
vn -0.2566 -0.2566 0.9318
vn -0.6901 -0.2178 0.6901
vn -0.9318 -0.2566 0.2566
vn -0.6901 -0.6901 0.2178
vn -0.5774 -0.5773 0.5774
vn -0.2566 0.2566 0.9318
vn -0.2178 0.6901 0.6901
vn -0.2566 0.9318 0.2566
vn -0.6901 0.6901 0.2178
vn -0.9318 0.2566 0.2566
vn -0.6901 0.2178 0.6901
vn -0.5774 0.5773 0.5774
vn -0.2566 -0.9318 -0.2566
vn -0.6901 -0.6901 -0.2178
vn -0.9318 -0.2566 -0.2566
vn -0.6901 -0.2178 -0.6901
vn -0.2566 -0.2566 -0.9318
vn -0.2178 -0.6901 -0.6901
vn -0.5774 -0.5773 -0.5774
vn -0.2566 0.9318 -0.2566
vn -0.2178 0.6901 -0.6901
vn -0.2566 0.2566 -0.9318
vn -0.6901 0.2178 -0.6901
vn -0.9318 0.2566 -0.2566
vn -0.6901 0.6901 -0.2178
vn -0.5774 0.5773 -0.5774
vn 0.2566 -0.9318 0.2566
vn 0.6901 -0.6901 0.2178
vn 0.9318 -0.2566 0.2566
vn 0.6901 -0.2178 0.6901
vn 0.2566 -0.2566 0.9318
vn 0.2178 -0.6901 0.6901
vn 0.5774 -0.5773 0.5774
vn 0.2566 0.9318 0.2566
vn 0.2178 0.6901 0.6901
vn 0.2566 0.2566 0.9318
vn 0.6901 0.2178 0.6901
vn 0.9318 0.2566 0.2566
vn 0.6901 0.6901 0.2178
vn 0.5774 0.5773 0.5774
vn 0.2566 -0.9318 -0.2566
vn 0.2178 -0.6901 -0.6901
vn 0.2566 -0.2566 -0.9318
vn 0.6901 -0.2178 -0.6901
vn 0.9318 -0.2566 -0.2566
vn 0.6901 -0.6901 -0.2178
vn 0.5774 -0.5773 -0.5774
vn 0.2566 0.9318 -0.2566
vn 0.6901 0.6901 -0.2178
vn 0.9318 0.2566 -0.2566
vn 0.6901 0.2178 -0.6901
vn 0.2566 0.2566 -0.9318
vn 0.2178 0.6901 -0.6901
vn 0.5774 0.5773 -0.5774
vn -0.2585 -0.9660 -0.0000
vn -0.7071 -0.7071 -0.0000
vn -0.9660 -0.2585 -0.0000
vn -0.2585 -0.0000 0.9660
vn -0.7071 -0.0000 0.7071
vn -0.9660 -0.0000 0.2584
vn -0.2585 0.9660 -0.0000
vn -0.7071 0.7071 -0.0000
vn -0.9660 0.2585 -0.0000
vn -0.2585 -0.0000 -0.9660
vn -0.7071 -0.0000 -0.7071
vn -0.9660 -0.0000 -0.2584
vn -0.0000 -0.9660 -0.2585
vn -0.0000 -0.7071 -0.7071
vn -0.0000 -0.2584 -0.9660
vn -0.0000 0.9660 -0.2585
vn -0.0000 0.7071 -0.7071
vn -0.0000 0.2584 -0.9660
vn 0.9660 -0.0000 -0.2584
vn 0.7071 -0.0000 -0.7071
vn 0.2585 -0.0000 -0.9660
vn 0.2585 -0.9660 -0.0000
vn 0.7071 -0.7071 -0.0000
vn 0.9660 -0.2585 -0.0000
vn 0.2585 0.9660 -0.0000
vn 0.7071 0.7071 -0.0000
vn 0.9660 0.2585 -0.0000
vn 0.2585 -0.0000 0.9660
vn 0.7071 -0.0000 0.7071
vn 0.9660 -0.0000 0.2584
vn -0.0000 -0.9660 0.2585
vn -0.0000 -0.7071 0.7071
vn -0.0000 -0.2584 0.9660
vn -0.0000 0.9660 0.2585
vn -0.0000 0.7071 0.7071
vn -0.0000 0.2584 0.9660
vn -0.0000 -1.0000 -0.0000
vn -1.0000 -0.0000 -0.0000
vn -0.0000 -0.0000 1.0000
vn -0.0000 1.0000 -0.0000
vn -0.0000 -0.0000 -1.0000
vn 1.0000 -0.0000 -0.0000
vt 0.134615 0.749000
vt 0.134615 0.749499
vt 0.130017 0.749478
vt 0.129814 0.749000
vt 0.134615 0.750000
vt 0.130017 0.750000
vt 0.444444 0.990385
vt 0.444444 1.000000
vt 0.375000 0.994983
vt 0.375000 0.990385
vt 0.444444 0.000000
vt 0.444444 0.000501
vt 0.375000 0.000522
vt 0.375000 0.000000
vt 0.444444 0.001000
vt 0.375000 0.001000
vt 0.125000 0.749000
vt 0.125000 0.749478
vt 0.555556 0.990385
vt 0.590232 0.990385
vt 0.588765 0.994983
vt 0.555556 1.000000
vt 0.625000 0.990385
vt 0.625000 0.994983
vt 0.865385 0.749000
vt 0.875000 0.749000
vt 0.869983 0.750000
vt 0.865385 0.750000
vt 0.625000 0.001000
vt 0.590232 0.001000
vt 0.588765 0.000522
vt 0.625000 0.000000
vt 0.555556 0.001000
vt 0.555556 0.000501
vt 0.555556 0.000000
vt 0.588765 0.000263
vt 0.588765 0.997468
vt 0.134615 0.501000
vt 0.129814 0.501000
vt 0.130017 0.500522
vt 0.134615 0.500501
vt 0.125000 0.501000
vt 0.125000 0.500522
vt 0.444444 0.249000
vt 0.444444 0.249499
vt 0.375000 0.249478
vt 0.375000 0.249000
vt 0.444444 0.254814
vt 0.375000 0.255017
vt 0.444444 0.259615
vt 0.375000 0.259615
vt 0.134615 0.500000
vt 0.130017 0.500000
vt 0.865385 0.501000
vt 0.865385 0.500000
vt 0.869983 0.500000
vt 0.875000 0.501000
vt 0.625000 0.259615
vt 0.590232 0.259615
vt 0.588765 0.255017
vt 0.625000 0.253345
vt 0.555556 0.259615
vt 0.555556 0.254814
vt 0.555556 0.249499
vt 0.588765 0.250242
vt 0.555556 0.249000
vt 0.590232 0.249000
vt 0.625000 0.249000
vt 0.365385 0.749000
vt 0.370186 0.749000
vt 0.369983 0.749478
vt 0.365385 0.749499
vt 0.409768 0.749000
vt 0.401543 0.749478
vt 0.444444 0.749000
vt 0.444444 0.749499
vt 0.444444 0.754814
vt 0.372491 0.752509
vt 0.444444 0.759615
vt 0.370192 0.754808
vt 0.634615 0.749000
vt 0.629808 0.754808
vt 0.627509 0.752509
vt 0.629814 0.749000
vt 0.590232 0.759615
vt 0.588765 0.755017
vt 0.555556 0.759615
vt 0.555556 0.754814
vt 0.555556 0.749499
vt 0.588765 0.750242
vt 0.555556 0.749000
vt 0.590232 0.749000
vt 0.365385 0.501000
vt 0.365385 0.500501
vt 0.369983 0.500522
vt 0.370186 0.501000
vt 0.370192 0.495192
vt 0.372491 0.497491
vt 0.444444 0.490385
vt 0.444444 0.495186
vt 0.444444 0.500501
vt 0.401543 0.500522
vt 0.444444 0.501000
vt 0.409768 0.501000
vt 0.634615 0.501000
vt 0.629814 0.501000
vt 0.618364 0.499137
vt 0.629808 0.495192
vt 0.590232 0.501000
vt 0.588765 0.500522
vt 0.555556 0.501000
vt 0.555556 0.500501
vt 0.555556 0.495186
vt 0.588765 0.496303
vt 0.555556 0.490385
vt 0.590232 0.490385
s 0
usemtl road_paint
f 385/464/393 388/465/393 390/466/393 389/467/393
f 388/465/394 392/468/394 393/469/394 390/466/394
f 386/470/395 391/471/395 393/472/395 392/473/395
f 391/474/396 395/475/396 396/476/396 393/477/396
f 387/478/397 394/479/397 396/476/397 395/475/397
f 394/480/398 389/467/398 390/466/398 396/481/398
f 390/466/399 393/469/399 396/481/399
f 397/482/400 400/483/400 402/484/400 401/485/400
f 400/483/401 404/486/401 405/487/401 402/484/401
f 398/488/402 403/489/402 405/490/402 404/491/402
f 403/492/403 407/493/403 408/494/403 405/495/403
f 399/496/404 406/497/404 408/494/404 407/493/404
f 406/497/405 401/498/405 402/499/405 408/494/405
f 402/484/406 405/487/406 408/500/406
f 409/501/407 412/502/407 414/503/407 413/504/407
f 412/502/408 416/505/408 417/506/408 414/503/408
f 410/507/409 415/508/409 417/509/409 416/510/409
f 415/508/410 419/511/410 420/512/410 417/509/410
f 411/513/411 418/514/411 420/512/411 419/511/411
f 418/515/412 413/504/412 414/503/412 420/516/412
f 414/503/413 417/506/413 420/516/413
f 421/517/414 424/518/414 426/519/414 425/520/414
f 424/521/415 428/522/415 429/523/415 426/524/415
f 422/525/416 427/526/416 429/523/416 428/522/416
f 427/526/417 431/527/417 432/528/417 429/523/417
f 423/529/418 430/530/418 432/528/418 431/527/418
f 430/530/419 425/531/419 426/524/419 432/528/419
f 426/524/420 429/523/420 432/528/420
f 433/532/421 436/533/421 438/534/421 437/535/421
f 436/533/422 440/536/422 441/537/422 438/534/422
f 434/538/423 439/539/423 441/537/423 440/536/423
f 439/539/424 443/540/424 444/541/424 441/537/424
f 435/542/425 442/543/425 444/541/425 443/540/425
f 442/543/426 437/535/426 438/534/426 444/541/426
f 438/534/427 441/537/427 444/541/427
f 445/544/428 448/545/428 450/546/428 449/547/428
f 448/545/429 452/548/429 453/549/429 450/546/429
f 446/550/430 451/551/430 453/549/430 452/548/430
f 451/551/431 455/552/431 456/553/431 453/549/431
f 447/554/432 454/555/432 456/553/432 455/552/432
f 454/555/433 449/547/433 450/546/433 456/553/433
f 450/546/434 453/549/434 456/553/434
f 457/556/435 460/557/435 462/558/435 461/559/435
f 460/557/436 464/560/436 465/561/436 462/558/436
f 458/562/437 463/563/437 465/561/437 464/560/437
f 463/563/438 467/564/438 468/565/438 465/561/438
f 459/566/439 466/567/439 468/565/439 467/564/439
f 466/567/440 461/559/440 462/558/440 468/565/440
f 462/558/441 465/561/441 468/565/441
f 469/568/442 472/569/442 474/570/442 473/571/442
f 472/569/443 476/572/443 477/573/443 474/570/443
f 470/574/444 475/575/444 477/573/444 476/572/444
f 475/575/445 479/576/445 480/577/445 477/573/445
f 471/578/446 478/579/446 480/577/446 479/576/446
f 478/579/447 473/571/447 474/570/447 480/577/447
f 474/570/448 477/573/448 480/577/448
f 409/501/449 385/464/449 389/467/449 412/502/449
f 412/502/450 389/467/450 394/480/450 416/505/450
f 416/510/451 394/479/451 387/478/451 410/507/451
f 386/470/452 397/482/452 401/485/452 391/471/452
f 391/474/453 401/498/453 406/497/453 395/475/453
f 395/475/454 406/497/454 399/496/454 387/478/454
f 398/488/455 421/517/455 425/520/455 403/489/455
f 403/492/456 425/531/456 430/530/456 407/493/456
f 407/493/457 430/530/457 423/529/457 399/496/457
f 422/525/458 411/513/458 419/511/458 427/526/458
f 427/526/459 419/511/459 415/508/459 431/527/459
f 431/527/460 415/508/460 410/507/460 423/529/460
f 457/556/461 409/501/461 413/504/461 460/557/461
f 460/557/462 413/504/462 418/515/462 464/560/462
f 464/560/463 418/514/463 411/513/463 458/562/463
f 421/517/464 469/568/464 473/571/464 424/518/464
f 424/521/465 473/571/465 478/579/465 428/522/465
f 428/522/466 478/579/466 471/578/466 422/525/466
f 470/574/467 459/566/467 467/564/467 475/575/467
f 475/575/468 467/564/468 463/563/468 479/576/468
f 479/576/469 463/563/469 458/562/469 471/578/469
f 433/532/470 457/556/470 461/559/470 436/533/470
f 436/533/471 461/559/471 466/567/471 440/536/471
f 440/536/472 466/567/472 459/566/472 434/538/472
f 469/568/473 445/544/473 449/547/473 472/569/473
f 472/569/474 449/547/474 454/555/474 476/572/474
f 476/572/475 454/555/475 447/554/475 470/574/475
f 446/550/476 435/542/476 443/540/476 451/551/476
f 451/551/477 443/540/477 439/539/477 455/552/477
f 455/552/478 439/539/478 434/538/478 447/554/478
f 385/464/479 433/532/479 437/535/479 388/465/479
f 388/465/480 437/535/480 442/543/480 392/468/480
f 392/473/481 442/543/481 435/542/481 386/470/481
f 445/544/482 398/488/482 404/491/482 448/545/482
f 448/545/483 404/486/483 400/483/483 452/548/483
f 452/548/484 400/483/484 397/482/484 446/550/484
f 409/501/485 457/556/485 433/532/485 385/464/485
f 387/478/486 399/496/486 423/529/486 410/507/486
f 435/542/487 446/550/487 397/482/487 386/470/487
f 469/568/488 421/517/488 398/488/488 445/544/488
f 411/513/489 422/525/489 471/578/489 458/562/489
f 459/566/490 470/574/490 447/554/490 434/538/490
o lane_mark.004
v -0.120000 -0.006000 -5.760000
v -0.120000 0.004000 -5.750000
v -0.130000 0.004000 -5.760000
v -0.120000 -0.004664 -5.755007
v -0.124993 -0.004664 -5.760000
v -0.124782 -0.003366 -5.755218
v -0.124993 0.004000 -5.751336
v -0.120000 -0.000993 -5.751336
v -0.124782 -0.000782 -5.752634
v -0.128664 -0.000993 -5.760000
v -0.128664 0.004000 -5.755007
v -0.127366 -0.000782 -5.755218
v -0.120000 0.020000 -5.750000
v -0.120000 0.030000 -5.760000
v -0.130000 0.020000 -5.760000
v -0.120000 0.024993 -5.751336
v -0.124993 0.020000 -5.751336
v -0.124782 0.024782 -5.752634
v -0.124993 0.028664 -5.760000
v -0.120000 0.028664 -5.755007
v -0.124782 0.027366 -5.755218
v -0.128664 0.020000 -5.755007
v -0.128664 0.024993 -5.760000
v -0.127366 0.024782 -5.755218
v -0.120000 -0.006000 -8.240000
v -0.130000 0.004000 -8.240000
v -0.120000 0.004000 -8.250000
v -0.124993 -0.004664 -8.240000
v -0.120000 -0.004664 -8.244993
v -0.124782 -0.003366 -8.244782
v -0.128664 0.004000 -8.244993
v -0.128664 -0.000993 -8.240000
v -0.127366 -0.000782 -8.244782
v -0.120000 -0.000993 -8.248664
v -0.124993 0.004000 -8.248664
v -0.124782 -0.000782 -8.247366
v -0.120000 0.030000 -8.240000
v -0.120000 0.020000 -8.250000
v -0.130000 0.020000 -8.240000
v -0.120000 0.028664 -8.244993
v -0.124993 0.028664 -8.240000
v -0.124782 0.027366 -8.244782
v -0.124993 0.020000 -8.248664
v -0.120000 0.024993 -8.248664
v -0.124782 0.024782 -8.247366
v -0.128664 0.024993 -8.240000
v -0.128664 0.020000 -8.244993
v -0.127366 0.024782 -8.244782
v 0.120000 -0.006000 -5.760000
v 0.130000 0.004000 -5.760000
v 0.120000 0.004000 -5.750000
v 0.124993 -0.004664 -5.760000
v 0.120000 -0.004664 -5.755007
v 0.124782 -0.003366 -5.755218
v 0.128664 0.004000 -5.755007
v 0.128664 -0.000993 -5.760000
v 0.127366 -0.000782 -5.755218
v 0.120000 -0.000993 -5.751336
v 0.124993 0.004000 -5.751336
v 0.124782 -0.000782 -5.752634
v 0.120000 0.030000 -5.760000
v 0.120000 0.020000 -5.750000
v 0.130000 0.020000 -5.760000
v 0.120000 0.028664 -5.755007
v 0.124993 0.028664 -5.760000
v 0.124782 0.027366 -5.755218
v 0.124993 0.020000 -5.751336
v 0.120000 0.024993 -5.751336
v 0.124782 0.024782 -5.752634
v 0.128664 0.024993 -5.760000
v 0.128664 0.020000 -5.755007
v 0.127366 0.024782 -5.755218
v 0.120000 -0.006000 -8.240000
v 0.120000 0.004000 -8.250000
v 0.130000 0.004000 -8.240000
v 0.120000 -0.004664 -8.244993
v 0.124993 -0.004664 -8.240000
v 0.124782 -0.003366 -8.244782
v 0.124993 0.004000 -8.248664
v 0.120000 -0.000993 -8.248664
v 0.124782 -0.000782 -8.247366
v 0.128664 -0.000993 -8.240000
v 0.128664 0.004000 -8.244993
v 0.127366 -0.000782 -8.244782
v 0.120000 0.030000 -8.240000
v 0.130000 0.020000 -8.240000
v 0.120000 0.020000 -8.250000
v 0.124993 0.028664 -8.240000
v 0.120000 0.028664 -8.244993
v 0.124782 0.027366 -8.244782
v 0.128664 0.020000 -8.244993
v 0.128664 0.024993 -8.240000
v 0.127366 0.024782 -8.244782
v 0.120000 0.024993 -8.248664
v 0.124993 0.020000 -8.248664
v 0.124782 0.024782 -8.247366
vn -0.2566 -0.9318 0.2566
vn -0.2178 -0.6901 0.6901
vn -0.2566 -0.2566 0.9318
vn -0.6901 -0.2178 0.6901
vn -0.9318 -0.2566 0.2566
vn -0.6901 -0.6901 0.2178
vn -0.5774 -0.5773 0.5774
vn -0.2566 0.2566 0.9318
vn -0.2178 0.6901 0.6901
vn -0.2566 0.9318 0.2566
vn -0.6901 0.6901 0.2178
vn -0.9318 0.2566 0.2566
vn -0.6901 0.2178 0.6901
vn -0.5774 0.5773 0.5774
vn -0.2566 -0.9318 -0.2566
vn -0.6901 -0.6901 -0.2178
vn -0.9318 -0.2566 -0.2566
vn -0.6901 -0.2178 -0.6901
vn -0.2566 -0.2566 -0.9318
vn -0.2178 -0.6901 -0.6901
vn -0.5774 -0.5773 -0.5774
vn -0.2566 0.9318 -0.2566
vn -0.2178 0.6901 -0.6901
vn -0.2566 0.2566 -0.9318
vn -0.6901 0.2178 -0.6901
vn -0.9318 0.2566 -0.2566
vn -0.6901 0.6901 -0.2178
vn -0.5774 0.5773 -0.5774
vn 0.2566 -0.9318 0.2566
vn 0.6901 -0.6901 0.2178
vn 0.9318 -0.2566 0.2566
vn 0.6901 -0.2178 0.6901
vn 0.2566 -0.2566 0.9318
vn 0.2178 -0.6901 0.6901
vn 0.5774 -0.5773 0.5774
vn 0.2566 0.9318 0.2566
vn 0.2178 0.6901 0.6901
vn 0.2566 0.2566 0.9318
vn 0.6901 0.2178 0.6901
vn 0.9318 0.2566 0.2566
vn 0.6901 0.6901 0.2178
vn 0.5774 0.5773 0.5774
vn 0.2566 -0.9318 -0.2566
vn 0.2178 -0.6901 -0.6901
vn 0.2566 -0.2566 -0.9318
vn 0.6901 -0.2178 -0.6901
vn 0.9318 -0.2566 -0.2566
vn 0.6901 -0.6901 -0.2178
vn 0.5774 -0.5773 -0.5774
vn 0.2566 0.9318 -0.2566
vn 0.6901 0.6901 -0.2178
vn 0.9318 0.2566 -0.2566
vn 0.6901 0.2178 -0.6901
vn 0.2566 0.2566 -0.9318
vn 0.2178 0.6901 -0.6901
vn 0.5774 0.5773 -0.5774
vn -0.2585 -0.9660 -0.0000
vn -0.7071 -0.7071 -0.0000
vn -0.9660 -0.2585 -0.0000
vn -0.2585 -0.0000 0.9660
vn -0.7071 -0.0000 0.7071
vn -0.9660 -0.0000 0.2584
vn -0.2585 0.9660 -0.0000
vn -0.7071 0.7071 -0.0000
vn -0.9660 0.2585 -0.0000
vn -0.2585 -0.0000 -0.9660
vn -0.7071 -0.0000 -0.7071
vn -0.9660 -0.0000 -0.2584
vn -0.0000 -0.9660 -0.2585
vn -0.0000 -0.7071 -0.7071
vn -0.0000 -0.2584 -0.9660
vn -0.0000 0.9660 -0.2585
vn -0.0000 0.7071 -0.7071
vn -0.0000 0.2584 -0.9660
vn 0.9660 -0.0000 -0.2584
vn 0.7071 -0.0000 -0.7071
vn 0.2585 -0.0000 -0.9660
vn 0.2585 -0.9660 -0.0000
vn 0.7071 -0.7071 -0.0000
vn 0.9660 -0.2585 -0.0000
vn 0.2585 0.9660 -0.0000
vn 0.7071 0.7071 -0.0000
vn 0.9660 0.2585 -0.0000
vn 0.2585 -0.0000 0.9660
vn 0.7071 -0.0000 0.7071
vn 0.9660 -0.0000 0.2584
vn -0.0000 -0.9660 0.2585
vn -0.0000 -0.7071 0.7071
vn -0.0000 -0.2584 0.9660
vn -0.0000 0.9660 0.2585
vn -0.0000 0.7071 0.7071
vn -0.0000 0.2584 0.9660
vn -0.0000 -1.0000 -0.0000
vn -1.0000 -0.0000 -0.0000
vn -0.0000 -0.0000 1.0000
vn -0.0000 1.0000 -0.0000
vn -0.0000 -0.0000 -1.0000
vn 1.0000 -0.0000 -0.0000
vt 0.134615 0.749000
vt 0.134615 0.749499
vt 0.130017 0.749478
vt 0.129814 0.749000
vt 0.134615 0.750000
vt 0.130017 0.750000
vt 0.444444 0.990385
vt 0.444444 1.000000
vt 0.375000 0.994983
vt 0.375000 0.990385
vt 0.444444 0.000000
vt 0.444444 0.000501
vt 0.375000 0.000522
vt 0.375000 0.000000
vt 0.444444 0.001000
vt 0.375000 0.001000
vt 0.125000 0.749000
vt 0.125000 0.749478
vt 0.555556 0.990385
vt 0.590232 0.990385
vt 0.588765 0.994983
vt 0.555556 1.000000
vt 0.625000 0.990385
vt 0.625000 0.994983
vt 0.865385 0.749000
vt 0.875000 0.749000
vt 0.869983 0.750000
vt 0.865385 0.750000
vt 0.625000 0.001000
vt 0.590232 0.001000
vt 0.588765 0.000522
vt 0.625000 0.000000
vt 0.555556 0.001000
vt 0.555556 0.000501
vt 0.555556 0.000000
vt 0.588765 0.000263
vt 0.588765 0.997468
vt 0.134615 0.501000
vt 0.129814 0.501000
vt 0.130017 0.500522
vt 0.134615 0.500501
vt 0.125000 0.501000
vt 0.125000 0.500522
vt 0.444444 0.249000
vt 0.444444 0.249499
vt 0.375000 0.249478
vt 0.375000 0.249000
vt 0.444444 0.254814
vt 0.375000 0.255017
vt 0.444444 0.259615
vt 0.375000 0.259615
vt 0.134615 0.500000
vt 0.130017 0.500000
vt 0.865385 0.501000
vt 0.865385 0.500000
vt 0.869983 0.500000
vt 0.875000 0.501000
vt 0.625000 0.259615
vt 0.590232 0.259615
vt 0.588765 0.255017
vt 0.625000 0.253345
vt 0.555556 0.259615
vt 0.555556 0.254814
vt 0.555556 0.249499
vt 0.588765 0.250242
vt 0.555556 0.249000
vt 0.590232 0.249000
vt 0.625000 0.249000
vt 0.365385 0.749000
vt 0.370186 0.749000
vt 0.369983 0.749478
vt 0.365385 0.749499
vt 0.409768 0.749000
vt 0.401543 0.749478
vt 0.444444 0.749000
vt 0.444444 0.749499
vt 0.444444 0.754814
vt 0.372491 0.752509
vt 0.444444 0.759615
vt 0.370192 0.754808
vt 0.634615 0.749000
vt 0.629808 0.754808
vt 0.627509 0.752509
vt 0.629814 0.749000
vt 0.590232 0.759615
vt 0.588765 0.755017
vt 0.555556 0.759615
vt 0.555556 0.754814
vt 0.555556 0.749499
vt 0.588765 0.750242
vt 0.555556 0.749000
vt 0.590232 0.749000
vt 0.365385 0.501000
vt 0.365385 0.500501
vt 0.369983 0.500522
vt 0.370186 0.501000
vt 0.370192 0.495192
vt 0.372491 0.497491
vt 0.444444 0.490385
vt 0.444444 0.495186
vt 0.444444 0.500501
vt 0.401543 0.500522
vt 0.444444 0.501000
vt 0.409768 0.501000
vt 0.634615 0.501000
vt 0.629814 0.501000
vt 0.618364 0.499137
vt 0.629808 0.495192
vt 0.590232 0.501000
vt 0.588765 0.500522
vt 0.555556 0.501000
vt 0.555556 0.500501
vt 0.555556 0.495186
vt 0.588765 0.496303
vt 0.555556 0.490385
vt 0.590232 0.490385
s 0
usemtl road_paint
f 481/580/491 484/581/491 486/582/491 485/583/491
f 484/581/492 488/584/492 489/585/492 486/582/492
f 482/586/493 487/587/493 489/588/493 488/589/493
f 487/590/494 491/591/494 492/592/494 489/593/494
f 483/594/495 490/595/495 492/592/495 491/591/495
f 490/596/496 485/583/496 486/582/496 492/597/496
f 486/582/497 489/585/497 492/597/497
f 493/598/498 496/599/498 498/600/498 497/601/498
f 496/599/499 500/602/499 501/603/499 498/600/499
f 494/604/500 499/605/500 501/606/500 500/607/500
f 499/608/501 503/609/501 504/610/501 501/611/501
f 495/612/502 502/613/502 504/610/502 503/609/502
f 502/613/503 497/614/503 498/615/503 504/610/503
f 498/600/504 501/603/504 504/616/504
f 505/617/505 508/618/505 510/619/505 509/620/505
f 508/618/506 512/621/506 513/622/506 510/619/506
f 506/623/507 511/624/507 513/625/507 512/626/507
f 511/624/508 515/627/508 516/628/508 513/625/508
f 507/629/509 514/630/509 516/628/509 515/627/509
f 514/631/510 509/620/510 510/619/510 516/632/510
f 510/619/511 513/622/511 516/632/511
f 517/633/512 520/634/512 522/635/512 521/636/512
f 520/637/513 524/638/513 525/639/513 522/640/513
f 518/641/514 523/642/514 525/639/514 524/638/514
f 523/642/515 527/643/515 528/644/515 525/639/515
f 519/645/516 526/646/516 528/644/516 527/643/516
f 526/646/517 521/647/517 522/640/517 528/644/517
f 522/640/518 525/639/518 528/644/518
f 529/648/519 532/649/519 534/650/519 533/651/519
f 532/649/520 536/652/520 537/653/520 534/650/520
f 530/654/521 535/655/521 537/653/521 536/652/521
f 535/655/522 539/656/522 540/657/522 537/653/522
f 531/658/523 538/659/523 540/657/523 539/656/523
f 538/659/524 533/651/524 534/650/524 540/657/524
f 534/650/525 537/653/525 540/657/525
f 541/660/526 544/661/526 546/662/526 545/663/526
f 544/661/527 548/664/527 549/665/527 546/662/527
f 542/666/528 547/667/528 549/665/528 548/664/528
f 547/667/529 551/668/529 552/669/529 549/665/529
f 543/670/530 550/671/530 552/669/530 551/668/530
f 550/671/531 545/663/531 546/662/531 552/669/531
f 546/662/532 549/665/532 552/669/532
f 553/672/533 556/673/533 558/674/533 557/675/533
f 556/673/534 560/676/534 561/677/534 558/674/534
f 554/678/535 559/679/535 561/677/535 560/676/535
f 559/679/536 563/680/536 564/681/536 561/677/536
f 555/682/537 562/683/537 564/681/537 563/680/537
f 562/683/538 557/675/538 558/674/538 564/681/538
f 558/674/539 561/677/539 564/681/539
f 565/684/540 568/685/540 570/686/540 569/687/540
f 568/685/541 572/688/541 573/689/541 570/686/541
f 566/690/542 571/691/542 573/689/542 572/688/542
f 571/691/543 575/692/543 576/693/543 573/689/543
f 567/694/544 574/695/544 576/693/544 575/692/544
f 574/695/545 569/687/545 570/686/545 576/693/545
f 570/686/546 573/689/546 576/693/546
f 505/617/547 481/580/547 485/583/547 508/618/547
f 508/618/548 485/583/548 490/596/548 512/621/548
f 512/626/549 490/595/549 483/594/549 506/623/549
f 482/586/550 493/598/550 497/601/550 487/587/550
f 487/590/551 497/614/551 502/613/551 491/591/551
f 491/591/552 502/613/552 495/612/552 483/594/552
f 494/604/553 517/633/553 521/636/553 499/605/553
f 499/608/554 521/647/554 526/646/554 503/609/554
f 503/609/555 526/646/555 519/645/555 495/612/555
f 518/641/556 507/629/556 515/627/556 523/642/556
f 523/642/557 515/627/557 511/624/557 527/643/557
f 527/643/558 511/624/558 506/623/558 519/645/558
f 553/672/559 505/617/559 509/620/559 556/673/559
f 556/673/560 509/620/560 514/631/560 560/676/560
f 560/676/561 514/630/561 507/629/561 554/678/561
f 517/633/562 565/684/562 569/687/562 520/634/562
f 520/637/563 569/687/563 574/695/563 524/638/563
f 524/638/564 574/695/564 567/694/564 518/641/564
f 566/690/565 555/682/565 563/680/565 571/691/565
f 571/691/566 563/680/566 559/679/566 575/692/566
f 575/692/567 559/679/567 554/678/567 567/694/567
f 529/648/568 553/672/568 557/675/568 532/649/568
f 532/649/569 557/675/569 562/683/569 536/652/569
f 536/652/570 562/683/570 555/682/570 530/654/570
f 565/684/571 541/660/571 545/663/571 568/685/571
f 568/685/572 545/663/572 550/671/572 572/688/572
f 572/688/573 550/671/573 543/670/573 566/690/573
f 542/666/574 531/658/574 539/656/574 547/667/574
f 547/667/575 539/656/575 535/655/575 551/668/575
f 551/668/576 535/655/576 530/654/576 543/670/576
f 481/580/577 529/648/577 533/651/577 484/581/577
f 484/581/578 533/651/578 538/659/578 488/584/578
f 488/589/579 538/659/579 531/658/579 482/586/579
f 541/660/580 494/604/580 500/607/580 544/661/580
f 544/661/581 500/602/581 496/599/581 548/664/581
f 548/664/582 496/599/582 493/598/582 542/666/582
f 505/617/583 553/672/583 529/648/583 481/580/583
f 483/594/584 495/612/584 519/645/584 506/623/584
f 531/658/585 542/666/585 493/598/585 482/586/585
f 565/684/586 517/633/586 494/604/586 541/660/586
f 507/629/587 518/641/587 567/694/587 554/678/587
f 555/682/588 566/690/588 543/670/588 530/654/588
o lane_mark.005
v -0.120000 -0.006000 -10.760000
v -0.120000 0.004000 -10.750000
v -0.130000 0.004000 -10.760000
v -0.120000 -0.004664 -10.755007
v -0.124993 -0.004664 -10.760000
v -0.124782 -0.003366 -10.755218
v -0.124993 0.004000 -10.751336
v -0.120000 -0.000993 -10.751336
v -0.124782 -0.000782 -10.752634
v -0.128664 -0.000993 -10.760000
v -0.128664 0.004000 -10.755007
v -0.127366 -0.000782 -10.755218
v -0.120000 0.020000 -10.750000
v -0.120000 0.030000 -10.760000
v -0.130000 0.020000 -10.760000
v -0.120000 0.024993 -10.751336
v -0.124993 0.020000 -10.751336
v -0.124782 0.024782 -10.752634
v -0.124993 0.028664 -10.760000
v -0.120000 0.028664 -10.755007
v -0.124782 0.027366 -10.755218
v -0.128664 0.020000 -10.755007
v -0.128664 0.024993 -10.760000
v -0.127366 0.024782 -10.755218
v -0.120000 -0.006000 -13.240000
v -0.130000 0.004000 -13.240000
v -0.120000 0.004000 -13.250000
v -0.124993 -0.004664 -13.240000
v -0.120000 -0.004664 -13.244993
v -0.124782 -0.003366 -13.244782
v -0.128664 0.004000 -13.244993
v -0.128664 -0.000993 -13.240000
v -0.127366 -0.000782 -13.244782
v -0.120000 -0.000993 -13.248664
v -0.124993 0.004000 -13.248664
v -0.124782 -0.000782 -13.247366
v -0.120000 0.030000 -13.240000
v -0.120000 0.020000 -13.250000
v -0.130000 0.020000 -13.240000
v -0.120000 0.028664 -13.244993
v -0.124993 0.028664 -13.240000
v -0.124782 0.027366 -13.244782
v -0.124993 0.020000 -13.248664
v -0.120000 0.024993 -13.248664
v -0.124782 0.024782 -13.247366
v -0.128664 0.024993 -13.240000
v -0.128664 0.020000 -13.244993
v -0.127366 0.024782 -13.244782
v 0.120000 -0.006000 -10.760000
v 0.130000 0.004000 -10.760000
v 0.120000 0.004000 -10.750000
v 0.124993 -0.004664 -10.760000
v 0.120000 -0.004664 -10.755007
v 0.124782 -0.003366 -10.755218
v 0.128664 0.004000 -10.755007
v 0.128664 -0.000993 -10.760000
v 0.127366 -0.000782 -10.755218
v 0.120000 -0.000993 -10.751336
v 0.124993 0.004000 -10.751336
v 0.124782 -0.000782 -10.752634
v 0.120000 0.030000 -10.760000
v 0.120000 0.020000 -10.750000
v 0.130000 0.020000 -10.760000
v 0.120000 0.028664 -10.755007
v 0.124993 0.028664 -10.760000
v 0.124782 0.027366 -10.755218
v 0.124993 0.020000 -10.751336
v 0.120000 0.024993 -10.751336
v 0.124782 0.024782 -10.752634
v 0.128664 0.024993 -10.760000
v 0.128664 0.020000 -10.755007
v 0.127366 0.024782 -10.755218
v 0.120000 -0.006000 -13.240000
v 0.120000 0.004000 -13.250000
v 0.130000 0.004000 -13.240000
v 0.120000 -0.004664 -13.244993
v 0.124993 -0.004664 -13.240000
v 0.124782 -0.003366 -13.244782
v 0.124993 0.004000 -13.248664
v 0.120000 -0.000993 -13.248664
v 0.124782 -0.000782 -13.247366
v 0.128664 -0.000993 -13.240000
v 0.128664 0.004000 -13.244993
v 0.127366 -0.000782 -13.244782
v 0.120000 0.030000 -13.240000
v 0.130000 0.020000 -13.240000
v 0.120000 0.020000 -13.250000
v 0.124993 0.028664 -13.240000
v 0.120000 0.028664 -13.244993
v 0.124782 0.027366 -13.244782
v 0.128664 0.020000 -13.244993
v 0.128664 0.024993 -13.240000
v 0.127366 0.024782 -13.244782
v 0.120000 0.024993 -13.248664
v 0.124993 0.020000 -13.248664
v 0.124782 0.024782 -13.247366
vn -0.2566 -0.9318 0.2566
vn -0.2178 -0.6901 0.6901
vn -0.2566 -0.2566 0.9318
vn -0.6901 -0.2178 0.6901
vn -0.9318 -0.2566 0.2566
vn -0.6901 -0.6901 0.2178
vn -0.5774 -0.5773 0.5774
vn -0.2566 0.2566 0.9318
vn -0.2178 0.6901 0.6901
vn -0.2566 0.9318 0.2566
vn -0.6901 0.6901 0.2178
vn -0.9318 0.2566 0.2566
vn -0.6901 0.2178 0.6901
vn -0.5774 0.5773 0.5774
vn -0.2566 -0.9318 -0.2566
vn -0.6901 -0.6901 -0.2178
vn -0.9318 -0.2566 -0.2566
vn -0.6901 -0.2178 -0.6901
vn -0.2566 -0.2566 -0.9318
vn -0.2178 -0.6901 -0.6901
vn -0.5774 -0.5773 -0.5774
vn -0.2566 0.9318 -0.2566
vn -0.2178 0.6901 -0.6901
vn -0.2566 0.2566 -0.9318
vn -0.6901 0.2178 -0.6901
vn -0.9318 0.2566 -0.2566
vn -0.6901 0.6901 -0.2178
vn -0.5774 0.5773 -0.5774
vn 0.2566 -0.9318 0.2566
vn 0.6901 -0.6901 0.2178
vn 0.9318 -0.2566 0.2566
vn 0.6901 -0.2178 0.6901
vn 0.2566 -0.2566 0.9318
vn 0.2178 -0.6901 0.6901
vn 0.5774 -0.5773 0.5774
vn 0.2566 0.9318 0.2566
vn 0.2178 0.6901 0.6901
vn 0.2566 0.2566 0.9318
vn 0.6901 0.2178 0.6901
vn 0.9318 0.2566 0.2566
vn 0.6901 0.6901 0.2178
vn 0.5774 0.5773 0.5774
vn 0.2566 -0.9318 -0.2566
vn 0.2178 -0.6901 -0.6901
vn 0.2566 -0.2566 -0.9318
vn 0.6901 -0.2178 -0.6901
vn 0.9318 -0.2566 -0.2566
vn 0.6901 -0.6901 -0.2178
vn 0.5774 -0.5773 -0.5774
vn 0.2566 0.9318 -0.2566
vn 0.6901 0.6901 -0.2178
vn 0.9318 0.2566 -0.2566
vn 0.6901 0.2178 -0.6901
vn 0.2566 0.2566 -0.9318
vn 0.2178 0.6901 -0.6901
vn 0.5774 0.5773 -0.5774
vn -0.2585 -0.9660 -0.0000
vn -0.7071 -0.7071 -0.0000
vn -0.9660 -0.2585 -0.0000
vn -0.2585 -0.0000 0.9660
vn -0.7071 -0.0000 0.7071
vn -0.9660 -0.0000 0.2584
vn -0.2585 0.9660 -0.0000
vn -0.7071 0.7071 -0.0000
vn -0.9660 0.2585 -0.0000
vn -0.2585 -0.0000 -0.9660
vn -0.7071 -0.0000 -0.7071
vn -0.9660 -0.0000 -0.2584
vn -0.0000 -0.9660 -0.2585
vn -0.0000 -0.7071 -0.7071
vn -0.0000 -0.2584 -0.9660
vn -0.0000 0.9660 -0.2585
vn -0.0000 0.7071 -0.7071
vn -0.0000 0.2584 -0.9660
vn 0.9660 -0.0000 -0.2584
vn 0.7071 -0.0000 -0.7071
vn 0.2585 -0.0000 -0.9660
vn 0.2585 -0.9660 -0.0000
vn 0.7071 -0.7071 -0.0000
vn 0.9660 -0.2585 -0.0000
vn 0.2585 0.9660 -0.0000
vn 0.7071 0.7071 -0.0000
vn 0.9660 0.2585 -0.0000
vn 0.2585 -0.0000 0.9660
vn 0.7071 -0.0000 0.7071
vn 0.9660 -0.0000 0.2584
vn -0.0000 -0.9660 0.2585
vn -0.0000 -0.7071 0.7071
vn -0.0000 -0.2584 0.9660
vn -0.0000 0.9660 0.2585
vn -0.0000 0.7071 0.7071
vn -0.0000 0.2584 0.9660
vn -0.0000 -1.0000 -0.0000
vn -1.0000 -0.0000 -0.0000
vn -0.0000 -0.0000 1.0000
vn -0.0000 1.0000 -0.0000
vn -0.0000 -0.0000 -1.0000
vn 1.0000 -0.0000 -0.0000
vt 0.134615 0.749000
vt 0.134615 0.749499
vt 0.130017 0.749478
vt 0.129814 0.749000
vt 0.134615 0.750000
vt 0.130017 0.750000
vt 0.444444 0.990385
vt 0.444444 1.000000
vt 0.375000 0.994983
vt 0.375000 0.990385
vt 0.444444 0.000000
vt 0.444444 0.000501
vt 0.375000 0.000522
vt 0.375000 0.000000
vt 0.444444 0.001000
vt 0.375000 0.001000
vt 0.125000 0.749000
vt 0.125000 0.749478
vt 0.555556 0.990385
vt 0.590232 0.990385
vt 0.588765 0.994983
vt 0.555556 1.000000
vt 0.625000 0.990385
vt 0.625000 0.994983
vt 0.865385 0.749000
vt 0.875000 0.749000
vt 0.869983 0.750000
vt 0.865385 0.750000
vt 0.625000 0.001000
vt 0.590232 0.001000
vt 0.588765 0.000522
vt 0.625000 0.000000
vt 0.555556 0.001000
vt 0.555556 0.000501
vt 0.555556 0.000000
vt 0.588765 0.000263
vt 0.588765 0.997468
vt 0.134615 0.501000
vt 0.129814 0.501000
vt 0.130017 0.500522
vt 0.134615 0.500501
vt 0.125000 0.501000
vt 0.125000 0.500522
vt 0.444444 0.249000
vt 0.444444 0.249499
vt 0.375000 0.249478
vt 0.375000 0.249000
vt 0.444444 0.254814
vt 0.375000 0.255017
vt 0.444444 0.259615
vt 0.375000 0.259615
vt 0.134615 0.500000
vt 0.130017 0.500000
vt 0.865385 0.501000
vt 0.865385 0.500000
vt 0.869983 0.500000
vt 0.875000 0.501000
vt 0.625000 0.259615
vt 0.590232 0.259615
vt 0.588765 0.255017
vt 0.625000 0.253345
vt 0.555556 0.259615
vt 0.555556 0.254814
vt 0.555556 0.249499
vt 0.588765 0.250242
vt 0.555556 0.249000
vt 0.590232 0.249000
vt 0.625000 0.249000
vt 0.365385 0.749000
vt 0.370186 0.749000
vt 0.369983 0.749478
vt 0.365385 0.749499
vt 0.409768 0.749000
vt 0.401543 0.749478
vt 0.444444 0.749000
vt 0.444444 0.749499
vt 0.444444 0.754814
vt 0.372491 0.752509
vt 0.444444 0.759615
vt 0.370192 0.754808
vt 0.634615 0.749000
vt 0.629808 0.754808
vt 0.627509 0.752509
vt 0.629814 0.749000
vt 0.590232 0.759615
vt 0.588765 0.755017
vt 0.555556 0.759615
vt 0.555556 0.754814
vt 0.555556 0.749499
vt 0.588765 0.750242
vt 0.555556 0.749000
vt 0.590232 0.749000
vt 0.365385 0.501000
vt 0.365385 0.500501
vt 0.369983 0.500522
vt 0.370186 0.501000
vt 0.370192 0.495192
vt 0.372491 0.497491
vt 0.444444 0.490385
vt 0.444444 0.495186
vt 0.444444 0.500501
vt 0.401543 0.500522
vt 0.444444 0.501000
vt 0.409768 0.501000
vt 0.634615 0.501000
vt 0.629814 0.501000
vt 0.618364 0.499137
vt 0.629808 0.495192
vt 0.590232 0.501000
vt 0.588765 0.500522
vt 0.555556 0.501000
vt 0.555556 0.500501
vt 0.555556 0.495186
vt 0.588765 0.496303
vt 0.555556 0.490385
vt 0.590232 0.490385
s 0
usemtl road_paint
f 577/696/589 580/697/589 582/698/589 581/699/589
f 580/697/590 584/700/590 585/701/590 582/698/590
f 578/702/591 583/703/591 585/704/591 584/705/591
f 583/706/592 587/707/592 588/708/592 585/709/592
f 579/710/593 586/711/593 588/708/593 587/707/593
f 586/712/594 581/699/594 582/698/594 588/713/594
f 582/698/595 585/701/595 588/713/595
f 589/714/596 592/715/596 594/716/596 593/717/596
f 592/715/597 596/718/597 597/719/597 594/716/597
f 590/720/598 595/721/598 597/722/598 596/723/598
f 595/724/599 599/725/599 600/726/599 597/727/599
f 591/728/600 598/729/600 600/726/600 599/725/600
f 598/729/601 593/730/601 594/731/601 600/726/601
f 594/716/602 597/719/602 600/732/602
f 601/733/603 604/734/603 606/735/603 605/736/603
f 604/734/604 608/737/604 609/738/604 606/735/604
f 602/739/605 607/740/605 609/741/605 608/742/605
f 607/740/606 611/743/606 612/744/606 609/741/606
f 603/745/607 610/746/607 612/744/607 611/743/607
f 610/747/608 605/736/608 606/735/608 612/748/608
f 606/735/609 609/738/609 612/748/609
f 613/749/610 616/750/610 618/751/610 617/752/610
f 616/753/611 620/754/611 621/755/611 618/756/611
f 614/757/612 619/758/612 621/755/612 620/754/612
f 619/758/613 623/759/613 624/760/613 621/755/613
f 615/761/614 622/762/614 624/760/614 623/759/614
f 622/762/615 617/763/615 618/756/615 624/760/615
f 618/756/616 621/755/616 624/760/616
f 625/764/617 628/765/617 630/766/617 629/767/617
f 628/765/618 632/768/618 633/769/618 630/766/618
f 626/770/619 631/771/619 633/769/619 632/768/619
f 631/771/620 635/772/620 636/773/620 633/769/620
f 627/774/621 634/775/621 636/773/621 635/772/621
f 634/775/622 629/767/622 630/766/622 636/773/622
f 630/766/623 633/769/623 636/773/623
f 637/776/624 640/777/624 642/778/624 641/779/624
f 640/777/625 644/780/625 645/781/625 642/778/625
f 638/782/626 643/783/626 645/781/626 644/780/626
f 643/783/627 647/784/627 648/785/627 645/781/627
f 639/786/628 646/787/628 648/785/628 647/784/628
f 646/787/629 641/779/629 642/778/629 648/785/629
f 642/778/630 645/781/630 648/785/630
f 649/788/631 652/789/631 654/790/631 653/791/631
f 652/789/632 656/792/632 657/793/632 654/790/632
f 650/794/633 655/795/633 657/793/633 656/792/633
f 655/795/634 659/796/634 660/797/634 657/793/634
f 651/798/635 658/799/635 660/797/635 659/796/635
f 658/799/636 653/791/636 654/790/636 660/797/636
f 654/790/637 657/793/637 660/797/637
f 661/800/638 664/801/638 666/802/638 665/803/638
f 664/801/639 668/804/639 669/805/639 666/802/639
f 662/806/640 667/807/640 669/805/640 668/804/640
f 667/807/641 671/808/641 672/809/641 669/805/641
f 663/810/642 670/811/642 672/809/642 671/808/642
f 670/811/643 665/803/643 666/802/643 672/809/643
f 666/802/644 669/805/644 672/809/644
f 601/733/645 577/696/645 581/699/645 604/734/645
f 604/734/646 581/699/646 586/712/646 608/737/646
f 608/742/647 586/711/647 579/710/647 602/739/647
f 578/702/648 589/714/648 593/717/648 583/703/648
f 583/706/649 593/730/649 598/729/649 587/707/649
f 587/707/650 598/729/650 591/728/650 579/710/650
f 590/720/651 613/749/651 617/752/651 595/721/651
f 595/724/652 617/763/652 622/762/652 599/725/652
f 599/725/653 622/762/653 615/761/653 591/728/653
f 614/757/654 603/745/654 611/743/654 619/758/654
f 619/758/655 611/743/655 607/740/655 623/759/655
f 623/759/656 607/740/656 602/739/656 615/761/656
f 649/788/657 601/733/657 605/736/657 652/789/657
f 652/789/658 605/736/658 610/747/658 656/792/658
f 656/792/659 610/746/659 603/745/659 650/794/659
f 613/749/660 661/800/660 665/803/660 616/750/660
f 616/753/661 665/803/661 670/811/661 620/754/661
f 620/754/662 670/811/662 663/810/662 614/757/662
f 662/806/663 651/798/663 659/796/663 667/807/663
f 667/807/664 659/796/664 655/795/664 671/808/664
f 671/808/665 655/795/665 650/794/665 663/810/665
f 625/764/666 649/788/666 653/791/666 628/765/666
f 628/765/667 653/791/667 658/799/667 632/768/667
f 632/768/668 658/799/668 651/798/668 626/770/668
f 661/800/669 637/776/669 641/779/669 664/801/669
f 664/801/670 641/779/670 646/787/670 668/804/670
f 668/804/671 646/787/671 639/786/671 662/806/671
f 638/782/672 627/774/672 635/772/672 643/783/672
f 643/783/673 635/772/673 631/771/673 647/784/673
f 647/784/674 631/771/674 626/770/674 639/786/674
f 577/696/675 625/764/675 629/767/675 580/697/675
f 580/697/676 629/767/676 634/775/676 584/700/676
f 584/705/677 634/775/677 627/774/677 578/702/677
f 637/776/678 590/720/678 596/723/678 640/777/678
f 640/777/679 596/718/679 592/715/679 644/780/679
f 644/780/680 592/715/680 589/714/680 638/782/680
f 601/733/681 649/788/681 625/764/681 577/696/681
f 579/710/682 591/728/682 615/761/682 602/739/682
f 627/774/683 638/782/683 589/714/683 578/702/683
f 661/800/684 613/749/684 590/720/684 637/776/684
f 603/745/685 614/757/685 663/810/685 650/794/685
f 651/798/686 662/806/686 639/786/686 626/770/686
o torso
v 0.000000 5.400000 0.000000
v 0.000000 5.223043 -0.233339
v 0.000000 4.933349 -0.349217
v 0.000000 4.554845 -0.411930
v 0.000000 4.350000 -0.420000
v 0.000000 4.145155 -0.411930
v 0.000000 3.766651 -0.349217
v 0.000000 3.300000 0.000000
v 0.027784 5.379825 -0.080364
v 0.054500 5.320073 -0.157639
v 0.079122 5.223043 -0.228856
v 0.100703 5.092462 -0.291278
v 0.118415 4.933349 -0.342507
v 0.131575 4.751818 -0.380573
v 0.139679 4.554845 -0.404015
v 0.142416 4.350000 -0.411930
v 0.139679 4.145155 -0.404015
v 0.131575 3.948182 -0.380573
v 0.118415 3.766651 -0.342507
v 0.100703 3.607538 -0.291278
v 0.079122 3.476957 -0.228856
v 0.054500 3.379926 -0.157639
v 0.027784 3.320175 -0.080364
v 0.054500 5.379825 -0.075701
v 0.106906 5.320073 -0.148492
v 0.155204 5.223043 -0.215578
v 0.197537 5.092462 -0.274378
v 0.232278 4.933349 -0.322635
v 0.258094 4.751818 -0.358492
v 0.273991 4.554845 -0.380573
v 0.279359 4.350000 -0.388029
v 0.273991 4.145155 -0.380573
v 0.258094 3.948182 -0.358492
v 0.232278 3.766651 -0.322635
v 0.197537 3.607538 -0.274378
v 0.155204 3.476957 -0.215578
v 0.106906 3.379926 -0.148492
v 0.054500 3.320175 -0.075701
v 0.079122 5.379825 -0.068129
v 0.155204 5.320073 -0.133640
v 0.225321 5.223043 -0.194015
v 0.286779 5.092462 -0.246934
v 0.337216 4.933349 -0.290363
v 0.374694 4.751818 -0.322635
v 0.397773 4.554845 -0.342507
v 0.405566 4.350000 -0.349217
v 0.397773 4.145155 -0.342507
v 0.374694 3.948182 -0.322635
v 0.337216 3.766651 -0.290363
v 0.286779 3.607538 -0.246934
v 0.225321 3.476957 -0.194015
v 0.155204 3.379926 -0.133640
v 0.079122 3.320175 -0.068129
v 0.100703 5.379825 -0.057939
v 0.197537 5.320073 -0.113651
v 0.286779 5.223043 -0.164996
v 0.365000 5.092462 -0.210000
v 0.429195 4.933349 -0.246934
v 0.476895 4.751818 -0.274378
v 0.506270 4.554845 -0.291278
v 0.516188 4.350000 -0.296985
v 0.506270 4.145155 -0.291278
v 0.476895 3.948182 -0.274378
v 0.429195 3.766651 -0.246934
v 0.365000 3.607538 -0.210000
v 0.286779 3.476957 -0.164996
v 0.197537 3.379926 -0.113651
v 0.100703 3.320175 -0.057939
v 0.118415 5.379825 -0.045522
v 0.232278 5.320073 -0.089295
v 0.337216 5.223043 -0.129636
v 0.429195 5.092462 -0.164996
v 0.504679 4.933349 -0.194015
v 0.560770 4.751818 -0.215578
v 0.595310 4.554845 -0.228856
v 0.606973 4.350000 -0.233339
v 0.595310 4.145155 -0.228856
v 0.560770 3.948182 -0.215578
v 0.504679 3.766651 -0.194015
v 0.429195 3.607538 -0.164996
v 0.337216 3.476957 -0.129636
v 0.232278 3.379926 -0.089295
v 0.118415 3.320175 -0.045522
v 0.131575 5.379825 -0.031356
v 0.258094 5.320073 -0.061508
v 0.374694 5.223043 -0.089295
v 0.476895 5.092462 -0.113651
v 0.560770 4.933349 -0.133640
v 0.623094 4.751818 -0.148492
v 0.661473 4.554845 -0.157639
v 0.674432 4.350000 -0.160727
v 0.661473 4.145155 -0.157639
v 0.623094 3.948182 -0.148492
v 0.560770 3.766651 -0.133640
v 0.476895 3.607538 -0.113651
v 0.374694 3.476957 -0.089295
v 0.258094 3.379926 -0.061508
v 0.131575 3.320175 -0.031356
v 0.139679 5.379825 -0.015985
v 0.273991 5.320073 -0.031356
v 0.397773 5.223043 -0.045522
v 0.506270 5.092462 -0.057939
v 0.595310 4.933349 -0.068129
v 0.661473 4.751818 -0.075701
v 0.702216 4.554845 -0.080363
v 0.715973 4.350000 -0.081938
v 0.702216 4.145155 -0.080363
v 0.661473 3.948182 -0.075701
v 0.595310 3.766651 -0.068129
v 0.506270 3.607538 -0.057939
v 0.397773 3.476957 -0.045522
v 0.273991 3.379926 -0.031356
v 0.139679 3.320175 -0.015985
v 0.142416 5.379825 0.000000
v 0.279359 5.320073 0.000000
v 0.405566 5.223043 0.000000
v 0.516188 5.092462 -0.000000
v 0.606973 4.933349 0.000000
v 0.674432 4.751818 -0.000000
v 0.715973 4.554845 0.000000
v 0.730000 4.350000 0.000000
v 0.715973 4.145155 0.000000
v 0.674432 3.948182 -0.000000
v 0.606973 3.766651 0.000000
v 0.516188 3.607538 -0.000000
v 0.405566 3.476957 0.000000
v 0.279359 3.379926 0.000000
v 0.142416 3.320175 0.000000
v 0.139679 5.379825 0.015985
v 0.273991 5.320073 0.031356
v 0.397773 5.223043 0.045522
v 0.506270 5.092462 0.057939
v 0.595310 4.933349 0.068129
v 0.661473 4.751818 0.075701
v 0.702216 4.554845 0.080364
v 0.715973 4.350000 0.081938
v 0.702216 4.145155 0.080364
v 0.661473 3.948182 0.075701
v 0.595310 3.766651 0.068129
v 0.506270 3.607538 0.057939
v 0.397773 3.476957 0.045522
v 0.273991 3.379926 0.031356
v 0.139679 3.320175 0.015985
v 0.131575 5.379825 0.031356
v 0.258094 5.320073 0.061508
v 0.374694 5.223043 0.089295
v 0.476895 5.092462 0.113651
v 0.560770 4.933349 0.133640
v 0.623094 4.751818 0.148492
v 0.661473 4.554845 0.157639
v 0.674432 4.350000 0.160727
v 0.661473 4.145155 0.157639
v 0.623094 3.948182 0.148492
v 0.560770 3.766651 0.133640
v 0.476895 3.607538 0.113651
v 0.374694 3.476957 0.089295
v 0.258094 3.379926 0.061508
v 0.131575 3.320175 0.031356
v 0.118414 5.379825 0.045522
v 0.232278 5.320073 0.089295
v 0.337216 5.223043 0.129636
v 0.429195 5.092462 0.164996
v 0.504679 4.933349 0.194015
v 0.560770 4.751818 0.215578
v 0.595310 4.554845 0.228856
v 0.606972 4.350000 0.233339
v 0.595310 4.145155 0.228856
v 0.560770 3.948182 0.215578
v 0.504679 3.766651 0.194015
v 0.429195 3.607538 0.164996
v 0.337216 3.476957 0.129636
v 0.232278 3.379926 0.089295
v 0.118414 3.320175 0.045522
v 0.100703 5.379825 0.057939
v 0.197537 5.320073 0.113651
v 0.286779 5.223043 0.164996
v 0.365000 5.092462 0.210000
v 0.429194 4.933349 0.246934
v 0.476895 4.751818 0.274378
v 0.506269 4.554845 0.291278
v 0.516188 4.350000 0.296985
v 0.506269 4.145155 0.291278
v 0.476895 3.948182 0.274378
v 0.429194 3.766651 0.246934
v 0.365000 3.607538 0.210000
v 0.286779 3.476957 0.164996
v 0.197537 3.379926 0.113651
v 0.100703 3.320175 0.057939
v 0.079122 5.379825 0.068129
v 0.155203 5.320073 0.133640
v 0.225320 5.223043 0.194015
v 0.286779 5.092462 0.246934
v 0.337216 4.933349 0.290363
v 0.374694 4.751818 0.322635
v 0.397773 4.554845 0.342507
v 0.405566 4.350000 0.349217
v 0.397773 4.145155 0.342507
v 0.374694 3.948182 0.322635
v 0.337216 3.766651 0.290363
v 0.286779 3.607538 0.246934
v 0.225320 3.476957 0.194015
v 0.155203 3.379926 0.133640
v 0.079122 3.320175 0.068129
v 0.054500 5.379825 0.075701
v 0.106906 5.320073 0.148492
v 0.155203 5.223043 0.215578
v 0.197537 5.092462 0.274378
v 0.232278 4.933349 0.322635
v 0.258094 4.751818 0.358492
v 0.273991 4.554845 0.380573
v 0.279359 4.350000 0.388029
v 0.273991 4.145155 0.380573
v 0.258094 3.948182 0.358492
v 0.232278 3.766651 0.322635
v 0.197537 3.607538 0.274378
v 0.155203 3.476957 0.215578
v 0.106906 3.379926 0.148492
v 0.054500 3.320175 0.075701
v 0.027784 5.379825 0.080363
v 0.054500 5.320073 0.157639
v 0.079122 5.223043 0.228856
v 0.100703 5.092462 0.291278
v 0.118414 4.933349 0.342507
v 0.131575 4.751818 0.380573
v 0.139679 4.554845 0.404015
v 0.142416 4.350000 0.411930
v 0.139679 4.145155 0.404015
v 0.131575 3.948182 0.380573
v 0.118414 3.766651 0.342507
v 0.100703 3.607538 0.291278
v 0.079122 3.476957 0.228856
v 0.054500 3.379926 0.157639
v 0.027784 3.320175 0.080363
v -0.000000 5.379825 0.081938
v -0.000000 5.320073 0.160727
v -0.000000 5.223043 0.233339
v -0.000000 5.092462 0.296985
v -0.000000 4.933349 0.349217
v 0.000000 4.751818 0.388029
v -0.000000 4.554845 0.411930
v -0.000000 4.350000 0.420000
v -0.000000 4.145155 0.411930
v 0.000000 3.948182 0.388029
v -0.000000 3.766651 0.349217
v -0.000000 3.607538 0.296985
v -0.000000 3.476957 0.233339
v -0.000000 3.379926 0.160727
v -0.000000 3.320175 0.081938
v -0.027784 5.379825 0.080363
v -0.054500 5.320073 0.157639
v -0.079122 5.223043 0.228856
v -0.100703 5.092462 0.291278
v -0.118415 4.933349 0.342507
v -0.131575 4.751818 0.380573
v -0.139680 4.554845 0.404015
v -0.142416 4.350000 0.411929
v -0.139680 4.145155 0.404015
v -0.131575 3.948182 0.380573
v -0.118415 3.766651 0.342507
v -0.100703 3.607538 0.291278
v -0.079122 3.476957 0.228856
v -0.054500 3.379926 0.157639
v -0.027784 3.320175 0.080363
v -0.054500 5.379825 0.075701
v -0.106906 5.320073 0.148492
v -0.155203 5.223043 0.215577
v -0.197537 5.092462 0.274378
v -0.232278 4.933349 0.322634
v -0.258094 4.751818 0.358492
v -0.273991 4.554845 0.380573
v -0.279359 4.350000 0.388029
v -0.273991 4.145155 0.380573
v -0.258094 3.948182 0.358492
v -0.232278 3.766651 0.322634
v -0.197537 3.607538 0.274378
v -0.155203 3.476957 0.215577
v -0.106906 3.379926 0.148492
v -0.054500 3.320175 0.075701
v -0.079122 5.379825 0.068129
v -0.155203 5.320073 0.133640
v -0.225320 5.223043 0.194015
v -0.286779 5.092462 0.246934
v -0.337216 4.933349 0.290363
v -0.374694 4.751818 0.322635
v -0.397773 4.554845 0.342507
v -0.405566 4.350000 0.349217
v -0.397773 4.145155 0.342507
v -0.374694 3.948182 0.322635
v -0.337216 3.766651 0.290363
v -0.286779 3.607538 0.246934
v -0.225320 3.476957 0.194015
v -0.155203 3.379926 0.133640
v -0.079122 3.320175 0.068129
v -0.100703 5.379825 0.057939
v -0.197537 5.320073 0.113651
v -0.286779 5.223043 0.164996
v -0.365000 5.092462 0.210000
v -0.429194 4.933349 0.246934
v -0.476895 4.751818 0.274378
v -0.506269 4.554845 0.291278
v -0.516188 4.350000 0.296984
v -0.506269 4.145155 0.291278
v -0.476895 3.948182 0.274378
v -0.429194 3.766651 0.246934
v -0.365000 3.607538 0.210000
v -0.286779 3.476957 0.164996
v -0.197537 3.379926 0.113651
v -0.100703 3.320175 0.057939
v -0.118414 5.379825 0.045522
v -0.232278 5.320073 0.089295
v -0.337216 5.223043 0.129636
v -0.429195 5.092462 0.164996
v -0.504679 4.933349 0.194015
v -0.560770 4.751818 0.215578
v -0.595310 4.554845 0.228856
v -0.606972 4.350000 0.233339
v -0.595310 4.145155 0.228856
v -0.560770 3.948182 0.215578
v -0.504679 3.766651 0.194015
v -0.429195 3.607538 0.164996
v -0.337216 3.476957 0.129636
v -0.232278 3.379926 0.089295
v -0.118414 3.320175 0.045522
v -0.131575 5.379825 0.031356
v -0.258094 5.320073 0.061508
v -0.374694 5.223043 0.089295
v -0.476895 5.092462 0.113651
v -0.560769 4.933349 0.133640
v -0.623094 4.751818 0.148492
v -0.661473 4.554845 0.157639
v -0.674432 4.350000 0.160727
v -0.661473 4.145155 0.157639
v -0.623094 3.948182 0.148492
v -0.560769 3.766651 0.133640
v -0.476895 3.607538 0.113651
v -0.374694 3.476957 0.089295
v -0.258094 3.379926 0.061508
v -0.131575 3.320175 0.031356
v -0.139679 5.379825 0.015985
v -0.273991 5.320073 0.031356
v -0.397773 5.223043 0.045522
v -0.506269 5.092462 0.057939
v -0.595310 4.933349 0.068129
v -0.661473 4.751818 0.075701
v -0.702216 4.554845 0.080363
v -0.715973 4.350000 0.081938
v -0.702216 4.145155 0.080363
v -0.661473 3.948182 0.075701
v -0.595310 3.766651 0.068129
v -0.506269 3.607538 0.057939
v -0.397773 3.476957 0.045522
v -0.273991 3.379926 0.031356
v -0.139679 3.320175 0.015985
v -0.142416 5.379825 -0.000000
v -0.279359 5.320073 -0.000000
v -0.405566 5.223043 -0.000000
v -0.516188 5.092462 -0.000000
v -0.606973 4.933349 -0.000000
v -0.674432 4.751818 -0.000000
v -0.715973 4.554845 -0.000000
v -0.729999 4.350000 -0.000000
v -0.715973 4.145155 -0.000000
v -0.674432 3.948182 -0.000000
v -0.606973 3.766651 -0.000000
v -0.516188 3.607538 -0.000000
v -0.405566 3.476957 -0.000000
v -0.279359 3.379926 -0.000000
v -0.142416 3.320175 -0.000000
v -0.139679 5.379825 -0.015985
v -0.273991 5.320073 -0.031356
v -0.397773 5.223043 -0.045522
v -0.506269 5.092462 -0.057939
v -0.595310 4.933349 -0.068129
v -0.661473 4.751818 -0.075701
v -0.702216 4.554845 -0.080364
v -0.715972 4.350000 -0.081938
v -0.702216 4.145155 -0.080364
v -0.661473 3.948182 -0.075701
v -0.595310 3.766651 -0.068129
v -0.506269 3.607538 -0.057939
v -0.397773 3.476957 -0.045522
v -0.273991 3.379926 -0.031356
v -0.139679 3.320175 -0.015985
v -0.131575 5.379825 -0.031356
v -0.258094 5.320073 -0.061508
v -0.374694 5.223043 -0.089295
v -0.476895 5.092462 -0.113651
v -0.560769 4.933349 -0.133640
v -0.623094 4.751818 -0.148492
v -0.661473 4.554845 -0.157639
v -0.674431 4.350000 -0.160727
v -0.661473 4.145155 -0.157639
v -0.623094 3.948182 -0.148492
v -0.560769 3.766651 -0.133640
v -0.476895 3.607538 -0.113651
v -0.374694 3.476957 -0.089295
v -0.258094 3.379926 -0.061508
v -0.131575 3.320175 -0.031356
v -0.118414 5.379825 -0.045522
v -0.232278 5.320073 -0.089295
v -0.337216 5.223043 -0.129636
v -0.429194 5.092462 -0.164996
v -0.504679 4.933349 -0.194015
v -0.560769 4.751818 -0.215577
v -0.595310 4.554845 -0.228856
v -0.606972 4.350000 -0.233339
v -0.595310 4.145155 -0.228856
v -0.560769 3.948182 -0.215577
v -0.504679 3.766651 -0.194015
v -0.429194 3.607538 -0.164996
v -0.337216 3.476957 -0.129636
v -0.232278 3.379926 -0.089295
v -0.118414 3.320175 -0.045522
v -0.100703 5.379825 -0.057939
v -0.197536 5.320073 -0.113651
v -0.286778 5.223043 -0.164996
v -0.365000 5.092462 -0.210000
v -0.429194 4.933349 -0.246934
v -0.476895 4.751818 -0.274378
v -0.506269 4.554845 -0.291278
v -0.516187 4.350000 -0.296985
v -0.506269 4.145155 -0.291278
v -0.476895 3.948182 -0.274378
v -0.429194 3.766651 -0.246934
v -0.365000 3.607538 -0.210000
v -0.286778 3.476957 -0.164996
v -0.197536 3.379926 -0.113651
v -0.100703 3.320175 -0.057939
v -0.079122 5.379825 -0.068129
v -0.155203 5.320073 -0.133640
v -0.225320 5.223043 -0.194015
v -0.286779 5.092462 -0.246934
v -0.337216 4.933349 -0.290363
v -0.374694 4.751818 -0.322634
v -0.397773 4.554845 -0.342507
v -0.405566 4.350000 -0.349217
v -0.397773 4.145155 -0.342507
v -0.374694 3.948182 -0.322634
v -0.337216 3.766651 -0.290363
v -0.286779 3.607538 -0.246934
v -0.225320 3.476957 -0.194015
v -0.155203 3.379926 -0.133640
v -0.079122 3.320175 -0.068129
v -0.054500 5.379825 -0.075701
v -0.106906 5.320073 -0.148492
v -0.155203 5.223043 -0.215577
v -0.197536 5.092462 -0.274378
v -0.232278 4.933349 -0.322634
v -0.258094 4.751818 -0.358492
v -0.273991 4.554845 -0.380573
v -0.279358 4.350000 -0.388029
v -0.273991 4.145155 -0.380573
v -0.258094 3.948182 -0.358492
v -0.232278 3.766651 -0.322634
v -0.197536 3.607538 -0.274378
v -0.155203 3.476957 -0.215577
v -0.106906 3.379926 -0.148492
v -0.054500 3.320175 -0.075701
v -0.027784 5.379825 -0.080363
v -0.054500 5.320073 -0.157639
v -0.079122 5.223043 -0.228856
v -0.100703 5.092462 -0.291278
v -0.118414 4.933349 -0.342507
v -0.131575 4.751818 -0.380573
v -0.139679 4.554845 -0.404014
v -0.142415 4.350000 -0.411929
v -0.139679 4.145155 -0.404014
v -0.131575 3.948182 -0.380573
v -0.118414 3.766651 -0.342507
v -0.100703 3.607538 -0.291278
v -0.079122 3.476957 -0.228856
v -0.054500 3.379926 -0.157639
v -0.027784 3.320175 -0.080363
v 0.000000 5.379825 -0.081938
v 0.000000 5.320073 -0.160727
v 0.000000 5.092462 -0.296985
v 0.000000 4.751818 -0.388029
v 0.000000 3.948182 -0.388029
v 0.000000 3.607538 -0.296985
v 0.000000 3.476957 -0.233339
v 0.000000 3.379926 -0.160727
v 0.000000 3.320175 -0.081938
vn -0.0000 1.0000 -0.0000
vn -0.0000 0.5195 -0.8545
vn -0.0000 0.2604 -0.9655
vn -0.0000 0.0799 -0.9968
vn -0.0000 -0.0000 -1.0000
vn -0.0000 -0.0799 -0.9968
vn -0.0000 -0.2604 -0.9655
vn -0.0000 -1.0000 -0.0000
vn 0.0482 0.9016 -0.4299
vn 0.0807 0.7067 -0.7028
vn 0.0976 0.5243 -0.8459
vn 0.1062 0.3792 -0.9192
vn 0.1107 0.2636 -0.9583
vn 0.1132 0.1668 -0.9795
vn 0.1144 0.0809 -0.9901
vn 0.1148 -0.0000 -0.9934
vn 0.1144 -0.0809 -0.9901
vn 0.1132 -0.1668 -0.9795
vn 0.1107 -0.2636 -0.9583
vn 0.1062 -0.3792 -0.9192
vn 0.0976 -0.5243 -0.8459
vn 0.0807 -0.7067 -0.7028
vn 0.0482 -0.9016 -0.4299
vn 0.0958 0.9071 -0.4100
vn 0.1614 0.7197 -0.6753
vn 0.1968 0.5390 -0.8190
vn 0.2152 0.3920 -0.8944
vn 0.2251 0.2733 -0.9352
vn 0.2305 0.1733 -0.9575
vn 0.2332 0.0841 -0.9688
vn 0.2341 -0.0000 -0.9722
vn 0.2332 -0.0841 -0.9688
vn 0.2305 -0.1733 -0.9575
vn 0.2251 -0.2733 -0.9352
vn 0.2152 -0.3920 -0.8944
vn 0.1968 -0.5390 -0.8190
vn 0.1614 -0.7197 -0.6753
vn 0.0958 -0.9071 -0.4100
vn 0.1417 0.9156 -0.3763
vn 0.2416 0.7404 -0.6272
vn 0.2987 0.5632 -0.7704
vn 0.3296 0.4137 -0.8486
vn 0.3467 0.2901 -0.8920
vn 0.3561 0.1845 -0.9160
vn 0.3609 0.0897 -0.9283
vn 0.3624 -0.0000 -0.9320
vn 0.3609 -0.0897 -0.9283
vn 0.3561 -0.1845 -0.9160
vn 0.3467 -0.2901 -0.8920
vn 0.3296 -0.4137 -0.8486
vn 0.2987 -0.5632 -0.7704
vn 0.2416 -0.7404 -0.6272
vn 0.1417 -0.9156 -0.3763
vn 0.1850 0.9262 -0.3284
vn 0.3200 0.7673 -0.5557
vn 0.4029 0.5962 -0.6944
vn 0.4506 0.4442 -0.7744
vn 0.4779 0.3142 -0.8203
vn 0.4933 0.2008 -0.8464
vn 0.5012 0.0979 -0.8598
vn 0.5036 -0.0000 -0.8639
vn 0.5012 -0.0979 -0.8598
vn 0.4933 -0.2008 -0.8464
vn 0.4779 -0.3142 -0.8203
vn 0.4506 -0.4442 -0.7744
vn 0.4029 -0.5962 -0.6944
vn 0.3200 -0.7673 -0.5557
vn 0.1850 -0.9262 -0.3284
vn 0.2238 0.9377 -0.2659
vn 0.3937 0.7974 -0.4573
vn 0.5063 0.6354 -0.5830
vn 0.5758 0.4822 -0.6603
vn 0.6175 0.3451 -0.7068
vn 0.6418 0.2222 -0.7340
vn 0.6545 0.1088 -0.7482
vn 0.6584 -0.0000 -0.7527
vn 0.6545 -0.1088 -0.7482
vn 0.6418 -0.2222 -0.7340
vn 0.6175 -0.3451 -0.7068
vn 0.5758 -0.4822 -0.6603
vn 0.5063 -0.6354 -0.5830
vn 0.3937 -0.7974 -0.4573
vn 0.2238 -0.9377 -0.2659
vn 0.2559 0.9481 -0.1887
vn 0.4571 0.8262 -0.3294
vn 0.6005 0.6751 -0.4285
vn 0.6952 0.5227 -0.4935
vn 0.7552 0.3794 -0.5346
vn 0.7914 0.2465 -0.5594
vn 0.8107 0.1212 -0.5727
vn 0.8168 -0.0000 -0.5769
vn 0.8107 -0.1212 -0.5727
vn 0.7914 -0.2465 -0.5594
vn 0.7552 -0.3794 -0.5346
vn 0.6952 -0.5227 -0.4935
vn 0.6005 -0.6751 -0.4285
vn 0.4571 -0.8262 -0.3294
vn 0.2559 -0.9481 -0.1887
vn 0.2779 0.9555 -0.0985
vn 0.5017 0.8474 -0.1738
vn 0.6699 0.7061 -0.2295
vn 0.7870 0.5557 -0.2679
vn 0.8644 0.4084 -0.2932
vn 0.9127 0.2674 -0.3089
vn 0.9390 0.1322 -0.3175
vn 0.9473 -0.0000 -0.3202
vn 0.9390 -0.1322 -0.3175
vn 0.9127 -0.2674 -0.3089
vn 0.8644 -0.4084 -0.2932
vn 0.7870 -0.5557 -0.2679
vn 0.6699 -0.7061 -0.2295
vn 0.5017 -0.8474 -0.1738
vn 0.2779 -0.9555 -0.0985
vn 0.2859 0.9582 -0.0000
vn 0.5181 0.8553 -0.0000
vn 0.6960 0.7180 -0.0000
vn 0.8225 0.5688 -0.0000
vn 0.9075 0.4200 -0.0000
vn 0.9612 0.2760 -0.0000
vn 0.9906 0.1367 -0.0000
vn 1.0000 -0.0000 -0.0000
vn 0.9906 -0.1367 -0.0000
vn 0.9612 -0.2760 -0.0000
vn 0.9075 -0.4200 -0.0000
vn 0.8225 -0.5688 -0.0000
vn 0.6960 -0.7180 -0.0000
vn 0.5181 -0.8553 -0.0000
vn 0.2859 -0.9582 -0.0000
vn 0.2779 0.9555 0.0985
vn 0.5017 0.8474 0.1738
vn 0.6699 0.7061 0.2295
vn 0.7870 0.5557 0.2679
vn 0.8644 0.4084 0.2932
vn 0.9127 0.2674 0.3089
vn 0.9390 0.1322 0.3175
vn 0.9473 -0.0000 0.3202
vn 0.9390 -0.1322 0.3175
vn 0.9127 -0.2674 0.3089
vn 0.8644 -0.4084 0.2932
vn 0.7870 -0.5557 0.2679
vn 0.6699 -0.7061 0.2295
vn 0.5017 -0.8474 0.1738
vn 0.2779 -0.9555 0.0985
vn 0.2559 0.9481 0.1887
vn 0.4571 0.8262 0.3294
vn 0.6005 0.6751 0.4285
vn 0.6952 0.5227 0.4935
vn 0.7552 0.3794 0.5346
vn 0.7914 0.2465 0.5594
vn 0.8107 0.1212 0.5727
vn 0.8168 -0.0000 0.5769
vn 0.8107 -0.1212 0.5727
vn 0.7914 -0.2465 0.5594
vn 0.7552 -0.3794 0.5346
vn 0.6952 -0.5227 0.4935
vn 0.6005 -0.6751 0.4285
vn 0.4571 -0.8262 0.3294
vn 0.2559 -0.9481 0.1887
vn 0.2238 0.9377 0.2659
vn 0.3937 0.7974 0.4573
vn 0.5063 0.6354 0.5830
vn 0.5758 0.4822 0.6603
vn 0.6175 0.3451 0.7068
vn 0.6418 0.2222 0.7340
vn 0.6545 0.1088 0.7482
vn 0.6584 -0.0000 0.7527
vn 0.6545 -0.1088 0.7482
vn 0.6418 -0.2222 0.7340
vn 0.6175 -0.3451 0.7068
vn 0.5758 -0.4822 0.6603
vn 0.5063 -0.6354 0.5830
vn 0.3937 -0.7974 0.4573
vn 0.2238 -0.9377 0.2659
vn 0.1850 0.9262 0.3284
vn 0.3200 0.7673 0.5557
vn 0.4029 0.5962 0.6944
vn 0.4506 0.4442 0.7744
vn 0.4779 0.3142 0.8203
vn 0.4933 0.2008 0.8464
vn 0.5012 0.0979 0.8598
vn 0.5036 -0.0000 0.8639
vn 0.5012 -0.0979 0.8598
vn 0.4933 -0.2008 0.8464
vn 0.4779 -0.3142 0.8203
vn 0.4506 -0.4442 0.7744
vn 0.4029 -0.5962 0.6944
vn 0.3200 -0.7673 0.5557
vn 0.1850 -0.9262 0.3284
vn 0.1417 0.9156 0.3763
vn 0.2416 0.7404 0.6272
vn 0.2987 0.5632 0.7704
vn 0.3296 0.4137 0.8486
vn 0.3467 0.2901 0.8920
vn 0.3561 0.1845 0.9160
vn 0.3609 0.0897 0.9283
vn 0.3624 -0.0000 0.9320
vn 0.3609 -0.0897 0.9283
vn 0.3561 -0.1845 0.9160
vn 0.3467 -0.2901 0.8920
vn 0.3296 -0.4137 0.8486
vn 0.2987 -0.5632 0.7704
vn 0.2416 -0.7404 0.6272
vn 0.1417 -0.9156 0.3763
vn 0.0958 0.9071 0.4100
vn 0.1614 0.7197 0.6753
vn 0.1968 0.5390 0.8190
vn 0.2152 0.3920 0.8944
vn 0.2251 0.2733 0.9352
vn 0.2305 0.1733 0.9575
vn 0.2332 0.0841 0.9688
vn 0.2341 -0.0000 0.9722
vn 0.2332 -0.0841 0.9688
vn 0.2305 -0.1733 0.9575
vn 0.2251 -0.2733 0.9352
vn 0.2152 -0.3920 0.8944
vn 0.1968 -0.5390 0.8190
vn 0.1614 -0.7197 0.6753
vn 0.0958 -0.9071 0.4100
vn 0.0482 0.9016 0.4299
vn 0.0807 0.7067 0.7028
vn 0.0976 0.5243 0.8459
vn 0.1062 0.3792 0.9192
vn 0.1107 0.2636 0.9583
vn 0.1132 0.1668 0.9795
vn 0.1144 0.0809 0.9901
vn 0.1148 -0.0000 0.9934
vn 0.1144 -0.0809 0.9901
vn 0.1132 -0.1668 0.9795
vn 0.1107 -0.2636 0.9583
vn 0.1062 -0.3792 0.9192
vn 0.0976 -0.5243 0.8459
vn 0.0807 -0.7067 0.7028
vn 0.0482 -0.9016 0.4299
vn -0.0000 0.8997 0.4365
vn -0.0000 0.7023 0.7118
vn -0.0000 0.5195 0.8545
vn -0.0000 0.3750 0.9270
vn -0.0000 0.2604 0.9655
vn -0.0000 0.1647 0.9863
vn -0.0000 0.0799 0.9968
vn -0.0000 -0.0000 1.0000
vn -0.0000 -0.0799 0.9968
vn -0.0000 -0.1647 0.9863
vn -0.0000 -0.2604 0.9655
vn -0.0000 -0.3750 0.9270
vn -0.0000 -0.5195 0.8545
vn -0.0000 -0.7023 0.7118
vn -0.0000 -0.8997 0.4365
vn -0.0482 0.9016 0.4299
vn -0.0807 0.7067 0.7028
vn -0.0976 0.5243 0.8459
vn -0.1062 0.3792 0.9192
vn -0.1107 0.2636 0.9583
vn -0.1132 0.1668 0.9795
vn -0.1144 0.0809 0.9901
vn -0.1148 -0.0000 0.9934
vn -0.1144 -0.0809 0.9901
vn -0.1132 -0.1668 0.9795
vn -0.1107 -0.2636 0.9583
vn -0.1062 -0.3792 0.9192
vn -0.0976 -0.5243 0.8459
vn -0.0807 -0.7067 0.7028
vn -0.0482 -0.9016 0.4299
vn -0.0958 0.9071 0.4100
vn -0.1614 0.7197 0.6753
vn -0.1968 0.5390 0.8190
vn -0.2152 0.3920 0.8944
vn -0.2251 0.2733 0.9352
vn -0.2305 0.1733 0.9575
vn -0.2332 0.0841 0.9688
vn -0.2341 -0.0000 0.9722
vn -0.2332 -0.0841 0.9688
vn -0.2305 -0.1733 0.9575
vn -0.2251 -0.2733 0.9352
vn -0.2152 -0.3920 0.8944
vn -0.1968 -0.5390 0.8190
vn -0.1614 -0.7197 0.6753
vn -0.0958 -0.9071 0.4100
vn -0.1417 0.9156 0.3763
vn -0.2416 0.7404 0.6272
vn -0.2987 0.5632 0.7704
vn -0.3296 0.4137 0.8486
vn -0.3467 0.2901 0.8920
vn -0.3561 0.1845 0.9160
vn -0.3609 0.0897 0.9283
vn -0.3624 -0.0000 0.9320
vn -0.3609 -0.0897 0.9283
vn -0.3561 -0.1845 0.9160
vn -0.3467 -0.2901 0.8920
vn -0.3296 -0.4137 0.8486
vn -0.2987 -0.5632 0.7704
vn -0.2416 -0.7404 0.6272
vn -0.1417 -0.9156 0.3763
vn -0.1850 0.9262 0.3284
vn -0.3200 0.7673 0.5557
vn -0.4029 0.5962 0.6944
vn -0.4506 0.4442 0.7744
vn -0.4779 0.3142 0.8203
vn -0.4933 0.2008 0.8464
vn -0.5012 0.0979 0.8598
vn -0.5036 -0.0000 0.8639
vn -0.5012 -0.0979 0.8598
vn -0.4933 -0.2008 0.8464
vn -0.4779 -0.3142 0.8203
vn -0.4506 -0.4442 0.7744
vn -0.4029 -0.5962 0.6944
vn -0.3200 -0.7673 0.5557
vn -0.1850 -0.9262 0.3284
vn -0.2238 0.9377 0.2659
vn -0.3937 0.7974 0.4573
vn -0.5063 0.6354 0.5830
vn -0.5758 0.4822 0.6603
vn -0.6175 0.3451 0.7068
vn -0.6418 0.2222 0.7340
vn -0.6545 0.1088 0.7482
vn -0.6584 -0.0000 0.7527
vn -0.6545 -0.1088 0.7482
vn -0.6418 -0.2222 0.7340
vn -0.6175 -0.3451 0.7068
vn -0.5758 -0.4822 0.6603
vn -0.5063 -0.6354 0.5830
vn -0.3937 -0.7974 0.4573
vn -0.2238 -0.9377 0.2659
vn -0.2559 0.9481 0.1887
vn -0.4571 0.8262 0.3294
vn -0.6005 0.6751 0.4285
vn -0.6952 0.5227 0.4935
vn -0.7552 0.3794 0.5346
vn -0.7914 0.2465 0.5594
vn -0.8107 0.1212 0.5727
vn -0.8168 -0.0000 0.5769
vn -0.8107 -0.1212 0.5727
vn -0.7914 -0.2465 0.5594
vn -0.7552 -0.3794 0.5346
vn -0.6952 -0.5227 0.4935
vn -0.6005 -0.6751 0.4285
vn -0.4571 -0.8262 0.3294
vn -0.2559 -0.9481 0.1887
vn -0.2779 0.9555 0.0985
vn -0.5017 0.8474 0.1738
vn -0.6699 0.7061 0.2295
vn -0.7870 0.5557 0.2679
vn -0.8644 0.4084 0.2932
vn -0.9127 0.2674 0.3089
vn -0.9390 0.1322 0.3175
vn -0.9473 -0.0000 0.3202
vn -0.9390 -0.1322 0.3175
vn -0.9127 -0.2674 0.3089
vn -0.8644 -0.4084 0.2932
vn -0.7870 -0.5557 0.2679
vn -0.6699 -0.7061 0.2295
vn -0.5017 -0.8474 0.1738
vn -0.2779 -0.9555 0.0985
vn -0.2859 0.9582 -0.0000
vn -0.5181 0.8553 -0.0000
vn -0.6960 0.7180 -0.0000
vn -0.8225 0.5688 -0.0000
vn -0.9075 0.4200 -0.0000
vn -0.9612 0.2760 -0.0000
vn -0.9906 0.1367 -0.0000
vn -1.0000 -0.0000 -0.0000
vn -0.9906 -0.1367 -0.0000
vn -0.9612 -0.2760 -0.0000
vn -0.9075 -0.4200 -0.0000
vn -0.8225 -0.5688 -0.0000
vn -0.6960 -0.7180 -0.0000
vn -0.5181 -0.8553 -0.0000
vn -0.2859 -0.9582 -0.0000
vn -0.2779 0.9555 -0.0985
vn -0.5017 0.8474 -0.1738
vn -0.6699 0.7061 -0.2295
vn -0.7870 0.5557 -0.2679
vn -0.8644 0.4084 -0.2932
vn -0.9127 0.2674 -0.3089
vn -0.9390 0.1322 -0.3175
vn -0.9473 -0.0000 -0.3202
vn -0.9390 -0.1322 -0.3175
vn -0.9127 -0.2674 -0.3089
vn -0.8644 -0.4084 -0.2932
vn -0.7870 -0.5557 -0.2679
vn -0.6699 -0.7061 -0.2295
vn -0.5017 -0.8474 -0.1738
vn -0.2779 -0.9555 -0.0985
vn -0.2559 0.9481 -0.1887
vn -0.4571 0.8262 -0.3294
vn -0.6005 0.6751 -0.4285
vn -0.6952 0.5227 -0.4935
vn -0.7552 0.3794 -0.5346
vn -0.7914 0.2465 -0.5594
vn -0.8107 0.1212 -0.5727
vn -0.8168 -0.0000 -0.5769
vn -0.8107 -0.1212 -0.5727
vn -0.7914 -0.2465 -0.5594
vn -0.7552 -0.3794 -0.5346
vn -0.6952 -0.5227 -0.4935
vn -0.6005 -0.6751 -0.4285
vn -0.4571 -0.8262 -0.3294
vn -0.2559 -0.9481 -0.1887
vn -0.2238 0.9377 -0.2659
vn -0.3937 0.7974 -0.4573
vn -0.5063 0.6354 -0.5830
vn -0.5758 0.4822 -0.6603
vn -0.6175 0.3451 -0.7068
vn -0.6418 0.2222 -0.7340
vn -0.6545 0.1088 -0.7482
vn -0.6584 -0.0000 -0.7527
vn -0.6545 -0.1088 -0.7482
vn -0.6418 -0.2222 -0.7340
vn -0.6175 -0.3451 -0.7068
vn -0.5758 -0.4822 -0.6603
vn -0.5063 -0.6354 -0.5830
vn -0.3937 -0.7974 -0.4573
vn -0.2238 -0.9377 -0.2659
vn -0.1850 0.9262 -0.3284
vn -0.3200 0.7673 -0.5557
vn -0.4029 0.5962 -0.6944
vn -0.4506 0.4442 -0.7744
vn -0.4779 0.3142 -0.8203
vn -0.4933 0.2008 -0.8464
vn -0.5012 0.0979 -0.8598
vn -0.5036 -0.0000 -0.8639
vn -0.5012 -0.0979 -0.8598
vn -0.4933 -0.2008 -0.8464
vn -0.4779 -0.3142 -0.8203
vn -0.4506 -0.4442 -0.7744
vn -0.4029 -0.5962 -0.6944
vn -0.3200 -0.7673 -0.5557
vn -0.1850 -0.9262 -0.3284
vn -0.1417 0.9156 -0.3763
vn -0.2416 0.7404 -0.6272
vn -0.2987 0.5632 -0.7704
vn -0.3296 0.4137 -0.8486
vn -0.3467 0.2901 -0.8920
vn -0.3561 0.1845 -0.9160
vn -0.3609 0.0897 -0.9283
vn -0.3624 -0.0000 -0.9320
vn -0.3609 -0.0897 -0.9283
vn -0.3561 -0.1845 -0.9160
vn -0.3467 -0.2901 -0.8920
vn -0.3296 -0.4137 -0.8486
vn -0.2987 -0.5632 -0.7704
vn -0.2416 -0.7404 -0.6272
vn -0.1417 -0.9156 -0.3763
vn -0.0958 0.9071 -0.4100
vn -0.1614 0.7197 -0.6753
vn -0.1968 0.5390 -0.8190
vn -0.2152 0.3920 -0.8944
vn -0.2251 0.2733 -0.9352
vn -0.2305 0.1733 -0.9575
vn -0.2332 0.0841 -0.9688
vn -0.2341 -0.0000 -0.9722
vn -0.2332 -0.0841 -0.9688
vn -0.2305 -0.1733 -0.9575
vn -0.2251 -0.2733 -0.9352
vn -0.2152 -0.3920 -0.8944
vn -0.1968 -0.5390 -0.8190
vn -0.1614 -0.7197 -0.6753
vn -0.0958 -0.9071 -0.4100
vn -0.0482 0.9016 -0.4299
vn -0.0807 0.7067 -0.7028
vn -0.0976 0.5243 -0.8459
vn -0.1062 0.3792 -0.9192
vn -0.1107 0.2636 -0.9583
vn -0.1132 0.1668 -0.9795
vn -0.1144 0.0809 -0.9901
vn -0.1148 -0.0000 -0.9934
vn -0.1144 -0.0809 -0.9901
vn -0.1132 -0.1668 -0.9795
vn -0.1107 -0.2636 -0.9583
vn -0.1062 -0.3792 -0.9192
vn -0.0976 -0.5243 -0.8459
vn -0.0807 -0.7067 -0.7029
vn -0.0482 -0.9016 -0.4299
vn -0.0000 0.8997 -0.4365
vn -0.0000 0.7023 -0.7118
vn -0.0000 0.3750 -0.9270
vn -0.0000 0.1647 -0.9863
vn -0.0000 -0.1647 -0.9863
vn -0.0000 -0.3750 -0.9270
vn -0.0000 -0.5195 -0.8545
vn -0.0000 -0.7023 -0.7118
vn -0.0000 -0.8997 -0.4365
vt 0.750000 0.875000
vt 0.750000 0.937500
vt 0.718750 0.937500
vt 0.718750 0.875000
vt 0.750000 0.375000
vt 0.750000 0.437500
vt 0.718750 0.437500
vt 0.718750 0.375000
vt 0.750000 0.812500
vt 0.718750 0.812500
vt 0.750000 0.312500
vt 0.718750 0.312500
vt 0.750000 0.750000
vt 0.718750 0.750000
vt 0.750000 0.250000
vt 0.718750 0.250000
vt 0.750000 0.687500
vt 0.718750 0.687500
vt 0.750000 0.187500
vt 0.718750 0.187500
vt 0.750000 0.625000
vt 0.718750 0.625000
vt 0.750000 0.125000
vt 0.718750 0.125000
vt 0.750000 0.562500
vt 0.718750 0.562500
vt 0.750000 0.062500
vt 0.718750 0.062500
vt 0.750000 0.500000
vt 0.718750 0.500000
vt 0.734375 1.000000
vt 0.734375 0.000000
vt 0.703125 1.000000
vt 0.687500 0.937500
vt 0.703125 0.000000
vt 0.687500 0.062500
vt 0.687500 0.500000
vt 0.687500 0.437500
vt 0.687500 0.875000
vt 0.687500 0.375000
vt 0.687500 0.812500
vt 0.687500 0.312500
vt 0.687500 0.750000
vt 0.687500 0.250000
vt 0.687500 0.687500
vt 0.687500 0.187500
vt 0.687500 0.625000
vt 0.687500 0.125000
vt 0.687500 0.562500
vt 0.656250 0.750000
vt 0.656250 0.687500
vt 0.656250 0.250000
vt 0.656250 0.187500
vt 0.656250 0.625000
vt 0.656250 0.125000
vt 0.656250 0.562500
vt 0.656250 0.062500
vt 0.656250 0.500000
vt 0.671875 1.000000
vt 0.656250 0.937500
vt 0.671875 0.000000
vt 0.656250 0.437500
vt 0.656250 0.875000
vt 0.656250 0.375000
vt 0.656250 0.812500
vt 0.656250 0.312500
vt 0.625000 0.500000
vt 0.625000 0.437500
vt 0.625000 0.937500
vt 0.625000 0.875000
vt 0.625000 0.375000
vt 0.625000 0.812500
vt 0.625000 0.312500
vt 0.625000 0.750000
vt 0.625000 0.250000
vt 0.625000 0.687500
vt 0.625000 0.187500
vt 0.625000 0.625000
vt 0.625000 0.125000
vt 0.625000 0.562500
vt 0.625000 0.062500
vt 0.640625 1.000000
vt 0.640625 0.000000
vt 0.593750 0.250000
vt 0.593750 0.187500
vt 0.593750 0.687500
vt 0.593750 0.625000
vt 0.593750 0.125000
vt 0.593750 0.562500
vt 0.593750 0.062500
vt 0.593750 0.500000
vt 0.609375 1.000000
vt 0.593750 0.937500
vt 0.609375 0.000000
vt 0.593750 0.437500
vt 0.593750 0.875000
vt 0.593750 0.375000
vt 0.593750 0.812500
vt 0.593750 0.312500
vt 0.593750 0.750000
vt 0.562500 0.937500
vt 0.562500 0.875000
vt 0.562500 0.437500
vt 0.562500 0.375000
vt 0.562500 0.812500
vt 0.562500 0.312500
vt 0.562500 0.750000
vt 0.562500 0.250000
vt 0.562500 0.687500
vt 0.562500 0.187500
vt 0.562500 0.625000
vt 0.562500 0.125000
vt 0.562500 0.562500
vt 0.562500 0.062500
vt 0.562500 0.500000
vt 0.578125 1.000000
vt 0.578125 0.000000
vt 0.531250 0.687500
vt 0.531250 0.625000
vt 0.531250 0.187500
vt 0.531250 0.125000
vt 0.531250 0.562500
vt 0.531250 0.062500
vt 0.531250 0.500000
vt 0.546875 1.000000
vt 0.531250 0.937500
vt 0.546875 0.000000
vt 0.531250 0.437500
vt 0.531250 0.875000
vt 0.531250 0.375000
vt 0.531250 0.812500
vt 0.531250 0.312500
vt 0.531250 0.750000
vt 0.531250 0.250000
vt 0.500000 0.437500
vt 0.500000 0.375000
vt 0.500000 0.875000
vt 0.500000 0.812500
vt 0.500000 0.312500
vt 0.500000 0.750000
vt 0.500000 0.250000
vt 0.500000 0.687500
vt 0.500000 0.187500
vt 0.500000 0.625000
vt 0.500000 0.125000
vt 0.500000 0.562500
vt 0.500000 0.062500
vt 0.500000 0.500000
vt 0.515625 1.000000
vt 0.500000 0.937500
vt 0.515625 0.000000
vt 0.468750 0.187500
vt 0.468750 0.125000
vt 0.468750 0.625000
vt 0.468750 0.562500
vt 0.468750 0.062500
vt 0.468750 0.500000
vt 0.484375 1.000000
vt 0.468750 0.937500
vt 0.484375 0.000000
vt 0.468750 0.437500
vt 0.468750 0.875000
vt 0.468750 0.375000
vt 0.468750 0.812500
vt 0.468750 0.312500
vt 0.468750 0.750000
vt 0.468750 0.250000
vt 0.468750 0.687500
vt 0.437500 0.375000
vt 0.437500 0.312500
vt 0.437500 0.812500
vt 0.437500 0.750000
vt 0.437500 0.250000
vt 0.437500 0.687500
vt 0.437500 0.187500
vt 0.437500 0.625000
vt 0.437500 0.125000
vt 0.437500 0.562500
vt 0.437500 0.062500
vt 0.437500 0.500000
vt 0.453125 1.000000
vt 0.437500 0.937500
vt 0.453125 0.000000
vt 0.437500 0.437500
vt 0.437500 0.875000
vt 0.406250 0.125000
vt 0.406250 0.062500
vt 0.406250 0.562500
vt 0.406250 0.500000
vt 0.421875 1.000000
vt 0.406250 0.937500
vt 0.421875 0.000000
vt 0.406250 0.437500
vt 0.406250 0.875000
vt 0.406250 0.375000
vt 0.406250 0.812500
vt 0.406250 0.312500
vt 0.406250 0.750000
vt 0.406250 0.250000
vt 0.406250 0.687500
vt 0.406250 0.187500
vt 0.406250 0.625000
vt 0.375000 0.812500
vt 0.375000 0.750000
vt 0.375000 0.312500
vt 0.375000 0.250000
vt 0.375000 0.687500
vt 0.375000 0.187500
vt 0.375000 0.625000
vt 0.375000 0.125000
vt 0.375000 0.562500
vt 0.375000 0.062500
vt 0.375000 0.500000
vt 0.390625 1.000000
vt 0.375000 0.937500
vt 0.390625 0.000000
vt 0.375000 0.437500
vt 0.375000 0.875000
vt 0.375000 0.375000
vt 0.343750 0.562500
vt 0.343750 0.500000
vt 0.359375 1.000000
vt 0.343750 0.937500
vt 0.359375 0.000000
vt 0.343750 0.062500
vt 0.343750 0.437500
vt 0.343750 0.875000
vt 0.343750 0.375000
vt 0.343750 0.812500
vt 0.343750 0.312500
vt 0.343750 0.750000
vt 0.343750 0.250000
vt 0.343750 0.687500
vt 0.343750 0.187500
vt 0.343750 0.625000
vt 0.343750 0.125000
vt 0.312500 0.312500
vt 0.312500 0.250000
vt 0.312500 0.750000
vt 0.312500 0.687500
vt 0.312500 0.187500
vt 0.312500 0.625000
vt 0.312500 0.125000
vt 0.312500 0.562500
vt 0.312500 0.062500
vt 0.312500 0.500000
vt 0.328125 1.000000
vt 0.312500 0.937500
vt 0.328125 0.000000
vt 0.312500 0.437500
vt 0.312500 0.875000
vt 0.312500 0.375000
vt 0.312500 0.812500
vt 0.296875 1.000000
vt 0.281250 0.937500
vt 0.296875 0.000000
vt 0.281250 0.062500
vt 0.281250 0.500000
vt 0.281250 0.437500
vt 0.281250 0.875000
vt 0.281250 0.375000
vt 0.281250 0.812500
vt 0.281250 0.312500
vt 0.281250 0.750000
vt 0.281250 0.250000
vt 0.281250 0.687500
vt 0.281250 0.187500
vt 0.281250 0.625000
vt 0.281250 0.125000
vt 0.281250 0.562500
vt 0.250000 0.750000
vt 0.250000 0.687500
vt 0.250000 0.250000
vt 0.250000 0.187500
vt 0.250000 0.625000
vt 0.250000 0.125000
vt 0.250000 0.562500
vt 0.250000 0.062500
vt 0.250000 0.500000
vt 0.265625 1.000000
vt 0.250000 0.937500
vt 0.265625 0.000000
vt 0.250000 0.437500
vt 0.250000 0.875000
vt 0.250000 0.375000
vt 0.250000 0.812500
vt 0.250000 0.312500
vt 0.218750 0.500000
vt 0.218750 0.437500
vt 0.218750 0.937500
vt 0.218750 0.875000
vt 0.218750 0.375000
vt 0.218750 0.812500
vt 0.218750 0.312500
vt 0.218750 0.750000
vt 0.218750 0.250000
vt 0.218750 0.687500
vt 0.218750 0.187500
vt 0.218750 0.625000
vt 0.218750 0.125000
vt 0.218750 0.562500
vt 0.218750 0.062500
vt 0.234375 1.000000
vt 0.234375 0.000000
vt 0.187500 0.250000
vt 0.187500 0.187500
vt 0.187500 0.687500
vt 0.187500 0.625000
vt 0.187500 0.125000
vt 0.187500 0.562500
vt 0.187500 0.062500
vt 0.187500 0.500000
vt 0.203125 1.000000
vt 0.187500 0.937500
vt 0.203125 0.000000
vt 0.187500 0.437500
vt 0.187500 0.875000
vt 0.187500 0.375000
vt 0.187500 0.812500
vt 0.187500 0.312500
vt 0.187500 0.750000
vt 0.156250 0.437500
vt 0.156250 0.375000
vt 0.156250 0.875000
vt 0.156250 0.812500
vt 0.156250 0.312500
vt 0.156250 0.750000
vt 0.156250 0.250000
vt 0.156250 0.687500
vt 0.156250 0.187500
vt 0.156250 0.625000
vt 0.156250 0.125000
vt 0.156250 0.562500
vt 0.156250 0.062500
vt 0.156250 0.500000
vt 0.171875 1.000000
vt 0.156250 0.937500
vt 0.171875 0.000000
vt 0.125000 0.187500
vt 0.125000 0.125000
vt 0.125000 0.625000
vt 0.125000 0.562500
vt 0.125000 0.062500
vt 0.125000 0.500000
vt 0.140625 1.000000
vt 0.125000 0.937500
vt 0.140625 0.000000
vt 0.125000 0.437500
vt 0.125000 0.875000
vt 0.125000 0.375000
vt 0.125000 0.812500
vt 0.125000 0.312500
vt 0.125000 0.750000
vt 0.125000 0.250000
vt 0.125000 0.687500
vt 0.093750 0.875000
vt 0.093750 0.812500
vt 0.093750 0.375000
vt 0.093750 0.312500
vt 0.093750 0.750000
vt 0.093750 0.250000
vt 0.093750 0.687500
vt 0.093750 0.187500
vt 0.093750 0.625000
vt 0.093750 0.125000
vt 0.093750 0.562500
vt 0.093750 0.062500
vt 0.093750 0.500000
vt 0.109375 1.000000
vt 0.093750 0.937500
vt 0.109375 0.000000
vt 0.093750 0.437500
vt 0.062500 0.625000
vt 0.062500 0.562500
vt 0.062500 0.125000
vt 0.062500 0.062500
vt 0.062500 0.500000
vt 0.078125 1.000000
vt 0.062500 0.937500
vt 0.078125 0.000000
vt 0.062500 0.437500
vt 0.062500 0.875000
vt 0.062500 0.375000
vt 0.062500 0.812500
vt 0.062500 0.312500
vt 0.062500 0.750000
vt 0.062500 0.250000
vt 0.062500 0.687500
vt 0.062500 0.187500
vt 0.031250 0.375000
vt 0.031250 0.312500
vt 0.031250 0.812500
vt 0.031250 0.750000
vt 0.031250 0.250000
vt 0.031250 0.687500
vt 0.031250 0.187500
vt 0.031250 0.625000
vt 0.031250 0.125000
vt 0.031250 0.562500
vt 0.031250 0.062500
vt 0.031250 0.500000
vt 0.046875 1.000000
vt 0.031250 0.937500
vt 0.046875 0.000000
vt 0.031250 0.437500
vt 0.031250 0.875000
vt 0.000000 0.125000
vt 0.000000 0.062500
vt 0.000000 0.562500
vt 0.000000 0.500000
vt 0.015625 1.000000
vt 0.000000 0.937500
vt 0.015625 0.000000
vt 0.000000 0.437500
vt 0.000000 0.875000
vt 0.000000 0.375000
vt 0.000000 0.812500
vt 0.000000 0.312500
vt 0.000000 0.750000
vt 0.000000 0.250000
vt 0.000000 0.687500
vt 0.000000 0.187500
vt 0.000000 0.625000
vt 1.000000 0.750000
vt 1.000000 0.812500
vt 0.968750 0.812500
vt 0.968750 0.750000
vt 1.000000 0.250000
vt 1.000000 0.312500
vt 0.968750 0.312500
vt 0.968750 0.250000
vt 1.000000 0.687500
vt 0.968750 0.687500
vt 1.000000 0.187500
vt 0.968750 0.187500
vt 1.000000 0.625000
vt 0.968750 0.625000
vt 1.000000 0.125000
vt 0.968750 0.125000
vt 1.000000 0.562500
vt 0.968750 0.562500
vt 1.000000 0.062500
vt 0.968750 0.062500
vt 1.000000 0.500000
vt 0.968750 0.500000
vt 1.000000 0.937500
vt 0.984375 1.000000
vt 0.968750 0.937500
vt 0.984375 0.000000
vt 1.000000 0.437500
vt 0.968750 0.437500
vt 1.000000 0.875000
vt 0.968750 0.875000
vt 1.000000 0.375000
vt 0.968750 0.375000
vt 0.937500 0.562500
vt 0.937500 0.500000
vt 0.953125 1.000000
vt 0.937500 0.937500
vt 0.953125 0.000000
vt 0.937500 0.062500
vt 0.937500 0.437500
vt 0.937500 0.875000
vt 0.937500 0.375000
vt 0.937500 0.812500
vt 0.937500 0.312500
vt 0.937500 0.750000
vt 0.937500 0.250000
vt 0.937500 0.687500
vt 0.937500 0.187500
vt 0.937500 0.625000
vt 0.937500 0.125000
vt 0.906250 0.312500
vt 0.906250 0.250000
vt 0.906250 0.750000
vt 0.906250 0.687500
vt 0.906250 0.187500
vt 0.906250 0.625000
vt 0.906250 0.125000
vt 0.906250 0.562500
vt 0.906250 0.062500
vt 0.906250 0.500000
vt 0.921875 1.000000
vt 0.906250 0.937500
vt 0.921875 0.000000
vt 0.906250 0.437500
vt 0.906250 0.875000
vt 0.906250 0.375000
vt 0.906250 0.812500
vt 0.890625 0.000000
vt 0.875000 0.062500
vt 0.875000 0.500000
vt 0.875000 0.437500
vt 0.875000 0.937500
vt 0.875000 0.875000
vt 0.875000 0.375000
vt 0.875000 0.812500
vt 0.875000 0.312500
vt 0.875000 0.750000
vt 0.875000 0.250000
vt 0.875000 0.687500
vt 0.875000 0.187500
vt 0.875000 0.625000
vt 0.875000 0.125000
vt 0.875000 0.562500
vt 0.890625 1.000000
vt 0.843750 0.250000
vt 0.843750 0.187500
vt 0.843750 0.687500
vt 0.843750 0.625000
vt 0.843750 0.125000
vt 0.843750 0.562500
vt 0.843750 0.062500
vt 0.843750 0.500000
vt 0.859375 1.000000
vt 0.843750 0.937500
vt 0.859375 0.000000
vt 0.843750 0.437500
vt 0.843750 0.875000
vt 0.843750 0.375000
vt 0.843750 0.812500
vt 0.843750 0.312500
vt 0.843750 0.750000
vt 0.812500 0.937500
vt 0.812500 0.875000
vt 0.812500 0.437500
vt 0.812500 0.375000
vt 0.812500 0.812500
vt 0.812500 0.312500
vt 0.812500 0.750000
vt 0.812500 0.250000
vt 0.812500 0.687500
vt 0.812500 0.187500
vt 0.812500 0.625000
vt 0.812500 0.125000
vt 0.812500 0.562500
vt 0.812500 0.062500
vt 0.812500 0.500000
vt 0.828125 1.000000
vt 0.828125 0.000000
vt 0.781250 0.687500
vt 0.781250 0.625000
vt 0.781250 0.187500
vt 0.781250 0.125000
vt 0.781250 0.562500
vt 0.781250 0.062500
vt 0.781250 0.500000
vt 0.796875 1.000000
vt 0.781250 0.937500
vt 0.796875 0.000000
vt 0.781250 0.437500
vt 0.781250 0.875000
vt 0.781250 0.375000
vt 0.781250 0.812500
vt 0.781250 0.312500
vt 0.781250 0.750000
vt 0.781250 0.250000
vt 0.765625 1.000000
vt 0.765625 0.000000
s 1
usemtl shirt
f 1147/812/1161 1146/813/1160 681/814/695 682/815/696
f 1150/816/1164 678/817/692 689/818/703 690/819/704
f 674/820/688 1147/812/1161 682/815/696 683/821/697
f 679/822/693 1150/816/1164 690/819/704 691/823/705
f 1148/824/1162 674/820/688 683/821/697 684/825/698
f 1151/826/1165 679/822/693 691/823/705 692/827/706
f 675/828/689 1148/824/1162 684/825/698 685/829/699
f 1152/830/1166 1151/826/1165 692/827/706 693/831/707
f 1149/832/1163 675/828/689 685/829/699 686/833/700
f 1153/834/1167 1152/830/1166 693/831/707 694/835/708
f 676/836/690 1149/832/1163 686/833/700 687/837/701
f 1154/838/1168 1153/834/1167 694/835/708 695/839/709
f 677/840/691 676/836/690 687/837/701 688/841/702
f 1146/813/1160 673/842/687 681/814/695
f 680/843/694 1154/838/1168 695/839/709
f 678/817/692 677/840/691 688/841/702 689/818/703
f 681/814/695 673/844/687 696/845/710
f 680/846/694 695/839/709 710/847/724
f 689/818/703 688/841/702 703/848/717 704/849/718
f 682/815/696 681/814/695 696/845/710 697/850/711
f 690/819/704 689/818/703 704/849/718 705/851/719
f 683/821/697 682/815/696 697/850/711 698/852/712
f 691/823/705 690/819/704 705/851/719 706/853/720
f 684/825/698 683/821/697 698/852/712 699/854/713
f 692/827/706 691/823/705 706/853/720 707/855/721
f 685/829/699 684/825/698 699/854/713 700/856/714
f 693/831/707 692/827/706 707/855/721 708/857/722
f 686/833/700 685/829/699 700/856/714 701/858/715
f 694/835/708 693/831/707 708/857/722 709/859/723
f 687/837/701 686/833/700 701/858/715 702/860/716
f 695/839/709 694/835/708 709/859/723 710/847/724
f 688/841/702 687/837/701 702/860/716 703/848/717
f 700/856/714 699/854/713 714/861/728 715/862/729
f 708/857/722 707/855/721 722/863/736 723/864/737
f 701/858/715 700/856/714 715/862/729 716/865/730
f 709/859/723 708/857/722 723/864/737 724/866/738
f 702/860/716 701/858/715 716/865/730 717/867/731
f 710/847/724 709/859/723 724/866/738 725/868/739
f 703/848/717 702/860/716 717/867/731 718/869/732
f 696/845/710 673/870/687 711/871/725
f 680/872/694 710/847/724 725/868/739
f 704/849/718 703/848/717 718/869/732 719/873/733
f 697/850/711 696/845/710 711/871/725 712/874/726
f 705/851/719 704/849/718 719/873/733 720/875/734
f 698/852/712 697/850/711 712/874/726 713/876/727
f 706/853/720 705/851/719 720/875/734 721/877/735
f 699/854/713 698/852/712 713/876/727 714/861/728
f 707/855/721 706/853/720 721/877/735 722/863/736
f 719/873/733 718/869/732 733/878/747 734/879/748
f 712/874/726 711/871/725 726/880/740 727/881/741
f 720/875/734 719/873/733 734/879/748 735/882/749
f 713/876/727 712/874/726 727/881/741 728/883/742
f 721/877/735 720/875/734 735/882/749 736/884/750
f 714/861/728 713/876/727 728/883/742 729/885/743
f 722/863/736 721/877/735 736/884/750 737/886/751
f 715/862/729 714/861/728 729/885/743 730/887/744
f 723/864/737 722/863/736 737/886/751 738/888/752
f 716/865/730 715/862/729 730/887/744 731/889/745
f 724/866/738 723/864/737 738/888/752 739/890/753
f 717/867/731 716/865/730 731/889/745 732/891/746
f 725/868/739 724/866/738 739/890/753 740/892/754
f 718/869/732 717/867/731 732/891/746 733/878/747
f 711/871/725 673/893/687 726/880/740
f 680/894/694 725/868/739 740/892/754
f 738/888/752 737/886/751 752/895/766 753/896/767
f 731/889/745 730/887/744 745/897/759 746/898/760
f 739/890/753 738/888/752 753/896/767 754/899/768
f 732/891/746 731/889/745 746/898/760 747/900/761
f 740/892/754 739/890/753 754/899/768 755/901/769
f 733/878/747 732/891/746 747/900/761 748/902/762
f 726/880/740 673/903/687 741/904/755
f 680/905/694 740/892/754 755/901/769
f 734/879/748 733/878/747 748/902/762 749/906/763
f 727/881/741 726/880/740 741/904/755 742/907/756
f 735/882/749 734/879/748 749/906/763 750/908/764
f 728/883/742 727/881/741 742/907/756 743/909/757
f 736/884/750 735/882/749 750/908/764 751/910/765
f 729/885/743 728/883/742 743/909/757 744/911/758
f 737/886/751 736/884/750 751/910/765 752/895/766
f 730/887/744 729/885/743 744/911/758 745/897/759
f 742/907/756 741/904/755 756/912/770 757/913/771
f 750/908/764 749/906/763 764/914/778 765/915/779
f 743/909/757 742/907/756 757/913/771 758/916/772
f 751/910/765 750/908/764 765/915/779 766/917/780
f 744/911/758 743/909/757 758/916/772 759/918/773
f 752/895/766 751/910/765 766/917/780 767/919/781
f 745/897/759 744/911/758 759/918/773 760/920/774
f 753/896/767 752/895/766 767/919/781 768/921/782
f 746/898/760 745/897/759 760/920/774 761/922/775
f 754/899/768 753/896/767 768/921/782 769/923/783
f 747/900/761 746/898/760 761/922/775 762/924/776
f 755/901/769 754/899/768 769/923/783 770/925/784
f 748/902/762 747/900/761 762/924/776 763/926/777
f 741/904/755 673/927/687 756/912/770
f 680/928/694 755/901/769 770/925/784
f 749/906/763 748/902/762 763/926/777 764/914/778
f 761/922/775 760/920/774 775/929/789 776/930/790
f 769/923/783 768/921/782 783/931/797 784/932/798
f 762/924/776 761/922/775 776/930/790 777/933/791
f 770/925/784 769/923/783 784/932/798 785/934/799
f 763/926/777 762/924/776 777/933/791 778/935/792
f 756/912/770 673/936/687 771/937/785
f 680/938/694 770/925/784 785/934/799
f 764/914/778 763/926/777 778/935/792 779/939/793
f 757/913/771 756/912/770 771/937/785 772/940/786
f 765/915/779 764/914/778 779/939/793 780/941/794
f 758/916/772 757/913/771 772/940/786 773/942/787
f 766/917/780 765/915/779 780/941/794 781/943/795
f 759/918/773 758/916/772 773/942/787 774/944/788
f 767/919/781 766/917/780 781/943/795 782/945/796
f 760/920/774 759/918/773 774/944/788 775/929/789
f 768/921/782 767/919/781 782/945/796 783/931/797
f 780/941/794 779/939/793 794/946/808 795/947/809
f 773/942/787 772/940/786 787/948/801 788/949/802
f 781/943/795 780/941/794 795/947/809 796/950/810
f 774/944/788 773/942/787 788/949/802 789/951/803
f 782/945/796 781/943/795 796/950/810 797/952/811
f 775/929/789 774/944/788 789/951/803 790/953/804
f 783/931/797 782/945/796 797/952/811 798/954/812
f 776/930/790 775/929/789 790/953/804 791/955/805
f 784/932/798 783/931/797 798/954/812 799/956/813
f 777/933/791 776/930/790 791/955/805 792/957/806
f 785/934/799 784/932/798 799/956/813 800/958/814
f 778/935/792 777/933/791 792/957/806 793/959/807
f 771/937/785 673/960/687 786/961/800
f 680/962/694 785/934/799 800/958/814
f 779/939/793 778/935/792 793/959/807 794/946/808
f 772/940/786 771/937/785 786/961/800 787/948/801
f 799/956/813 798/954/812 813/963/827 814/964/828
f 792/957/806 791/955/805 806/965/820 807/966/821
f 800/958/814 799/956/813 814/964/828 815/967/829
f 793/959/807 792/957/806 807/966/821 808/968/822
f 786/961/800 673/969/687 801/970/815
f 680/971/694 800/958/814 815/967/829
f 794/946/808 793/959/807 808/968/822 809/972/823
f 787/948/801 786/961/800 801/970/815 802/973/816
f 795/947/809 794/946/808 809/972/823 810/974/824
f 788/949/802 787/948/801 802/973/816 803/975/817
f 796/950/810 795/947/809 810/974/824 811/976/825
f 789/951/803 788/949/802 803/975/817 804/977/818
f 797/952/811 796/950/810 811/976/825 812/978/826
f 790/953/804 789/951/803 804/977/818 805/979/819
f 798/954/812 797/952/811 812/978/826 813/963/827
f 791/955/805 790/953/804 805/979/819 806/965/820
f 811/976/825 810/974/824 825/980/839 826/981/840
f 804/977/818 803/975/817 818/982/832 819/983/833
f 812/978/826 811/976/825 826/981/840 827/984/841
f 805/979/819 804/977/818 819/983/833 820/985/834
f 813/963/827 812/978/826 827/984/841 828/986/842
f 806/965/820 805/979/819 820/985/834 821/987/835
f 814/964/828 813/963/827 828/986/842 829/988/843
f 807/966/821 806/965/820 821/987/835 822/989/836
f 815/967/829 814/964/828 829/988/843 830/990/844
f 808/968/822 807/966/821 822/989/836 823/991/837
f 801/970/815 673/992/687 816/993/830
f 680/994/694 815/967/829 830/990/844
f 809/972/823 808/968/822 823/991/837 824/995/838
f 802/973/816 801/970/815 816/993/830 817/996/831
f 810/974/824 809/972/823 824/995/838 825/980/839
f 803/975/817 802/973/816 817/996/831 818/982/832
f 830/990/844 829/988/843 844/997/858 845/998/859
f 823/991/837 822/989/836 837/999/851 838/1000/852
f 816/993/830 673/1001/687 831/1002/845
f 680/1003/694 830/990/844 845/998/859
f 824/995/838 823/991/837 838/1000/852 839/1004/853
f 817/996/831 816/993/830 831/1002/845 832/1005/846
f 825/980/839 824/995/838 839/1004/853 840/1006/854
f 818/982/832 817/996/831 832/1005/846 833/1007/847
f 826/981/840 825/980/839 840/1006/854 841/1008/855
f 819/983/833 818/982/832 833/1007/847 834/1009/848
f 827/984/841 826/981/840 841/1008/855 842/1010/856
f 820/985/834 819/983/833 834/1009/848 835/1011/849
f 828/986/842 827/984/841 842/1010/856 843/1012/857
f 821/987/835 820/985/834 835/1011/849 836/1013/850
f 829/988/843 828/986/842 843/1012/857 844/997/858
f 822/989/836 821/987/835 836/1013/850 837/999/851
f 834/1009/848 833/1007/847 848/1014/862 849/1015/863
f 842/1010/856 841/1008/855 856/1016/870 857/1017/871
f 835/1011/849 834/1009/848 849/1015/863 850/1018/864
f 843/1012/857 842/1010/856 857/1017/871 858/1019/872
f 836/1013/850 835/1011/849 850/1018/864 851/1020/865
f 844/997/858 843/1012/857 858/1019/872 859/1021/873
f 837/999/851 836/1013/850 851/1020/865 852/1022/866
f 845/998/859 844/997/858 859/1021/873 860/1023/874
f 838/1000/852 837/999/851 852/1022/866 853/1024/867
f 831/1002/845 673/1025/687 846/1026/860
f 680/1027/694 845/998/859 860/1023/874
f 839/1004/853 838/1000/852 853/1024/867 854/1028/868
f 832/1005/846 831/1002/845 846/1026/860 847/1029/861
f 840/1006/854 839/1004/853 854/1028/868 855/1030/869
f 833/1007/847 832/1005/846 847/1029/861 848/1014/862
f 841/1008/855 840/1006/854 855/1030/869 856/1016/870
f 853/1024/867 852/1022/866 867/1031/881 868/1032/882
f 846/1026/860 673/1033/687 861/1034/875
f 680/1035/694 860/1023/874 875/1036/889
f 854/1028/868 853/1024/867 868/1032/882 869/1037/883
f 847/1029/861 846/1026/860 861/1034/875 862/1038/876
f 855/1030/869 854/1028/868 869/1037/883 870/1039/884
f 848/1014/862 847/1029/861 862/1038/876 863/1040/877
f 856/1016/870 855/1030/869 870/1039/884 871/1041/885
f 849/1015/863 848/1014/862 863/1040/877 864/1042/878
f 857/1017/871 856/1016/870 871/1041/885 872/1043/886
f 850/1018/864 849/1015/863 864/1042/878 865/1044/879
f 858/1019/872 857/1017/871 872/1043/886 873/1045/887
f 851/1020/865 850/1018/864 865/1044/879 866/1046/880
f 859/1021/873 858/1019/872 873/1045/887 874/1047/888
f 852/1022/866 851/1020/865 866/1046/880 867/1031/881
f 860/1023/874 859/1021/873 874/1047/888 875/1036/889
f 872/1043/886 871/1041/885 886/1048/900 887/1049/901
f 865/1044/879 864/1042/878 879/1050/893 880/1051/894
f 873/1045/887 872/1043/886 887/1049/901 888/1052/902
f 866/1046/880 865/1044/879 880/1051/894 881/1053/895
f 874/1047/888 873/1045/887 888/1052/902 889/1054/903
f 867/1031/881 866/1046/880 881/1053/895 882/1055/896
f 875/1036/889 874/1047/888 889/1054/903 890/1056/904
f 868/1032/882 867/1031/881 882/1055/896 883/1057/897
f 861/1034/875 673/1058/687 876/1059/890
f 680/1060/694 875/1036/889 890/1056/904
f 869/1037/883 868/1032/882 883/1057/897 884/1061/898
f 862/1038/876 861/1034/875 876/1059/890 877/1062/891
f 870/1039/884 869/1037/883 884/1061/898 885/1063/899
f 863/1040/877 862/1038/876 877/1062/891 878/1064/892
f 871/1041/885 870/1039/884 885/1063/899 886/1048/900
f 864/1042/878 863/1040/877 878/1064/892 879/1050/893
f 876/1059/890 673/1065/687 891/1066/905
f 680/1067/694 890/1056/904 905/1068/919
f 884/1061/898 883/1057/897 898/1069/912 899/1070/913
f 877/1062/891 876/1059/890 891/1066/905 892/1071/906
f 885/1063/899 884/1061/898 899/1070/913 900/1072/914
f 878/1064/892 877/1062/891 892/1071/906 893/1073/907
f 886/1048/900 885/1063/899 900/1072/914 901/1074/915
f 879/1050/893 878/1064/892 893/1073/907 894/1075/908
f 887/1049/901 886/1048/900 901/1074/915 902/1076/916
f 880/1051/894 879/1050/893 894/1075/908 895/1077/909
f 888/1052/902 887/1049/901 902/1076/916 903/1078/917
f 881/1053/895 880/1051/894 895/1077/909 896/1079/910
f 889/1054/903 888/1052/902 903/1078/917 904/1080/918
f 882/1055/896 881/1053/895 896/1079/910 897/1081/911
f 890/1056/904 889/1054/903 904/1080/918 905/1068/919
f 883/1057/897 882/1055/896 897/1081/911 898/1069/912
f 895/1077/909 894/1075/908 909/1082/923 910/1083/924
f 903/1078/917 902/1076/916 917/1084/931 918/1085/932
f 896/1079/910 895/1077/909 910/1083/924 911/1086/925
f 904/1080/918 903/1078/917 918/1085/932 919/1087/933
f 897/1081/911 896/1079/910 911/1086/925 912/1088/926
f 905/1068/919 904/1080/918 919/1087/933 920/1089/934
f 898/1069/912 897/1081/911 912/1088/926 913/1090/927
f 891/1066/905 673/1091/687 906/1092/920
f 680/1093/694 905/1068/919 920/1089/934
f 899/1070/913 898/1069/912 913/1090/927 914/1094/928
f 892/1071/906 891/1066/905 906/1092/920 907/1095/921
f 900/1072/914 899/1070/913 914/1094/928 915/1096/929
f 893/1073/907 892/1071/906 907/1095/921 908/1097/922
f 901/1074/915 900/1072/914 915/1096/929 916/1098/930
f 894/1075/908 893/1073/907 908/1097/922 909/1082/923
f 902/1076/916 901/1074/915 916/1098/930 917/1084/931
f 914/1094/928 913/1090/927 928/1099/942 929/1100/943
f 907/1095/921 906/1092/920 921/1101/935 922/1102/936
f 915/1096/929 914/1094/928 929/1100/943 930/1103/944
f 908/1097/922 907/1095/921 922/1102/936 923/1104/937
f 916/1098/930 915/1096/929 930/1103/944 931/1105/945
f 909/1082/923 908/1097/922 923/1104/937 924/1106/938
f 917/1084/931 916/1098/930 931/1105/945 932/1107/946
f 910/1083/924 909/1082/923 924/1106/938 925/1108/939
f 918/1085/932 917/1084/931 932/1107/946 933/1109/947
f 911/1086/925 910/1083/924 925/1108/939 926/1110/940
f 919/1087/933 918/1085/932 933/1109/947 934/1111/948
f 912/1088/926 911/1086/925 926/1110/940 927/1112/941
f 920/1089/934 919/1087/933 934/1111/948 935/1113/949
f 913/1090/927 912/1088/926 927/1112/941 928/1099/942
f 906/1092/920 673/1114/687 921/1101/935
f 680/1115/694 920/1089/934 935/1113/949
f 933/1109/947 932/1107/946 947/1116/961 948/1117/962
f 926/1110/940 925/1108/939 940/1118/954 941/1119/955
f 934/1111/948 933/1109/947 948/1117/962 949/1120/963
f 927/1112/941 926/1110/940 941/1119/955 942/1121/956
f 935/1113/949 934/1111/948 949/1120/963 950/1122/964
f 928/1099/942 927/1112/941 942/1121/956 943/1123/957
f 921/1101/935 673/1124/687 936/1125/950
f 680/1126/694 935/1113/949 950/1122/964
f 929/1100/943 928/1099/942 943/1123/957 944/1127/958
f 922/1102/936 921/1101/935 936/1125/950 937/1128/951
f 930/1103/944 929/1100/943 944/1127/958 945/1129/959
f 923/1104/937 922/1102/936 937/1128/951 938/1130/952
f 931/1105/945 930/1103/944 945/1129/959 946/1131/960
f 924/1106/938 923/1104/937 938/1130/952 939/1132/953
f 932/1107/946 931/1105/945 946/1131/960 947/1116/961
f 925/1108/939 924/1106/938 939/1132/953 940/1118/954
f 945/1129/959 944/1127/958 959/1133/973 960/1134/974
f 938/1130/952 937/1128/951 952/1135/966 953/1136/967
f 946/1131/960 945/1129/959 960/1134/974 961/1137/975
f 939/1132/953 938/1130/952 953/1136/967 954/1138/968
f 947/1116/961 946/1131/960 961/1137/975 962/1139/976
f 940/1118/954 939/1132/953 954/1138/968 955/1140/969
f 948/1117/962 947/1116/961 962/1139/976 963/1141/977
f 941/1119/955 940/1118/954 955/1140/969 956/1142/970
f 949/1120/963 948/1117/962 963/1141/977 964/1143/978
f 942/1121/956 941/1119/955 956/1142/970 957/1144/971
f 950/1122/964 949/1120/963 964/1143/978 965/1145/979
f 943/1123/957 942/1121/956 957/1144/971 958/1146/972
f 936/1125/950 673/1147/687 951/1148/965
f 680/1149/694 950/1122/964 965/1145/979
f 944/1127/958 943/1123/957 958/1146/972 959/1133/973
f 937/1128/951 936/1125/950 951/1148/965 952/1135/966
f 964/1143/978 963/1141/977 978/1150/992 979/1151/993
f 957/1144/971 956/1142/970 971/1152/985 972/1153/986
f 965/1145/979 964/1143/978 979/1151/993 980/1154/994
f 958/1146/972 957/1144/971 972/1153/986 973/1155/987
f 951/1148/965 673/1156/687 966/1157/980
f 680/1158/694 965/1145/979 980/1154/994
f 959/1133/973 958/1146/972 973/1155/987 974/1159/988
f 952/1135/966 951/1148/965 966/1157/980 967/1160/981
f 960/1134/974 959/1133/973 974/1159/988 975/1161/989
f 953/1136/967 952/1135/966 967/1160/981 968/1162/982
f 961/1137/975 960/1134/974 975/1161/989 976/1163/990
f 954/1138/968 953/1136/967 968/1162/982 969/1164/983
f 962/1139/976 961/1137/975 976/1163/990 977/1165/991
f 955/1140/969 954/1138/968 969/1164/983 970/1166/984
f 963/1141/977 962/1139/976 977/1165/991 978/1150/992
f 956/1142/970 955/1140/969 970/1166/984 971/1152/985
f 968/1162/982 967/1160/981 982/1167/996 983/1168/997
f 976/1163/990 975/1161/989 990/1169/1004 991/1170/1005
f 969/1164/983 968/1162/982 983/1168/997 984/1171/998
f 977/1165/991 976/1163/990 991/1170/1005 992/1172/1006
f 970/1166/984 969/1164/983 984/1171/998 985/1173/999
f 978/1150/992 977/1165/991 992/1172/1006 993/1174/1007
f 971/1152/985 970/1166/984 985/1173/999 986/1175/1000
f 979/1151/993 978/1150/992 993/1174/1007 994/1176/1008
f 972/1153/986 971/1152/985 986/1175/1000 987/1177/1001
f 980/1154/994 979/1151/993 994/1176/1008 995/1178/1009
f 973/1155/987 972/1153/986 987/1177/1001 988/1179/1002
f 966/1157/980 673/1180/687 981/1181/995
f 680/1182/694 980/1154/994 995/1178/1009
f 974/1159/988 973/1155/987 988/1179/1002 989/1183/1003
f 967/1160/981 966/1157/980 981/1181/995 982/1167/996
f 975/1161/989 974/1159/988 989/1183/1003 990/1169/1004
f 987/1177/1001 986/1175/1000 1001/1184/1015 1002/1185/1016
f 995/1178/1009 994/1176/1008 1009/1186/1023 1010/1187/1024
f 988/1179/1002 987/1177/1001 1002/1185/1016 1003/1188/1017
f 981/1181/995 673/1189/687 996/1190/1010
f 680/1191/694 995/1178/1009 1010/1187/1024
f 989/1183/1003 988/1179/1002 1003/1188/1017 1004/1192/1018
f 982/1167/996 981/1181/995 996/1190/1010 997/1193/1011
f 990/1169/1004 989/1183/1003 1004/1192/1018 1005/1194/1019
f 983/1168/997 982/1167/996 997/1193/1011 998/1195/1012
f 991/1170/1005 990/1169/1004 1005/1194/1019 1006/1196/1020
f 984/1171/998 983/1168/997 998/1195/1012 999/1197/1013
f 992/1172/1006 991/1170/1005 1006/1196/1020 1007/1198/1021
f 985/1173/999 984/1171/998 999/1197/1013 1000/1199/1014
f 993/1174/1007 992/1172/1006 1007/1198/1021 1008/1200/1022
f 986/1175/1000 985/1173/999 1000/1199/1014 1001/1184/1015
f 994/1176/1008 993/1174/1007 1008/1200/1022 1009/1186/1023
f 1006/1196/1020 1005/1194/1019 1020/1201/1034 1021/1202/1035
f 999/1197/1013 998/1195/1012 1013/1203/1027 1014/1204/1028
f 1007/1198/1021 1006/1196/1020 1021/1202/1035 1022/1205/1036
f 1000/1199/1014 999/1197/1013 1014/1204/1028 1015/1206/1029
f 1008/1200/1022 1007/1198/1021 1022/1205/1036 1023/1207/1037
f 1001/1184/1015 1000/1199/1014 1015/1206/1029 1016/1208/1030
f 1009/1186/1023 1008/1200/1022 1023/1207/1037 1024/1209/1038
f 1002/1185/1016 1001/1184/1015 1016/1208/1030 1017/1210/1031
f 1010/1187/1024 1009/1186/1023 1024/1209/1038 1025/1211/1039
f 1003/1188/1017 1002/1185/1016 1017/1210/1031 1018/1212/1032
f 996/1190/1010 673/1213/687 1011/1214/1025
f 680/1215/694 1010/1187/1024 1025/1211/1039
f 1004/1192/1018 1003/1188/1017 1018/1212/1032 1019/1216/1033
f 997/1193/1011 996/1190/1010 1011/1214/1025 1012/1217/1026
f 1005/1194/1019 1004/1192/1018 1019/1216/1033 1020/1201/1034
f 998/1195/1012 997/1193/1011 1012/1217/1026 1013/1203/1027
f 1025/1211/1039 1024/1209/1038 1039/1218/1053 1040/1219/1054
f 1018/1212/1032 1017/1210/1031 1032/1220/1046 1033/1221/1047
f 1011/1214/1025 673/1222/687 1026/1223/1040
f 680/1224/694 1025/1211/1039 1040/1219/1054
f 1019/1216/1033 1018/1212/1032 1033/1221/1047 1034/1225/1048
f 1012/1217/1026 1011/1214/1025 1026/1223/1040 1027/1226/1041
f 1020/1201/1034 1019/1216/1033 1034/1225/1048 1035/1227/1049
f 1013/1203/1027 1012/1217/1026 1027/1226/1041 1028/1228/1042
f 1021/1202/1035 1020/1201/1034 1035/1227/1049 1036/1229/1050
f 1014/1204/1028 1013/1203/1027 1028/1228/1042 1029/1230/1043
f 1022/1205/1036 1021/1202/1035 1036/1229/1050 1037/1231/1051
f 1015/1206/1029 1014/1204/1028 1029/1230/1043 1030/1232/1044
f 1023/1207/1037 1022/1205/1036 1037/1231/1051 1038/1233/1052
f 1016/1208/1030 1015/1206/1029 1030/1232/1044 1031/1234/1045
f 1024/1209/1038 1023/1207/1037 1038/1233/1052 1039/1218/1053
f 1017/1210/1031 1016/1208/1030 1031/1234/1045 1032/1220/1046
f 1029/1235/1043 1028/1236/1042 1043/1237/1057 1044/1238/1058
f 1037/1239/1051 1036/1240/1050 1051/1241/1065 1052/1242/1066
f 1030/1243/1044 1029/1235/1043 1044/1238/1058 1045/1244/1059
f 1038/1245/1052 1037/1239/1051 1052/1242/1066 1053/1246/1067
f 1031/1247/1045 1030/1243/1044 1045/1244/1059 1046/1248/1060
f 1039/1249/1053 1038/1245/1052 1053/1246/1067 1054/1250/1068
f 1032/1251/1046 1031/1247/1045 1046/1248/1060 1047/1252/1061
f 1040/1253/1054 1039/1249/1053 1054/1250/1068 1055/1254/1069
f 1033/1255/1047 1032/1251/1046 1047/1252/1061 1048/1256/1062
f 1026/1257/1040 673/1258/687 1041/1259/1055
f 680/1260/694 1040/1253/1054 1055/1254/1069
f 1034/1261/1048 1033/1255/1047 1048/1256/1062 1049/1262/1063
f 1027/1263/1041 1026/1257/1040 1041/1259/1055 1042/1264/1056
f 1035/1265/1049 1034/1261/1048 1049/1262/1063 1050/1266/1064
f 1028/1236/1042 1027/1263/1041 1042/1264/1056 1043/1237/1057
f 1036/1240/1050 1035/1265/1049 1050/1266/1064 1051/1241/1065
f 1048/1256/1062 1047/1252/1061 1062/1267/1076 1063/1268/1077
f 1041/1259/1055 673/1269/687 1056/1270/1070
f 680/1271/694 1055/1254/1069 1070/1272/1084
f 1049/1262/1063 1048/1256/1062 1063/1268/1077 1064/1273/1078
f 1042/1264/1056 1041/1259/1055 1056/1270/1070 1057/1274/1071
f 1050/1266/1064 1049/1262/1063 1064/1273/1078 1065/1275/1079
f 1043/1237/1057 1042/1264/1056 1057/1274/1071 1058/1276/1072
f 1051/1241/1065 1050/1266/1064 1065/1275/1079 1066/1277/1080
f 1044/1238/1058 1043/1237/1057 1058/1276/1072 1059/1278/1073
f 1052/1242/1066 1051/1241/1065 1066/1277/1080 1067/1279/1081
f 1045/1244/1059 1044/1238/1058 1059/1278/1073 1060/1280/1074
f 1053/1246/1067 1052/1242/1066 1067/1279/1081 1068/1281/1082
f 1046/1248/1060 1045/1244/1059 1060/1280/1074 1061/1282/1075
f 1054/1250/1068 1053/1246/1067 1068/1281/1082 1069/1283/1083
f 1047/1252/1061 1046/1248/1060 1061/1282/1075 1062/1267/1076
f 1055/1254/1069 1054/1250/1068 1069/1283/1083 1070/1272/1084
f 1067/1279/1081 1066/1277/1080 1081/1284/1095 1082/1285/1096
f 1060/1280/1074 1059/1278/1073 1074/1286/1088 1075/1287/1089
f 1068/1281/1082 1067/1279/1081 1082/1285/1096 1083/1288/1097
f 1061/1282/1075 1060/1280/1074 1075/1287/1089 1076/1289/1090
f 1069/1283/1083 1068/1281/1082 1083/1288/1097 1084/1290/1098
f 1062/1267/1076 1061/1282/1075 1076/1289/1090 1077/1291/1091
f 1070/1272/1084 1069/1283/1083 1084/1290/1098 1085/1292/1099
f 1063/1268/1077 1062/1267/1076 1077/1291/1091 1078/1293/1092
f 1056/1270/1070 673/1294/687 1071/1295/1085
f 680/1296/694 1070/1272/1084 1085/1292/1099
f 1064/1273/1078 1063/1268/1077 1078/1293/1092 1079/1297/1093
f 1057/1274/1071 1056/1270/1070 1071/1295/1085 1072/1298/1086
f 1065/1275/1079 1064/1273/1078 1079/1297/1093 1080/1299/1094
f 1058/1276/1072 1057/1274/1071 1072/1298/1086 1073/1300/1087
f 1066/1277/1080 1065/1275/1079 1080/1299/1094 1081/1284/1095
f 1059/1278/1073 1058/1276/1072 1073/1300/1087 1074/1286/1088
f 680/1301/694 1085/1292/1099 1100/1302/1114
f 1079/1297/1093 1078/1293/1092 1093/1303/1107 1094/1304/1108
f 1072/1298/1086 1071/1295/1085 1086/1305/1100 1087/1306/1101
f 1080/1299/1094 1079/1297/1093 1094/1304/1108 1095/1307/1109
f 1073/1300/1087 1072/1298/1086 1087/1306/1101 1088/1308/1102
f 1081/1284/1095 1080/1299/1094 1095/1307/1109 1096/1309/1110
f 1074/1286/1088 1073/1300/1087 1088/1308/1102 1089/1310/1103
f 1082/1285/1096 1081/1284/1095 1096/1309/1110 1097/1311/1111
f 1075/1287/1089 1074/1286/1088 1089/1310/1103 1090/1312/1104
f 1083/1288/1097 1082/1285/1096 1097/1311/1111 1098/1313/1112
f 1076/1289/1090 1075/1287/1089 1090/1312/1104 1091/1314/1105
f 1084/1290/1098 1083/1288/1097 1098/1313/1112 1099/1315/1113
f 1077/1291/1091 1076/1289/1090 1091/1314/1105 1092/1316/1106
f 1085/1292/1099 1084/1290/1098 1099/1315/1113 1100/1302/1114
f 1078/1293/1092 1077/1291/1091 1092/1316/1106 1093/1303/1107
f 1071/1295/1085 673/1317/687 1086/1305/1100
f 1098/1313/1112 1097/1311/1111 1112/1318/1126 1113/1319/1127
f 1091/1314/1105 1090/1312/1104 1105/1320/1119 1106/1321/1120
f 1099/1315/1113 1098/1313/1112 1113/1319/1127 1114/1322/1128
f 1092/1316/1106 1091/1314/1105 1106/1321/1120 1107/1323/1121
f 1100/1302/1114 1099/1315/1113 1114/1322/1128 1115/1324/1129
f 1093/1303/1107 1092/1316/1106 1107/1323/1121 1108/1325/1122
f 1086/1305/1100 673/1326/687 1101/1327/1115
f 680/1328/694 1100/1302/1114 1115/1324/1129
f 1094/1304/1108 1093/1303/1107 1108/1325/1122 1109/1329/1123
f 1087/1306/1101 1086/1305/1100 1101/1327/1115 1102/1330/1116
f 1095/1307/1109 1094/1304/1108 1109/1329/1123 1110/1331/1124
f 1088/1308/1102 1087/1306/1101 1102/1330/1116 1103/1332/1117
f 1096/1309/1110 1095/1307/1109 1110/1331/1124 1111/1333/1125
f 1089/1310/1103 1088/1308/1102 1103/1332/1117 1104/1334/1118
f 1097/1311/1111 1096/1309/1110 1111/1333/1125 1112/1318/1126
f 1090/1312/1104 1089/1310/1103 1104/1334/1118 1105/1320/1119
f 1102/1330/1116 1101/1327/1115 1116/1335/1130 1117/1336/1131
f 1110/1331/1124 1109/1329/1123 1124/1337/1138 1125/1338/1139
f 1103/1332/1117 1102/1330/1116 1117/1336/1131 1118/1339/1132
f 1111/1333/1125 1110/1331/1124 1125/1338/1139 1126/1340/1140
f 1104/1334/1118 1103/1332/1117 1118/1339/1132 1119/1341/1133
f 1112/1318/1126 1111/1333/1125 1126/1340/1140 1127/1342/1141
f 1105/1320/1119 1104/1334/1118 1119/1341/1133 1120/1343/1134
f 1113/1319/1127 1112/1318/1126 1127/1342/1141 1128/1344/1142
f 1106/1321/1120 1105/1320/1119 1120/1343/1134 1121/1345/1135
f 1114/1322/1128 1113/1319/1127 1128/1344/1142 1129/1346/1143
f 1107/1323/1121 1106/1321/1120 1121/1345/1135 1122/1347/1136
f 1115/1324/1129 1114/1322/1128 1129/1346/1143 1130/1348/1144
f 1108/1325/1122 1107/1323/1121 1122/1347/1136 1123/1349/1137
f 1101/1327/1115 673/1350/687 1116/1335/1130
f 680/1351/694 1115/1324/1129 1130/1348/1144
f 1109/1329/1123 1108/1325/1122 1123/1349/1137 1124/1337/1138
f 1121/1345/1135 1120/1343/1134 1135/1352/1149 1136/1353/1150
f 1129/1346/1143 1128/1344/1142 1143/1354/1157 1144/1355/1158
f 1122/1347/1136 1121/1345/1135 1136/1353/1150 1137/1356/1151
f 1130/1348/1144 1129/1346/1143 1144/1355/1158 1145/1357/1159
f 1123/1349/1137 1122/1347/1136 1137/1356/1151 1138/1358/1152
f 1116/1335/1130 673/1359/687 1131/1360/1145
f 680/1361/694 1130/1348/1144 1145/1357/1159
f 1124/1337/1138 1123/1349/1137 1138/1358/1152 1139/1362/1153
f 1117/1336/1131 1116/1335/1130 1131/1360/1145 1132/1363/1146
f 1125/1338/1139 1124/1337/1138 1139/1362/1153 1140/1364/1154
f 1118/1339/1132 1117/1336/1131 1132/1363/1146 1133/1365/1147
f 1126/1340/1140 1125/1338/1139 1140/1364/1154 1141/1366/1155
f 1119/1341/1133 1118/1339/1132 1133/1365/1147 1134/1367/1148
f 1127/1342/1141 1126/1340/1140 1141/1366/1155 1142/1368/1156
f 1120/1343/1134 1119/1341/1133 1134/1367/1148 1135/1352/1149
f 1128/1344/1142 1127/1342/1141 1142/1368/1156 1143/1354/1157
f 1140/1364/1154 1139/1362/1153 678/817/692 1150/816/1164
f 1133/1365/1147 1132/1363/1146 1147/812/1161 674/820/688
f 1141/1366/1155 1140/1364/1154 1150/816/1164 679/822/693
f 1134/1367/1148 1133/1365/1147 674/820/688 1148/824/1162
f 1142/1368/1156 1141/1366/1155 679/822/693 1151/826/1165
f 1135/1352/1149 1134/1367/1148 1148/824/1162 675/828/689
f 1143/1354/1157 1142/1368/1156 1151/826/1165 1152/830/1166
f 1136/1353/1150 1135/1352/1149 675/828/689 1149/832/1163
f 1144/1355/1158 1143/1354/1157 1152/830/1166 1153/834/1167
f 1137/1356/1151 1136/1353/1150 1149/832/1163 676/836/690
f 1145/1357/1159 1144/1355/1158 1153/834/1167 1154/838/1168
f 1138/1358/1152 1137/1356/1151 676/836/690 677/840/691
f 1131/1360/1145 673/1369/687 1146/813/1160
f 680/1370/694 1145/1357/1159 1154/838/1168
f 1139/1362/1153 1138/1358/1152 677/840/691 678/817/692
f 1132/1363/1146 1131/1360/1145 1146/813/1160 1147/812/1161
o neck
v 0.000000 5.730000 0.000000
v 0.000000 5.682811 -0.100003
v 0.000000 5.605559 -0.149665
v 0.000000 5.504625 -0.176541
v 0.000000 5.450000 -0.180000
v 0.000000 5.395374 -0.176541
v 0.000000 5.294440 -0.149665
v 0.000000 5.170000 0.000000
v 0.007231 5.724620 -0.034442
v 0.014185 5.708686 -0.067559
v 0.020593 5.682811 -0.098081
v 0.026210 5.647990 -0.124834
v 0.030820 5.605559 -0.146789
v 0.034246 5.557151 -0.163103
v 0.036355 5.504625 -0.173149
v 0.037067 5.450000 -0.176541
v 0.036355 5.395374 -0.173149
v 0.034246 5.342848 -0.163103
v 0.030820 5.294440 -0.146789
v 0.026210 5.252010 -0.124834
v 0.020593 5.217188 -0.098081
v 0.014185 5.191314 -0.067559
v 0.007231 5.175380 -0.034442
v 0.014185 5.724620 -0.032443
v 0.027825 5.708686 -0.063640
v 0.040395 5.682811 -0.092390
v 0.051414 5.647990 -0.117591
v 0.060456 5.605559 -0.138272
v 0.067175 5.557151 -0.153640
v 0.071313 5.504625 -0.163103
v 0.072710 5.450000 -0.166298
v 0.071313 5.395374 -0.163103
v 0.067175 5.342848 -0.153640
v 0.060456 5.294440 -0.138272
v 0.051414 5.252010 -0.117591
v 0.040395 5.217188 -0.092390
v 0.027825 5.191314 -0.063640
v 0.014185 5.175380 -0.032443
v 0.020593 5.724620 -0.029198
v 0.040395 5.708686 -0.057274
v 0.058645 5.682811 -0.083149
v 0.074641 5.647990 -0.105829
v 0.087769 5.605559 -0.124441
v 0.097523 5.557151 -0.138272
v 0.103530 5.504625 -0.146789
v 0.105558 5.450000 -0.149665
v 0.103530 5.395374 -0.146789
v 0.097523 5.342848 -0.138272
v 0.087769 5.294440 -0.124441
v 0.074641 5.252010 -0.105829
v 0.058645 5.217188 -0.083149
v 0.040395 5.191314 -0.057274
v 0.020593 5.175380 -0.029198
v 0.026210 5.724620 -0.024831
v 0.051414 5.708686 -0.048708
v 0.074641 5.682811 -0.070713
v 0.095000 5.647990 -0.090000
v 0.111708 5.605559 -0.105829
v 0.124123 5.557151 -0.117591
v 0.131769 5.504625 -0.124834
v 0.134350 5.450000 -0.127279
v 0.131769 5.395374 -0.124834
v 0.124123 5.342848 -0.117591
v 0.111708 5.294440 -0.105829
v 0.095000 5.252010 -0.090000
v 0.074641 5.217188 -0.070713
v 0.051414 5.191314 -0.048708
v 0.026210 5.175380 -0.024831
v 0.030820 5.724620 -0.019510
v 0.060456 5.708686 -0.038269
v 0.087769 5.682811 -0.055558
v 0.111708 5.647990 -0.070713
v 0.131355 5.605559 -0.083149
v 0.145954 5.557151 -0.092390
v 0.154944 5.504625 -0.098081
v 0.157979 5.450000 -0.100003
v 0.154944 5.395374 -0.098081
v 0.145954 5.342848 -0.092390
v 0.131355 5.294440 -0.083149
v 0.111708 5.252010 -0.070713
v 0.087769 5.217188 -0.055558
v 0.060456 5.191314 -0.038269
v 0.030820 5.175380 -0.019510
v 0.034246 5.724620 -0.013438
v 0.067175 5.708686 -0.026360
v 0.097523 5.682811 -0.038269
v 0.124123 5.647990 -0.048708
v 0.145954 5.605559 -0.057274
v 0.162175 5.557151 -0.063640
v 0.172164 5.504625 -0.067559
v 0.175537 5.450000 -0.068883
v 0.172164 5.395374 -0.067559
v 0.162175 5.342848 -0.063640
v 0.145954 5.294440 -0.057274
v 0.124123 5.252010 -0.048708
v 0.097523 5.217188 -0.038269
v 0.067175 5.191314 -0.026360
v 0.034246 5.175380 -0.013438
v 0.036355 5.724620 -0.006851
v 0.071313 5.708686 -0.013438
v 0.103530 5.682811 -0.019510
v 0.131769 5.647990 -0.024831
v 0.154944 5.605559 -0.029198
v 0.172164 5.557151 -0.032443
v 0.182769 5.504625 -0.034441
v 0.186349 5.450000 -0.035116
v 0.182769 5.395374 -0.034441
v 0.172164 5.342848 -0.032443
v 0.154944 5.294440 -0.029198
v 0.131769 5.252010 -0.024831
v 0.103530 5.217188 -0.019510
v 0.071313 5.191314 -0.013438
v 0.036355 5.175380 -0.006851
v 0.037067 5.724620 0.000000
v 0.072710 5.708686 0.000000
v 0.105558 5.682811 0.000000
v 0.134350 5.647990 -0.000000
v 0.157979 5.605559 0.000000
v 0.175537 5.557151 -0.000000
v 0.186349 5.504625 0.000000
v 0.190000 5.450000 0.000000
v 0.186349 5.395374 0.000000
v 0.175537 5.342848 -0.000000
v 0.157979 5.294440 0.000000
v 0.134350 5.252010 -0.000000
v 0.105558 5.217188 0.000000
v 0.072710 5.191314 0.000000
v 0.037067 5.175380 0.000000
v 0.036355 5.724620 0.006851
v 0.071313 5.708686 0.013438
v 0.103530 5.682811 0.019510
v 0.131769 5.647990 0.024831
v 0.154944 5.605559 0.029198
v 0.172164 5.557151 0.032443
v 0.182769 5.504625 0.034442
v 0.186349 5.450000 0.035116
v 0.182769 5.395374 0.034442
v 0.172164 5.342848 0.032443
v 0.154944 5.294440 0.029198
v 0.131769 5.252010 0.024831
v 0.103530 5.217188 0.019510
v 0.071313 5.191314 0.013438
v 0.036355 5.175380 0.006851
v 0.034246 5.724620 0.013438
v 0.067175 5.708686 0.026360
v 0.097523 5.682811 0.038269
v 0.124123 5.647990 0.048708
v 0.145954 5.605559 0.057274
v 0.162175 5.557151 0.063640
v 0.172164 5.504625 0.067559
v 0.175537 5.450000 0.068883
v 0.172164 5.395374 0.067559
v 0.162175 5.342848 0.063640
v 0.145954 5.294440 0.057274
v 0.124123 5.252010 0.048708
v 0.097523 5.217188 0.038269
v 0.067175 5.191314 0.026360
v 0.034246 5.175380 0.013438
v 0.030820 5.724620 0.019510
v 0.060456 5.708686 0.038269
v 0.087769 5.682811 0.055558
v 0.111708 5.647990 0.070713
v 0.131355 5.605559 0.083149
v 0.145954 5.557151 0.092390
v 0.154944 5.504625 0.098081
v 0.157979 5.450000 0.100003
v 0.154944 5.395374 0.098081
v 0.145954 5.342848 0.092390
v 0.131355 5.294440 0.083149
v 0.111708 5.252010 0.070713
v 0.087769 5.217188 0.055558
v 0.060456 5.191314 0.038269
v 0.030820 5.175380 0.019510
v 0.026210 5.724620 0.024831
v 0.051414 5.708686 0.048708
v 0.074641 5.682811 0.070713
v 0.095000 5.647990 0.090000
v 0.111708 5.605559 0.105829
v 0.124123 5.557151 0.117591
v 0.131769 5.504625 0.124834
v 0.134350 5.450000 0.127279
v 0.131769 5.395374 0.124834
v 0.124123 5.342848 0.117591
v 0.111708 5.294440 0.105829
v 0.095000 5.252010 0.090000
v 0.074641 5.217188 0.070713
v 0.051414 5.191314 0.048708
v 0.026210 5.175380 0.024831
v 0.020593 5.724620 0.029198
v 0.040395 5.708686 0.057274
v 0.058645 5.682811 0.083149
v 0.074641 5.647990 0.105829
v 0.087769 5.605559 0.124441
v 0.097523 5.557151 0.138272
v 0.103530 5.504625 0.146789
v 0.105558 5.450000 0.149664
v 0.103530 5.395374 0.146789
v 0.097523 5.342848 0.138272
v 0.087769 5.294440 0.124441
v 0.074641 5.252010 0.105829
v 0.058645 5.217188 0.083149
v 0.040395 5.191314 0.057274
v 0.020593 5.175380 0.029198
v 0.014185 5.724620 0.032443
v 0.027825 5.708686 0.063640
v 0.040395 5.682811 0.092390
v 0.051414 5.647990 0.117591
v 0.060456 5.605559 0.138272
v 0.067175 5.557151 0.153640
v 0.071313 5.504625 0.163103
v 0.072710 5.450000 0.166298
v 0.071313 5.395374 0.163103
v 0.067175 5.342848 0.153640
v 0.060456 5.294440 0.138272
v 0.051414 5.252010 0.117591
v 0.040395 5.217188 0.092390
v 0.027825 5.191314 0.063640
v 0.014185 5.175380 0.032443
v 0.007231 5.724620 0.034441
v 0.014185 5.708686 0.067559
v 0.020593 5.682811 0.098081
v 0.026210 5.647990 0.124834
v 0.030820 5.605559 0.146789
v 0.034246 5.557151 0.163103
v 0.036355 5.504625 0.173149
v 0.037067 5.450000 0.176541
v 0.036355 5.395374 0.173149
v 0.034246 5.342848 0.163103
v 0.030820 5.294440 0.146789
v 0.026210 5.252010 0.124834
v 0.020593 5.217188 0.098081
v 0.014185 5.191314 0.067559
v 0.007231 5.175380 0.034441
v -0.000000 5.724620 0.035116
v -0.000000 5.708686 0.068883
v -0.000000 5.682811 0.100003
v -0.000000 5.647990 0.127279
v -0.000000 5.605559 0.149664
v 0.000000 5.557151 0.166298
v -0.000000 5.504625 0.176541
v -0.000000 5.450000 0.180000
v -0.000000 5.395374 0.176541
v 0.000000 5.342848 0.166298
v -0.000000 5.294440 0.149664
v -0.000000 5.252010 0.127279
v -0.000000 5.217188 0.100003
v -0.000000 5.191314 0.068883
v -0.000000 5.175380 0.035116
v -0.007231 5.724620 0.034441
v -0.014185 5.708686 0.067559
v -0.020593 5.682811 0.098081
v -0.026210 5.647990 0.124834
v -0.030820 5.605559 0.146789
v -0.034246 5.557151 0.163103
v -0.036355 5.504625 0.173149
v -0.037067 5.450000 0.176541
v -0.036355 5.395374 0.173149
v -0.034246 5.342848 0.163103
v -0.030820 5.294440 0.146789
v -0.026210 5.252010 0.124834
v -0.020593 5.217188 0.098081
v -0.014185 5.191314 0.067559
v -0.007231 5.175380 0.034441
v -0.014185 5.724620 0.032443
v -0.027825 5.708686 0.063640
v -0.040395 5.682811 0.092390
v -0.051414 5.647990 0.117591
v -0.060456 5.605559 0.138272
v -0.067175 5.557151 0.153640
v -0.071313 5.504625 0.163103
v -0.072710 5.450000 0.166298
v -0.071313 5.395374 0.163103
v -0.067175 5.342848 0.153640
v -0.060456 5.294440 0.138272
v -0.051414 5.252010 0.117591
v -0.040395 5.217188 0.092390
v -0.027825 5.191314 0.063640
v -0.014185 5.175380 0.032443
v -0.020593 5.724620 0.029198
v -0.040395 5.708686 0.057274
v -0.058645 5.682811 0.083149
v -0.074641 5.647990 0.105829
v -0.087769 5.605559 0.124441
v -0.097523 5.557151 0.138272
v -0.103530 5.504625 0.146789
v -0.105558 5.450000 0.149664
v -0.103530 5.395374 0.146789
v -0.097523 5.342848 0.138272
v -0.087769 5.294440 0.124441
v -0.074641 5.252010 0.105829
v -0.058645 5.217188 0.083149
v -0.040395 5.191314 0.057274
v -0.020593 5.175380 0.029198
v -0.026210 5.724620 0.024831
v -0.051414 5.708686 0.048708
v -0.074641 5.682811 0.070712
v -0.095000 5.647990 0.090000
v -0.111708 5.605559 0.105829
v -0.124123 5.557151 0.117591
v -0.131769 5.504625 0.124834
v -0.134350 5.450000 0.127279
v -0.131769 5.395374 0.124834
v -0.124123 5.342848 0.117591
v -0.111708 5.294440 0.105829
v -0.095000 5.252010 0.090000
v -0.074641 5.217188 0.070712
v -0.051414 5.191314 0.048708
v -0.026210 5.175380 0.024831
v -0.030820 5.724620 0.019510
v -0.060456 5.708686 0.038269
v -0.087769 5.682811 0.055558
v -0.111708 5.647990 0.070713
v -0.131355 5.605559 0.083149
v -0.145954 5.557151 0.092390
v -0.154944 5.504625 0.098081
v -0.157979 5.450000 0.100002
v -0.154944 5.395374 0.098081
v -0.145954 5.342848 0.092390
v -0.131355 5.294440 0.083149
v -0.111708 5.252010 0.070713
v -0.087769 5.217188 0.055558
v -0.060456 5.191314 0.038269
v -0.030820 5.175380 0.019510
v -0.034246 5.724620 0.013438
v -0.067175 5.708686 0.026360
v -0.097523 5.682811 0.038269
v -0.124123 5.647990 0.048708
v -0.145954 5.605559 0.057274
v -0.162175 5.557151 0.063640
v -0.172164 5.504625 0.067559
v -0.175537 5.450000 0.068883
v -0.172164 5.395374 0.067559
v -0.162175 5.342848 0.063640
v -0.145954 5.294440 0.057274
v -0.124123 5.252010 0.048708
v -0.097523 5.217188 0.038269
v -0.067175 5.191314 0.026360
v -0.034246 5.175380 0.013438
v -0.036355 5.724620 0.006851
v -0.071313 5.708686 0.013438
v -0.103530 5.682811 0.019510
v -0.131769 5.647990 0.024831
v -0.154944 5.605559 0.029198
v -0.172164 5.557151 0.032443
v -0.182768 5.504625 0.034441
v -0.186349 5.450000 0.035116
v -0.182768 5.395374 0.034441
v -0.172164 5.342848 0.032443
v -0.154944 5.294440 0.029198
v -0.131769 5.252010 0.024831
v -0.103530 5.217188 0.019510
v -0.071313 5.191314 0.013438
v -0.036355 5.175380 0.006851
v -0.037067 5.724620 -0.000000
v -0.072710 5.708686 -0.000000
v -0.105558 5.682811 -0.000000
v -0.134350 5.647990 -0.000000
v -0.157979 5.605559 -0.000000
v -0.175537 5.557151 -0.000000
v -0.186349 5.504625 -0.000000
v -0.190000 5.450000 -0.000000
v -0.186349 5.395374 -0.000000
v -0.175537 5.342848 -0.000000
v -0.157979 5.294440 -0.000000
v -0.134350 5.252010 -0.000000
v -0.105558 5.217188 -0.000000
v -0.072710 5.191314 -0.000000
v -0.037067 5.175380 -0.000000
v -0.036355 5.724620 -0.006851
v -0.071313 5.708686 -0.013438
v -0.103530 5.682811 -0.019510
v -0.131769 5.647990 -0.024831
v -0.154944 5.605559 -0.029198
v -0.172164 5.557151 -0.032443
v -0.182768 5.504625 -0.034442
v -0.186349 5.450000 -0.035116
v -0.182768 5.395374 -0.034442
v -0.172164 5.342848 -0.032443
v -0.154944 5.294440 -0.029198
v -0.131769 5.252010 -0.024831
v -0.103530 5.217188 -0.019510
v -0.071313 5.191314 -0.013438
v -0.036355 5.175380 -0.006851
v -0.034246 5.724620 -0.013438
v -0.067175 5.708686 -0.026360
v -0.097523 5.682811 -0.038269
v -0.124123 5.647990 -0.048708
v -0.145954 5.605559 -0.057274
v -0.162175 5.557151 -0.063640
v -0.172164 5.504625 -0.067559
v -0.175537 5.450000 -0.068883
v -0.172164 5.395374 -0.067559
v -0.162175 5.342848 -0.063640
v -0.145954 5.294440 -0.057274
v -0.124123 5.252010 -0.048708
v -0.097523 5.217188 -0.038269
v -0.067175 5.191314 -0.026360
v -0.034246 5.175380 -0.013438
v -0.030820 5.724620 -0.019510
v -0.060456 5.708686 -0.038269
v -0.087768 5.682811 -0.055558
v -0.111708 5.647990 -0.070713
v -0.131355 5.605559 -0.083149
v -0.145954 5.557151 -0.092390
v -0.154944 5.504625 -0.098081
v -0.157979 5.450000 -0.100003
v -0.154944 5.395374 -0.098081
v -0.145954 5.342848 -0.092390
v -0.131355 5.294440 -0.083149
v -0.111708 5.252010 -0.070713
v -0.087768 5.217188 -0.055558
v -0.060456 5.191314 -0.038269
v -0.030820 5.175380 -0.019510
v -0.026210 5.724620 -0.024831
v -0.051414 5.708686 -0.048708
v -0.074641 5.682811 -0.070713
v -0.095000 5.647990 -0.090000
v -0.111708 5.605559 -0.105829
v -0.124123 5.557151 -0.117591
v -0.131769 5.504625 -0.124834
v -0.134350 5.450000 -0.127279
v -0.131769 5.395374 -0.124834
v -0.124123 5.342848 -0.117591
v -0.111708 5.294440 -0.105829
v -0.095000 5.252010 -0.090000
v -0.074641 5.217188 -0.070713
v -0.051414 5.191314 -0.048708
v -0.026210 5.175380 -0.024831
v -0.020593 5.724620 -0.029198
v -0.040395 5.708686 -0.057274
v -0.058645 5.682811 -0.083149
v -0.074641 5.647990 -0.105829
v -0.087768 5.605559 -0.124441
v -0.097523 5.557151 -0.138272
v -0.103530 5.504625 -0.146789
v -0.105558 5.450000 -0.149664
v -0.103530 5.395374 -0.146789
v -0.097523 5.342848 -0.138272
v -0.087768 5.294440 -0.124441
v -0.074641 5.252010 -0.105829
v -0.058645 5.217188 -0.083149
v -0.040395 5.191314 -0.057274
v -0.020593 5.175380 -0.029198
v -0.014185 5.724620 -0.032443
v -0.027825 5.708686 -0.063640
v -0.040395 5.682811 -0.092390
v -0.051414 5.647990 -0.117591
v -0.060456 5.605559 -0.138272
v -0.067175 5.557151 -0.153640
v -0.071313 5.504625 -0.163103
v -0.072710 5.450000 -0.166298
v -0.071313 5.395374 -0.163103
v -0.067175 5.342848 -0.153640
v -0.060456 5.294440 -0.138272
v -0.051414 5.252010 -0.117591
v -0.040395 5.217188 -0.092390
v -0.027825 5.191314 -0.063640
v -0.014185 5.175380 -0.032443
v -0.007231 5.724620 -0.034441
v -0.014185 5.708686 -0.067559
v -0.020593 5.682811 -0.098081
v -0.026210 5.647990 -0.124834
v -0.030820 5.605559 -0.146789
v -0.034246 5.557151 -0.163103
v -0.036355 5.504625 -0.173149
v -0.037067 5.450000 -0.176541
v -0.036355 5.395374 -0.173149
v -0.034246 5.342848 -0.163103
v -0.030820 5.294440 -0.146789
v -0.026210 5.252010 -0.124834
v -0.020593 5.217188 -0.098081
v -0.014185 5.191314 -0.067559
v -0.007231 5.175380 -0.034441
v 0.000000 5.724620 -0.035116
v 0.000000 5.708686 -0.068883
v 0.000000 5.647990 -0.127279
v 0.000000 5.557151 -0.166298
v 0.000000 5.342848 -0.166298
v 0.000000 5.252010 -0.127279
v 0.000000 5.217188 -0.100003
v 0.000000 5.191314 -0.068883
v 0.000000 5.175380 -0.035116
vn -0.0000 1.0000 -0.0000
vn -0.0000 0.6936 -0.7204
vn -0.0000 0.3953 -0.9185
vn -0.0000 0.1271 -0.9919
vn -0.0000 -0.0000 -1.0000
vn -0.0000 -0.1271 -0.9919
vn -0.0000 -0.3953 -0.9185
vn -0.0000 -1.0000 -0.0000
vn 0.0553 0.9541 -0.2943
vn 0.1003 0.8405 -0.5325
vn 0.1333 0.6943 -0.7072
vn 0.1558 0.5421 -0.8257
vn 0.1702 0.3960 -0.9023
vn 0.1791 0.2582 -0.9493
vn 0.1839 0.1273 -0.9747
vn 0.1854 -0.0000 -0.9827
vn 0.1839 -0.1273 -0.9747
vn 0.1791 -0.2582 -0.9493
vn 0.1702 -0.3960 -0.9023
vn 0.1558 -0.5421 -0.8257
vn 0.1333 -0.6943 -0.7072
vn 0.1003 -0.8405 -0.5325
vn 0.0553 -0.9541 -0.2943
vn 0.1086 0.9546 -0.2775
vn 0.1972 0.8417 -0.5026
vn 0.2623 0.6962 -0.6682
vn 0.3067 0.5442 -0.7809
vn 0.3355 0.3978 -0.8539
vn 0.3532 0.2596 -0.8988
vn 0.3627 0.1280 -0.9231
vn 0.3657 -0.0000 -0.9307
vn 0.3627 -0.1280 -0.9231
vn 0.3532 -0.2596 -0.8988
vn 0.3355 -0.3978 -0.8539
vn 0.3067 -0.5442 -0.7809
vn 0.2623 -0.6962 -0.6682
vn 0.1972 -0.8417 -0.5026
vn 0.1086 -0.9546 -0.2775
vn 0.1580 0.9552 -0.2503
vn 0.2871 0.8437 -0.4536
vn 0.3826 0.6991 -0.6040
vn 0.4479 0.5474 -0.7069
vn 0.4905 0.4006 -0.7739
vn 0.5167 0.2616 -0.8152
vn 0.5309 0.1291 -0.8375
vn 0.5354 -0.0000 -0.8446
vn 0.5309 -0.1291 -0.8375
vn 0.5167 -0.2616 -0.8152
vn 0.4905 -0.4006 -0.7739
vn 0.4479 -0.5474 -0.7069
vn 0.3826 -0.6991 -0.6040
vn 0.2871 -0.8437 -0.4536
vn 0.1580 -0.9552 -0.2503
vn 0.2016 0.9560 -0.2133
vn 0.3666 0.8460 -0.3871
vn 0.4895 0.7026 -0.5164
vn 0.5742 0.5512 -0.6054
vn 0.6296 0.4039 -0.6637
vn 0.6638 0.2641 -0.6997
vn 0.6824 0.1304 -0.7193
vn 0.6883 -0.0000 -0.7254
vn 0.6824 -0.1304 -0.7193
vn 0.6638 -0.2641 -0.6997
vn 0.6296 -0.4039 -0.6637
vn 0.5742 -0.5512 -0.6054
vn 0.4895 -0.7026 -0.5164
vn 0.3666 -0.8460 -0.3871
vn 0.2016 -0.9560 -0.2133
vn 0.2376 0.9567 -0.1680
vn 0.4326 0.8483 -0.3052
vn 0.5787 0.7061 -0.4080
vn 0.6800 0.5550 -0.4791
vn 0.7466 0.4074 -0.5259
vn 0.7880 0.2666 -0.5550
vn 0.8105 0.1317 -0.5708
vn 0.8176 -0.0000 -0.5758
vn 0.8105 -0.1317 -0.5708
vn 0.7880 -0.2666 -0.5550
vn 0.7466 -0.4074 -0.5259
vn 0.6800 -0.5550 -0.4791
vn 0.5787 -0.7061 -0.4080
vn 0.4326 -0.8483 -0.3052
vn 0.2376 -0.9567 -0.1680
vn 0.2645 0.9574 -0.1160
vn 0.4821 0.8503 -0.2109
vn 0.6460 0.7092 -0.2823
vn 0.7602 0.5584 -0.3321
vn 0.8357 0.4104 -0.3649
vn 0.8827 0.2688 -0.3854
vn 0.9084 0.1328 -0.3966
vn 0.9165 -0.0000 -0.4001
vn 0.9084 -0.1328 -0.3966
vn 0.8827 -0.2688 -0.3854
vn 0.8357 -0.4104 -0.3649
vn 0.7602 -0.5584 -0.3321
vn 0.6460 -0.7092 -0.2823
vn 0.4821 -0.8503 -0.2109
vn 0.2645 -0.9574 -0.1160
vn 0.2812 0.9578 -0.0592
vn 0.5129 0.8517 -0.1077
vn 0.6880 0.7112 -0.1444
vn 0.8104 0.5607 -0.1700
vn 0.8916 0.4124 -0.1870
vn 0.9423 0.2702 -0.1976
vn 0.9700 0.1336 -0.2033
vn 0.9787 -0.0000 -0.2052
vn 0.9700 -0.1336 -0.2033
vn 0.9423 -0.2702 -0.1976
vn 0.8916 -0.4124 -0.1870
vn 0.8104 -0.5607 -0.1700
vn 0.6880 -0.7112 -0.1444
vn 0.5129 -0.8517 -0.1077
vn 0.2812 -0.9578 -0.0592
vn 0.2869 0.9580 -0.0000
vn 0.5233 0.8522 -0.0000
vn 0.7022 0.7120 -0.0000
vn 0.8275 0.5615 -0.0000
vn 0.9107 0.4131 -0.0000
vn 0.9626 0.2708 -0.0000
vn 0.9910 0.1339 -0.0000
vn 1.0000 -0.0000 -0.0000
vn 0.9910 -0.1339 -0.0000
vn 0.9626 -0.2708 -0.0000
vn 0.9107 -0.4131 -0.0000
vn 0.8275 -0.5615 -0.0000
vn 0.7022 -0.7120 -0.0000
vn 0.5233 -0.8522 -0.0000
vn 0.2869 -0.9580 -0.0000
vn 0.2812 0.9578 0.0592
vn 0.5129 0.8517 0.1077
vn 0.6880 0.7112 0.1444
vn 0.8104 0.5607 0.1700
vn 0.8916 0.4124 0.1870
vn 0.9423 0.2702 0.1976
vn 0.9700 0.1336 0.2033
vn 0.9787 -0.0000 0.2052
vn 0.9700 -0.1336 0.2033
vn 0.9423 -0.2702 0.1976
vn 0.8916 -0.4124 0.1870
vn 0.8104 -0.5607 0.1700
vn 0.6880 -0.7112 0.1444
vn 0.5129 -0.8517 0.1077
vn 0.2812 -0.9578 0.0592
vn 0.2645 0.9574 0.1160
vn 0.4821 0.8503 0.2109
vn 0.6460 0.7092 0.2823
vn 0.7602 0.5584 0.3321
vn 0.8357 0.4104 0.3649
vn 0.8827 0.2688 0.3854
vn 0.9084 0.1328 0.3966
vn 0.9165 -0.0000 0.4001
vn 0.9084 -0.1328 0.3966
vn 0.8827 -0.2688 0.3854
vn 0.8357 -0.4104 0.3649
vn 0.7602 -0.5584 0.3321
vn 0.6460 -0.7092 0.2823
vn 0.4821 -0.8503 0.2109
vn 0.2645 -0.9574 0.1160
vn 0.2376 0.9567 0.1680
vn 0.4326 0.8483 0.3052
vn 0.5787 0.7061 0.4080
vn 0.6800 0.5550 0.4791
vn 0.7466 0.4074 0.5259
vn 0.7880 0.2666 0.5550
vn 0.8105 0.1317 0.5708
vn 0.8176 -0.0000 0.5758
vn 0.8105 -0.1317 0.5708
vn 0.7880 -0.2666 0.5550
vn 0.7466 -0.4074 0.5259
vn 0.6800 -0.5550 0.4791
vn 0.5787 -0.7061 0.4080
vn 0.4326 -0.8483 0.3052
vn 0.2376 -0.9567 0.1680
vn 0.2016 0.9560 0.2133
vn 0.3666 0.8460 0.3871
vn 0.4895 0.7026 0.5164
vn 0.5742 0.5512 0.6054
vn 0.6296 0.4039 0.6637
vn 0.6638 0.2641 0.6997
vn 0.6824 0.1303 0.7193
vn 0.6883 -0.0000 0.7254
vn 0.6824 -0.1303 0.7193
vn 0.6638 -0.2641 0.6997
vn 0.6296 -0.4039 0.6637
vn 0.5742 -0.5512 0.6054
vn 0.4895 -0.7026 0.5164
vn 0.3666 -0.8460 0.3871
vn 0.2016 -0.9560 0.2133
vn 0.1580 0.9552 0.2503
vn 0.2871 0.8437 0.4536
vn 0.3826 0.6991 0.6040
vn 0.4479 0.5474 0.7069
vn 0.4905 0.4006 0.7739
vn 0.5167 0.2616 0.8152
vn 0.5309 0.1291 0.8375
vn 0.5354 -0.0000 0.8446
vn 0.5309 -0.1291 0.8375
vn 0.5167 -0.2616 0.8152
vn 0.4905 -0.4006 0.7739
vn 0.4479 -0.5474 0.7069
vn 0.3826 -0.6991 0.6040
vn 0.2871 -0.8437 0.4536
vn 0.1580 -0.9552 0.2503
vn 0.1086 0.9546 0.2775
vn 0.1972 0.8417 0.5026
vn 0.2623 0.6962 0.6682
vn 0.3067 0.5442 0.7809
vn 0.3355 0.3978 0.8539
vn 0.3532 0.2596 0.8988
vn 0.3627 0.1280 0.9231
vn 0.3657 -0.0000 0.9307
vn 0.3627 -0.1280 0.9231
vn 0.3532 -0.2596 0.8988
vn 0.3355 -0.3978 0.8539
vn 0.3067 -0.5442 0.7809
vn 0.2623 -0.6962 0.6682
vn 0.1972 -0.8417 0.5026
vn 0.1086 -0.9546 0.2775
vn 0.0553 0.9541 0.2943
vn 0.1003 0.8405 0.5325
vn 0.1333 0.6943 0.7072
vn 0.1558 0.5421 0.8257
vn 0.1702 0.3960 0.9023
vn 0.1791 0.2582 0.9493
vn 0.1839 0.1273 0.9747
vn 0.1854 -0.0000 0.9827
vn 0.1839 -0.1273 0.9747
vn 0.1791 -0.2582 0.9493
vn 0.1702 -0.3960 0.9023
vn 0.1558 -0.5421 0.8257
vn 0.1333 -0.6943 0.7072
vn 0.1003 -0.8405 0.5325
vn 0.0553 -0.9541 0.2943
vn -0.0000 0.9540 0.2999
vn -0.0000 0.8400 0.5426
vn -0.0000 0.6936 0.7204
vn -0.0000 0.5414 0.8408
vn -0.0000 0.3953 0.9185
vn -0.0000 0.2578 0.9662
vn -0.0000 0.1271 0.9919
vn -0.0000 -0.0000 1.0000
vn -0.0000 -0.1271 0.9919
vn -0.0000 -0.2578 0.9662
vn -0.0000 -0.3953 0.9185
vn -0.0000 -0.5414 0.8408
vn -0.0000 -0.6936 0.7204
vn -0.0000 -0.8400 0.5426
vn -0.0000 -0.9540 0.2999
vn -0.0553 0.9541 0.2943
vn -0.1003 0.8405 0.5325
vn -0.1333 0.6943 0.7072
vn -0.1558 0.5421 0.8257
vn -0.1702 0.3960 0.9023
vn -0.1791 0.2582 0.9493
vn -0.1839 0.1273 0.9747
vn -0.1854 -0.0000 0.9827
vn -0.1839 -0.1273 0.9747
vn -0.1791 -0.2582 0.9493
vn -0.1702 -0.3960 0.9023
vn -0.1558 -0.5421 0.8257
vn -0.1333 -0.6943 0.7072
vn -0.1003 -0.8405 0.5325
vn -0.0553 -0.9541 0.2943
vn -0.1086 0.9546 0.2775
vn -0.1972 0.8417 0.5026
vn -0.2623 0.6962 0.6682
vn -0.3067 0.5442 0.7809
vn -0.3355 0.3978 0.8539
vn -0.3532 0.2596 0.8988
vn -0.3627 0.1280 0.9231
vn -0.3657 -0.0000 0.9307
vn -0.3627 -0.1280 0.9231
vn -0.3532 -0.2596 0.8988
vn -0.3355 -0.3978 0.8539
vn -0.3067 -0.5442 0.7809
vn -0.2623 -0.6962 0.6682
vn -0.1972 -0.8417 0.5026
vn -0.1086 -0.9546 0.2775
vn -0.1580 0.9552 0.2503
vn -0.2871 0.8437 0.4536
vn -0.3826 0.6991 0.6040
vn -0.4479 0.5474 0.7069
vn -0.4905 0.4006 0.7739
vn -0.5167 0.2616 0.8152
vn -0.5309 0.1291 0.8375
vn -0.5354 -0.0000 0.8446
vn -0.5309 -0.1291 0.8375
vn -0.5167 -0.2616 0.8152
vn -0.4905 -0.4006 0.7739
vn -0.4479 -0.5474 0.7069
vn -0.3826 -0.6991 0.6040
vn -0.2871 -0.8437 0.4536
vn -0.1580 -0.9552 0.2503
vn -0.2016 0.9560 0.2133
vn -0.3666 0.8460 0.3871
vn -0.4895 0.7026 0.5164
vn -0.5742 0.5512 0.6054
vn -0.6296 0.4039 0.6637
vn -0.6638 0.2641 0.6997
vn -0.6824 0.1303 0.7193
vn -0.6883 -0.0000 0.7254
vn -0.6824 -0.1303 0.7193
vn -0.6638 -0.2641 0.6997
vn -0.6296 -0.4039 0.6637
vn -0.5742 -0.5512 0.6054
vn -0.4895 -0.7026 0.5164
vn -0.3666 -0.8460 0.3871
vn -0.2016 -0.9560 0.2133
vn -0.2376 0.9567 0.1680
vn -0.4326 0.8483 0.3052
vn -0.5787 0.7061 0.4080
vn -0.6800 0.5550 0.4791
vn -0.7466 0.4074 0.5259
vn -0.7880 0.2666 0.5550
vn -0.8105 0.1317 0.5708
vn -0.8176 -0.0000 0.5758
vn -0.8105 -0.1317 0.5708
vn -0.7880 -0.2666 0.5550
vn -0.7466 -0.4074 0.5259
vn -0.6800 -0.5550 0.4791
vn -0.5787 -0.7061 0.4080
vn -0.4326 -0.8483 0.3052
vn -0.2376 -0.9567 0.1680
vn -0.2645 0.9574 0.1160
vn -0.4821 0.8503 0.2109
vn -0.6460 0.7092 0.2823
vn -0.7602 0.5584 0.3321
vn -0.8357 0.4104 0.3649
vn -0.8827 0.2688 0.3854
vn -0.9084 0.1328 0.3966
vn -0.9165 -0.0000 0.4001
vn -0.9084 -0.1328 0.3966
vn -0.8827 -0.2688 0.3854
vn -0.8357 -0.4104 0.3649
vn -0.7602 -0.5584 0.3321
vn -0.6460 -0.7092 0.2823
vn -0.4821 -0.8503 0.2109
vn -0.2645 -0.9574 0.1160
vn -0.2812 0.9578 0.0592
vn -0.5129 0.8517 0.1077
vn -0.6880 0.7112 0.1444
vn -0.8104 0.5607 0.1700
vn -0.8916 0.4124 0.1870
vn -0.9423 0.2702 0.1976
vn -0.9700 0.1336 0.2033
vn -0.9787 -0.0000 0.2052
vn -0.9700 -0.1336 0.2033
vn -0.9423 -0.2702 0.1976
vn -0.8916 -0.4124 0.1870
vn -0.8104 -0.5607 0.1700
vn -0.6880 -0.7112 0.1444
vn -0.5129 -0.8517 0.1077
vn -0.2812 -0.9578 0.0592
vn -0.2869 0.9580 -0.0000
vn -0.5233 0.8522 -0.0000
vn -0.7022 0.7120 -0.0000
vn -0.8275 0.5615 -0.0000
vn -0.9107 0.4131 -0.0000
vn -0.9626 0.2708 -0.0000
vn -0.9910 0.1339 -0.0000
vn -1.0000 -0.0000 -0.0000
vn -0.9910 -0.1339 -0.0000
vn -0.9626 -0.2708 -0.0000
vn -0.9107 -0.4131 -0.0000
vn -0.8275 -0.5615 -0.0000
vn -0.7022 -0.7120 -0.0000
vn -0.5233 -0.8522 -0.0000
vn -0.2869 -0.9580 -0.0000
vn -0.2812 0.9578 -0.0592
vn -0.5129 0.8517 -0.1077
vn -0.6880 0.7112 -0.1444
vn -0.8104 0.5607 -0.1700
vn -0.8916 0.4124 -0.1870
vn -0.9423 0.2702 -0.1976
vn -0.9700 0.1336 -0.2033
vn -0.9787 -0.0000 -0.2052
vn -0.9700 -0.1336 -0.2033
vn -0.9423 -0.2702 -0.1976
vn -0.8916 -0.4124 -0.1870
vn -0.8104 -0.5607 -0.1700
vn -0.6880 -0.7112 -0.1444
vn -0.5129 -0.8517 -0.1077
vn -0.2812 -0.9578 -0.0592
vn -0.2645 0.9574 -0.1160
vn -0.4821 0.8503 -0.2109
vn -0.6460 0.7092 -0.2823
vn -0.7602 0.5584 -0.3321
vn -0.8357 0.4104 -0.3649
vn -0.8827 0.2688 -0.3854
vn -0.9084 0.1328 -0.3966
vn -0.9165 -0.0000 -0.4001
vn -0.9084 -0.1328 -0.3966
vn -0.8827 -0.2688 -0.3854
vn -0.8357 -0.4104 -0.3649
vn -0.7602 -0.5584 -0.3321
vn -0.6460 -0.7092 -0.2823
vn -0.4821 -0.8503 -0.2109
vn -0.2645 -0.9574 -0.1160
vn -0.2376 0.9567 -0.1680
vn -0.4326 0.8483 -0.3052
vn -0.5787 0.7061 -0.4080
vn -0.6800 0.5550 -0.4791
vn -0.7466 0.4074 -0.5259
vn -0.7880 0.2666 -0.5550
vn -0.8105 0.1317 -0.5708
vn -0.8176 -0.0000 -0.5758
vn -0.8105 -0.1317 -0.5708
vn -0.7880 -0.2666 -0.5550
vn -0.7466 -0.4074 -0.5259
vn -0.6800 -0.5550 -0.4791
vn -0.5787 -0.7061 -0.4080
vn -0.4326 -0.8483 -0.3052
vn -0.2376 -0.9567 -0.1680
vn -0.2016 0.9560 -0.2133
vn -0.3666 0.8460 -0.3871
vn -0.4895 0.7026 -0.5164
vn -0.5742 0.5512 -0.6054
vn -0.6296 0.4039 -0.6637
vn -0.6638 0.2641 -0.6997
vn -0.6824 0.1303 -0.7193
vn -0.6883 -0.0000 -0.7254
vn -0.6824 -0.1303 -0.7193
vn -0.6638 -0.2641 -0.6997
vn -0.6296 -0.4039 -0.6637
vn -0.5742 -0.5512 -0.6054
vn -0.4895 -0.7026 -0.5164
vn -0.3666 -0.8460 -0.3871
vn -0.2016 -0.9560 -0.2133
vn -0.1580 0.9552 -0.2503
vn -0.2871 0.8437 -0.4536
vn -0.3826 0.6991 -0.6040
vn -0.4479 0.5474 -0.7069
vn -0.4905 0.4006 -0.7739
vn -0.5167 0.2616 -0.8152
vn -0.5309 0.1291 -0.8375
vn -0.5354 -0.0000 -0.8446
vn -0.5309 -0.1291 -0.8375
vn -0.5167 -0.2616 -0.8152
vn -0.4905 -0.4006 -0.7739
vn -0.4479 -0.5474 -0.7069
vn -0.3826 -0.6991 -0.6040
vn -0.2871 -0.8437 -0.4536
vn -0.1580 -0.9552 -0.2503
vn -0.1086 0.9546 -0.2775
vn -0.1972 0.8417 -0.5026
vn -0.2623 0.6962 -0.6682
vn -0.3067 0.5442 -0.7809
vn -0.3355 0.3978 -0.8539
vn -0.3532 0.2596 -0.8988
vn -0.3627 0.1280 -0.9231
vn -0.3657 -0.0000 -0.9307
vn -0.3627 -0.1280 -0.9231
vn -0.3532 -0.2596 -0.8988
vn -0.3355 -0.3978 -0.8539
vn -0.3067 -0.5442 -0.7809
vn -0.2623 -0.6962 -0.6682
vn -0.1972 -0.8417 -0.5026
vn -0.1086 -0.9546 -0.2775
vn -0.0553 0.9541 -0.2943
vn -0.1003 0.8405 -0.5325
vn -0.1334 0.6943 -0.7072
vn -0.1558 0.5421 -0.8257
vn -0.1702 0.3960 -0.9023
vn -0.1791 0.2582 -0.9493
vn -0.1839 0.1273 -0.9747
vn -0.1854 -0.0000 -0.9827
vn -0.1839 -0.1273 -0.9747
vn -0.1791 -0.2582 -0.9493
vn -0.1702 -0.3960 -0.9023
vn -0.1558 -0.5421 -0.8257
vn -0.1333 -0.6943 -0.7072
vn -0.1003 -0.8405 -0.5325
vn -0.0553 -0.9541 -0.2943
vn -0.0000 0.9540 -0.2999
vn -0.0000 0.8400 -0.5426
vn -0.0000 0.5414 -0.8408
vn -0.0000 0.2578 -0.9662
vn -0.0000 -0.2578 -0.9662
vn -0.0000 -0.5414 -0.8408
vn -0.0000 -0.6936 -0.7204
vn -0.0000 -0.8400 -0.5426
vn -0.0000 -0.9540 -0.2999
vt 0.750000 0.875000
vt 0.750000 0.937500
vt 0.718750 0.937500
vt 0.718750 0.875000
vt 0.750000 0.375000
vt 0.750000 0.437500
vt 0.718750 0.437500
vt 0.718750 0.375000
vt 0.750000 0.812500
vt 0.718750 0.812500
vt 0.750000 0.312500
vt 0.718750 0.312500
vt 0.750000 0.750000
vt 0.718750 0.750000
vt 0.750000 0.250000
vt 0.718750 0.250000
vt 0.750000 0.687500
vt 0.718750 0.687500
vt 0.750000 0.187500
vt 0.718750 0.187500
vt 0.750000 0.625000
vt 0.718750 0.625000
vt 0.750000 0.125000
vt 0.718750 0.125000
vt 0.750000 0.562500
vt 0.718750 0.562500
vt 0.750000 0.062500
vt 0.718750 0.062500
vt 0.750000 0.500000
vt 0.718750 0.500000
vt 0.734375 1.000000
vt 0.734375 0.000000
vt 0.703125 1.000000
vt 0.687500 0.937500
vt 0.703125 0.000000
vt 0.687500 0.062500
vt 0.687500 0.500000
vt 0.687500 0.437500
vt 0.687500 0.875000
vt 0.687500 0.375000
vt 0.687500 0.812500
vt 0.687500 0.312500
vt 0.687500 0.750000
vt 0.687500 0.250000
vt 0.687500 0.687500
vt 0.687500 0.187500
vt 0.687500 0.625000
vt 0.687500 0.125000
vt 0.687500 0.562500
vt 0.656250 0.750000
vt 0.656250 0.687500
vt 0.656250 0.250000
vt 0.656250 0.187500
vt 0.656250 0.625000
vt 0.656250 0.125000
vt 0.656250 0.562500
vt 0.656250 0.062500
vt 0.656250 0.500000
vt 0.671875 1.000000
vt 0.656250 0.937500
vt 0.671875 0.000000
vt 0.656250 0.437500
vt 0.656250 0.875000
vt 0.656250 0.375000
vt 0.656250 0.812500
vt 0.656250 0.312500
vt 0.625000 0.500000
vt 0.625000 0.437500
vt 0.625000 0.937500
vt 0.625000 0.875000
vt 0.625000 0.375000
vt 0.625000 0.812500
vt 0.625000 0.312500
vt 0.625000 0.750000
vt 0.625000 0.250000
vt 0.625000 0.687500
vt 0.625000 0.187500
vt 0.625000 0.625000
vt 0.625000 0.125000
vt 0.625000 0.562500
vt 0.625000 0.062500
vt 0.640625 1.000000
vt 0.640625 0.000000
vt 0.593750 0.250000
vt 0.593750 0.187500
vt 0.593750 0.687500
vt 0.593750 0.625000
vt 0.593750 0.125000
vt 0.593750 0.562500
vt 0.593750 0.062500
vt 0.593750 0.500000
vt 0.609375 1.000000
vt 0.593750 0.937500
vt 0.609375 0.000000
vt 0.593750 0.437500
vt 0.593750 0.875000
vt 0.593750 0.375000
vt 0.593750 0.812500
vt 0.593750 0.312500
vt 0.593750 0.750000
vt 0.562500 0.937500
vt 0.562500 0.875000
vt 0.562500 0.437500
vt 0.562500 0.375000
vt 0.562500 0.812500
vt 0.562500 0.312500
vt 0.562500 0.750000
vt 0.562500 0.250000
vt 0.562500 0.687500
vt 0.562500 0.187500
vt 0.562500 0.625000
vt 0.562500 0.125000
vt 0.562500 0.562500
vt 0.562500 0.062500
vt 0.562500 0.500000
vt 0.578125 1.000000
vt 0.578125 0.000000
vt 0.531250 0.687500
vt 0.531250 0.625000
vt 0.531250 0.187500
vt 0.531250 0.125000
vt 0.531250 0.562500
vt 0.531250 0.062500
vt 0.531250 0.500000
vt 0.546875 1.000000
vt 0.531250 0.937500
vt 0.546875 0.000000
vt 0.531250 0.437500
vt 0.531250 0.875000
vt 0.531250 0.375000
vt 0.531250 0.812500
vt 0.531250 0.312500
vt 0.531250 0.750000
vt 0.531250 0.250000
vt 0.500000 0.437500
vt 0.500000 0.375000
vt 0.500000 0.875000
vt 0.500000 0.812500
vt 0.500000 0.312500
vt 0.500000 0.750000
vt 0.500000 0.250000
vt 0.500000 0.687500
vt 0.500000 0.187500
vt 0.500000 0.625000
vt 0.500000 0.125000
vt 0.500000 0.562500
vt 0.500000 0.062500
vt 0.500000 0.500000
vt 0.515625 1.000000
vt 0.500000 0.937500
vt 0.515625 0.000000
vt 0.468750 0.187500
vt 0.468750 0.125000
vt 0.468750 0.625000
vt 0.468750 0.562500
vt 0.468750 0.062500
vt 0.468750 0.500000
vt 0.484375 1.000000
vt 0.468750 0.937500
vt 0.484375 0.000000
vt 0.468750 0.437500
vt 0.468750 0.875000
vt 0.468750 0.375000
vt 0.468750 0.812500
vt 0.468750 0.312500
vt 0.468750 0.750000
vt 0.468750 0.250000
vt 0.468750 0.687500
vt 0.437500 0.375000
vt 0.437500 0.312500
vt 0.437500 0.812500
vt 0.437500 0.750000
vt 0.437500 0.250000
vt 0.437500 0.687500
vt 0.437500 0.187500
vt 0.437500 0.625000
vt 0.437500 0.125000
vt 0.437500 0.562500
vt 0.437500 0.062500
vt 0.437500 0.500000
vt 0.453125 1.000000
vt 0.437500 0.937500
vt 0.453125 0.000000
vt 0.437500 0.437500
vt 0.437500 0.875000
vt 0.406250 0.125000
vt 0.406250 0.062500
vt 0.406250 0.562500
vt 0.406250 0.500000
vt 0.421875 1.000000
vt 0.406250 0.937500
vt 0.421875 0.000000
vt 0.406250 0.437500
vt 0.406250 0.875000
vt 0.406250 0.375000
vt 0.406250 0.812500
vt 0.406250 0.312500
vt 0.406250 0.750000
vt 0.406250 0.250000
vt 0.406250 0.687500
vt 0.406250 0.187500
vt 0.406250 0.625000
vt 0.375000 0.812500
vt 0.375000 0.750000
vt 0.375000 0.312500
vt 0.375000 0.250000
vt 0.375000 0.687500
vt 0.375000 0.187500
vt 0.375000 0.625000
vt 0.375000 0.125000
vt 0.375000 0.562500
vt 0.375000 0.062500
vt 0.375000 0.500000
vt 0.390625 1.000000
vt 0.375000 0.937500
vt 0.390625 0.000000
vt 0.375000 0.437500
vt 0.375000 0.875000
vt 0.375000 0.375000
vt 0.343750 0.562500
vt 0.343750 0.500000
vt 0.359375 1.000000
vt 0.343750 0.937500
vt 0.359375 0.000000
vt 0.343750 0.062500
vt 0.343750 0.437500
vt 0.343750 0.875000
vt 0.343750 0.375000
vt 0.343750 0.812500
vt 0.343750 0.312500
vt 0.343750 0.750000
vt 0.343750 0.250000
vt 0.343750 0.687500
vt 0.343750 0.187500
vt 0.343750 0.625000
vt 0.343750 0.125000
vt 0.312500 0.312500
vt 0.312500 0.250000
vt 0.312500 0.750000
vt 0.312500 0.687500
vt 0.312500 0.187500
vt 0.312500 0.625000
vt 0.312500 0.125000
vt 0.312500 0.562500
vt 0.312500 0.062500
vt 0.312500 0.500000
vt 0.328125 1.000000
vt 0.312500 0.937500
vt 0.328125 0.000000
vt 0.312500 0.437500
vt 0.312500 0.875000
vt 0.312500 0.375000
vt 0.312500 0.812500
vt 0.296875 1.000000
vt 0.281250 0.937500
vt 0.296875 0.000000
vt 0.281250 0.062500
vt 0.281250 0.500000
vt 0.281250 0.437500
vt 0.281250 0.875000
vt 0.281250 0.375000
vt 0.281250 0.812500
vt 0.281250 0.312500
vt 0.281250 0.750000
vt 0.281250 0.250000
vt 0.281250 0.687500
vt 0.281250 0.187500
vt 0.281250 0.625000
vt 0.281250 0.125000
vt 0.281250 0.562500
vt 0.250000 0.750000
vt 0.250000 0.687500
vt 0.250000 0.250000
vt 0.250000 0.187500
vt 0.250000 0.625000
vt 0.250000 0.125000
vt 0.250000 0.562500
vt 0.250000 0.062500
vt 0.250000 0.500000
vt 0.265625 1.000000
vt 0.250000 0.937500
vt 0.265625 0.000000
vt 0.250000 0.437500
vt 0.250000 0.875000
vt 0.250000 0.375000
vt 0.250000 0.812500
vt 0.250000 0.312500
vt 0.218750 0.500000
vt 0.218750 0.437500
vt 0.218750 0.937500
vt 0.218750 0.875000
vt 0.218750 0.375000
vt 0.218750 0.812500
vt 0.218750 0.312500
vt 0.218750 0.750000
vt 0.218750 0.250000
vt 0.218750 0.687500
vt 0.218750 0.187500
vt 0.218750 0.625000
vt 0.218750 0.125000
vt 0.218750 0.562500
vt 0.218750 0.062500
vt 0.234375 1.000000
vt 0.234375 0.000000
vt 0.187500 0.250000
vt 0.187500 0.187500
vt 0.187500 0.687500
vt 0.187500 0.625000
vt 0.187500 0.125000
vt 0.187500 0.562500
vt 0.187500 0.062500
vt 0.187500 0.500000
vt 0.203125 1.000000
vt 0.187500 0.937500
vt 0.203125 0.000000
vt 0.187500 0.437500
vt 0.187500 0.875000
vt 0.187500 0.375000
vt 0.187500 0.812500
vt 0.187500 0.312500
vt 0.187500 0.750000
vt 0.156250 0.437500
vt 0.156250 0.375000
vt 0.156250 0.875000
vt 0.156250 0.812500
vt 0.156250 0.312500
vt 0.156250 0.750000
vt 0.156250 0.250000
vt 0.156250 0.687500
vt 0.156250 0.187500
vt 0.156250 0.625000
vt 0.156250 0.125000
vt 0.156250 0.562500
vt 0.156250 0.062500
vt 0.156250 0.500000
vt 0.171875 1.000000
vt 0.156250 0.937500
vt 0.171875 0.000000
vt 0.125000 0.187500
vt 0.125000 0.125000
vt 0.125000 0.625000
vt 0.125000 0.562500
vt 0.125000 0.062500
vt 0.125000 0.500000
vt 0.140625 1.000000
vt 0.125000 0.937500
vt 0.140625 0.000000
vt 0.125000 0.437500
vt 0.125000 0.875000
vt 0.125000 0.375000
vt 0.125000 0.812500
vt 0.125000 0.312500
vt 0.125000 0.750000
vt 0.125000 0.250000
vt 0.125000 0.687500
vt 0.093750 0.875000
vt 0.093750 0.812500
vt 0.093750 0.375000
vt 0.093750 0.312500
vt 0.093750 0.750000
vt 0.093750 0.250000
vt 0.093750 0.687500
vt 0.093750 0.187500
vt 0.093750 0.625000
vt 0.093750 0.125000
vt 0.093750 0.562500
vt 0.093750 0.062500
vt 0.093750 0.500000
vt 0.109375 1.000000
vt 0.093750 0.937500
vt 0.109375 0.000000
vt 0.093750 0.437500
vt 0.062500 0.625000
vt 0.062500 0.562500
vt 0.062500 0.125000
vt 0.062500 0.062500
vt 0.062500 0.500000
vt 0.078125 1.000000
vt 0.062500 0.937500
vt 0.078125 0.000000
vt 0.062500 0.437500
vt 0.062500 0.875000
vt 0.062500 0.375000
vt 0.062500 0.812500
vt 0.062500 0.312500
vt 0.062500 0.750000
vt 0.062500 0.250000
vt 0.062500 0.687500
vt 0.062500 0.187500
vt 0.031250 0.375000
vt 0.031250 0.312500
vt 0.031250 0.812500
vt 0.031250 0.750000
vt 0.031250 0.250000
vt 0.031250 0.687500
vt 0.031250 0.187500
vt 0.031250 0.625000
vt 0.031250 0.125000
vt 0.031250 0.562500
vt 0.031250 0.062500
vt 0.031250 0.500000
vt 0.046875 1.000000
vt 0.031250 0.937500
vt 0.046875 0.000000
vt 0.031250 0.437500
vt 0.031250 0.875000
vt 0.000000 0.125000
vt 0.000000 0.062500
vt 0.000000 0.562500
vt 0.000000 0.500000
vt 0.015625 1.000000
vt 0.000000 0.937500
vt 0.015625 0.000000
vt 0.000000 0.437500
vt 0.000000 0.875000
vt 0.000000 0.375000
vt 0.000000 0.812500
vt 0.000000 0.312500
vt 0.000000 0.750000
vt 0.000000 0.250000
vt 0.000000 0.687500
vt 0.000000 0.187500
vt 0.000000 0.625000
vt 1.000000 0.750000
vt 1.000000 0.812500
vt 0.968750 0.812500
vt 0.968750 0.750000
vt 1.000000 0.250000
vt 1.000000 0.312500
vt 0.968750 0.312500
vt 0.968750 0.250000
vt 1.000000 0.687500
vt 0.968750 0.687500
vt 1.000000 0.187500
vt 0.968750 0.187500
vt 1.000000 0.625000
vt 0.968750 0.625000
vt 1.000000 0.125000
vt 0.968750 0.125000
vt 1.000000 0.562500
vt 0.968750 0.562500
vt 1.000000 0.062500
vt 0.968750 0.062500
vt 1.000000 0.500000
vt 0.968750 0.500000
vt 1.000000 0.937500
vt 0.984375 1.000000
vt 0.968750 0.937500
vt 0.984375 0.000000
vt 1.000000 0.437500
vt 0.968750 0.437500
vt 1.000000 0.875000
vt 0.968750 0.875000
vt 1.000000 0.375000
vt 0.968750 0.375000
vt 0.937500 0.562500
vt 0.937500 0.500000
vt 0.953125 1.000000
vt 0.937500 0.937500
vt 0.953125 0.000000
vt 0.937500 0.062500
vt 0.937500 0.437500
vt 0.937500 0.875000
vt 0.937500 0.375000
vt 0.937500 0.812500
vt 0.937500 0.312500
vt 0.937500 0.750000
vt 0.937500 0.250000
vt 0.937500 0.687500
vt 0.937500 0.187500
vt 0.937500 0.625000
vt 0.937500 0.125000
vt 0.906250 0.312500
vt 0.906250 0.250000
vt 0.906250 0.750000
vt 0.906250 0.687500
vt 0.906250 0.187500
vt 0.906250 0.625000
vt 0.906250 0.125000
vt 0.906250 0.562500
vt 0.906250 0.062500
vt 0.906250 0.500000
vt 0.921875 1.000000
vt 0.906250 0.937500
vt 0.921875 0.000000
vt 0.906250 0.437500
vt 0.906250 0.875000
vt 0.906250 0.375000
vt 0.906250 0.812500
vt 0.890625 0.000000
vt 0.875000 0.062500
vt 0.875000 0.500000
vt 0.875000 0.437500
vt 0.875000 0.937500
vt 0.875000 0.875000
vt 0.875000 0.375000
vt 0.875000 0.812500
vt 0.875000 0.312500
vt 0.875000 0.750000
vt 0.875000 0.250000
vt 0.875000 0.687500
vt 0.875000 0.187500
vt 0.875000 0.625000
vt 0.875000 0.125000
vt 0.875000 0.562500
vt 0.890625 1.000000
vt 0.843750 0.250000
vt 0.843750 0.187500
vt 0.843750 0.687500
vt 0.843750 0.625000
vt 0.843750 0.125000
vt 0.843750 0.562500
vt 0.843750 0.062500
vt 0.843750 0.500000
vt 0.859375 1.000000
vt 0.843750 0.937500
vt 0.859375 0.000000
vt 0.843750 0.437500
vt 0.843750 0.875000
vt 0.843750 0.375000
vt 0.843750 0.812500
vt 0.843750 0.312500
vt 0.843750 0.750000
vt 0.812500 0.937500
vt 0.812500 0.875000
vt 0.812500 0.437500
vt 0.812500 0.375000
vt 0.812500 0.812500
vt 0.812500 0.312500
vt 0.812500 0.750000
vt 0.812500 0.250000
vt 0.812500 0.687500
vt 0.812500 0.187500
vt 0.812500 0.625000
vt 0.812500 0.125000
vt 0.812500 0.562500
vt 0.812500 0.062500
vt 0.812500 0.500000
vt 0.828125 1.000000
vt 0.828125 0.000000
vt 0.781250 0.687500
vt 0.781250 0.625000
vt 0.781250 0.187500
vt 0.781250 0.125000
vt 0.781250 0.562500
vt 0.781250 0.062500
vt 0.781250 0.500000
vt 0.796875 1.000000
vt 0.781250 0.937500
vt 0.796875 0.000000
vt 0.781250 0.437500
vt 0.781250 0.875000
vt 0.781250 0.375000
vt 0.781250 0.812500
vt 0.781250 0.312500
vt 0.781250 0.750000
vt 0.781250 0.250000
vt 0.765625 1.000000
vt 0.765625 0.000000
s 1
usemtl skin
f 1629/1371/1643 1628/1372/1642 1163/1373/1177 1164/1374/1178
f 1632/1375/1646 1160/1376/1174 1171/1377/1185 1172/1378/1186
f 1156/1379/1170 1629/1371/1643 1164/1374/1178 1165/1380/1179
f 1161/1381/1175 1632/1375/1646 1172/1378/1186 1173/1382/1187
f 1630/1383/1644 1156/1379/1170 1165/1380/1179 1166/1384/1180
f 1633/1385/1647 1161/1381/1175 1173/1382/1187 1174/1386/1188
f 1157/1387/1171 1630/1383/1644 1166/1384/1180 1167/1388/1181
f 1634/1389/1648 1633/1385/1647 1174/1386/1188 1175/1390/1189
f 1631/1391/1645 1157/1387/1171 1167/1388/1181 1168/1392/1182
f 1635/1393/1649 1634/1389/1648 1175/1390/1189 1176/1394/1190
f 1158/1395/1172 1631/1391/1645 1168/1392/1182 1169/1396/1183
f 1636/1397/1650 1635/1393/1649 1176/1394/1190 1177/1398/1191
f 1159/1399/1173 1158/1395/1172 1169/1396/1183 1170/1400/1184
f 1628/1372/1642 1155/1401/1169 1163/1373/1177
f 1162/1402/1176 1636/1397/1650 1177/1398/1191
f 1160/1376/1174 1159/1399/1173 1170/1400/1184 1171/1377/1185
f 1163/1373/1177 1155/1403/1169 1178/1404/1192
f 1162/1405/1176 1177/1398/1191 1192/1406/1206
f 1171/1377/1185 1170/1400/1184 1185/1407/1199 1186/1408/1200
f 1164/1374/1178 1163/1373/1177 1178/1404/1192 1179/1409/1193
f 1172/1378/1186 1171/1377/1185 1186/1408/1200 1187/1410/1201
f 1165/1380/1179 1164/1374/1178 1179/1409/1193 1180/1411/1194
f 1173/1382/1187 1172/1378/1186 1187/1410/1201 1188/1412/1202
f 1166/1384/1180 1165/1380/1179 1180/1411/1194 1181/1413/1195
f 1174/1386/1188 1173/1382/1187 1188/1412/1202 1189/1414/1203
f 1167/1388/1181 1166/1384/1180 1181/1413/1195 1182/1415/1196
f 1175/1390/1189 1174/1386/1188 1189/1414/1203 1190/1416/1204
f 1168/1392/1182 1167/1388/1181 1182/1415/1196 1183/1417/1197
f 1176/1394/1190 1175/1390/1189 1190/1416/1204 1191/1418/1205
f 1169/1396/1183 1168/1392/1182 1183/1417/1197 1184/1419/1198
f 1177/1398/1191 1176/1394/1190 1191/1418/1205 1192/1406/1206
f 1170/1400/1184 1169/1396/1183 1184/1419/1198 1185/1407/1199
f 1182/1415/1196 1181/1413/1195 1196/1420/1210 1197/1421/1211
f 1190/1416/1204 1189/1414/1203 1204/1422/1218 1205/1423/1219
f 1183/1417/1197 1182/1415/1196 1197/1421/1211 1198/1424/1212
f 1191/1418/1205 1190/1416/1204 1205/1423/1219 1206/1425/1220
f 1184/1419/1198 1183/1417/1197 1198/1424/1212 1199/1426/1213
f 1192/1406/1206 1191/1418/1205 1206/1425/1220 1207/1427/1221
f 1185/1407/1199 1184/1419/1198 1199/1426/1213 1200/1428/1214
f 1178/1404/1192 1155/1429/1169 1193/1430/1207
f 1162/1431/1176 1192/1406/1206 1207/1427/1221
f 1186/1408/1200 1185/1407/1199 1200/1428/1214 1201/1432/1215
f 1179/1409/1193 1178/1404/1192 1193/1430/1207 1194/1433/1208
f 1187/1410/1201 1186/1408/1200 1201/1432/1215 1202/1434/1216
f 1180/1411/1194 1179/1409/1193 1194/1433/1208 1195/1435/1209
f 1188/1412/1202 1187/1410/1201 1202/1434/1216 1203/1436/1217
f 1181/1413/1195 1180/1411/1194 1195/1435/1209 1196/1420/1210
f 1189/1414/1203 1188/1412/1202 1203/1436/1217 1204/1422/1218
f 1201/1432/1215 1200/1428/1214 1215/1437/1229 1216/1438/1230
f 1194/1433/1208 1193/1430/1207 1208/1439/1222 1209/1440/1223
f 1202/1434/1216 1201/1432/1215 1216/1438/1230 1217/1441/1231
f 1195/1435/1209 1194/1433/1208 1209/1440/1223 1210/1442/1224
f 1203/1436/1217 1202/1434/1216 1217/1441/1231 1218/1443/1232
f 1196/1420/1210 1195/1435/1209 1210/1442/1224 1211/1444/1225
f 1204/1422/1218 1203/1436/1217 1218/1443/1232 1219/1445/1233
f 1197/1421/1211 1196/1420/1210 1211/1444/1225 1212/1446/1226
f 1205/1423/1219 1204/1422/1218 1219/1445/1233 1220/1447/1234
f 1198/1424/1212 1197/1421/1211 1212/1446/1226 1213/1448/1227
f 1206/1425/1220 1205/1423/1219 1220/1447/1234 1221/1449/1235
f 1199/1426/1213 1198/1424/1212 1213/1448/1227 1214/1450/1228
f 1207/1427/1221 1206/1425/1220 1221/1449/1235 1222/1451/1236
f 1200/1428/1214 1199/1426/1213 1214/1450/1228 1215/1437/1229
f 1193/1430/1207 1155/1452/1169 1208/1439/1222
f 1162/1453/1176 1207/1427/1221 1222/1451/1236
f 1220/1447/1234 1219/1445/1233 1234/1454/1248 1235/1455/1249
f 1213/1448/1227 1212/1446/1226 1227/1456/1241 1228/1457/1242
f 1221/1449/1235 1220/1447/1234 1235/1455/1249 1236/1458/1250
f 1214/1450/1228 1213/1448/1227 1228/1457/1242 1229/1459/1243
f 1222/1451/1236 1221/1449/1235 1236/1458/1250 1237/1460/1251
f 1215/1437/1229 1214/1450/1228 1229/1459/1243 1230/1461/1244
f 1208/1439/1222 1155/1462/1169 1223/1463/1237
f 1162/1464/1176 1222/1451/1236 1237/1460/1251
f 1216/1438/1230 1215/1437/1229 1230/1461/1244 1231/1465/1245
f 1209/1440/1223 1208/1439/1222 1223/1463/1237 1224/1466/1238
f 1217/1441/1231 1216/1438/1230 1231/1465/1245 1232/1467/1246
f 1210/1442/1224 1209/1440/1223 1224/1466/1238 1225/1468/1239
f 1218/1443/1232 1217/1441/1231 1232/1467/1246 1233/1469/1247
f 1211/1444/1225 1210/1442/1224 1225/1468/1239 1226/1470/1240
f 1219/1445/1233 1218/1443/1232 1233/1469/1247 1234/1454/1248
f 1212/1446/1226 1211/1444/1225 1226/1470/1240 1227/1456/1241
f 1224/1466/1238 1223/1463/1237 1238/1471/1252 1239/1472/1253
f 1232/1467/1246 1231/1465/1245 1246/1473/1260 1247/1474/1261
f 1225/1468/1239 1224/1466/1238 1239/1472/1253 1240/1475/1254
f 1233/1469/1247 1232/1467/1246 1247/1474/1261 1248/1476/1262
f 1226/1470/1240 1225/1468/1239 1240/1475/1254 1241/1477/1255
f 1234/1454/1248 1233/1469/1247 1248/1476/1262 1249/1478/1263
f 1227/1456/1241 1226/1470/1240 1241/1477/1255 1242/1479/1256
f 1235/1455/1249 1234/1454/1248 1249/1478/1263 1250/1480/1264
f 1228/1457/1242 1227/1456/1241 1242/1479/1256 1243/1481/1257
f 1236/1458/1250 1235/1455/1249 1250/1480/1264 1251/1482/1265
f 1229/1459/1243 1228/1457/1242 1243/1481/1257 1244/1483/1258
f 1237/1460/1251 1236/1458/1250 1251/1482/1265 1252/1484/1266
f 1230/1461/1244 1229/1459/1243 1244/1483/1258 1245/1485/1259
f 1223/1463/1237 1155/1486/1169 1238/1471/1252
f 1162/1487/1176 1237/1460/1251 1252/1484/1266
f 1231/1465/1245 1230/1461/1244 1245/1485/1259 1246/1473/1260
f 1243/1481/1257 1242/1479/1256 1257/1488/1271 1258/1489/1272
f 1251/1482/1265 1250/1480/1264 1265/1490/1279 1266/1491/1280
f 1244/1483/1258 1243/1481/1257 1258/1489/1272 1259/1492/1273
f 1252/1484/1266 1251/1482/1265 1266/1491/1280 1267/1493/1281
f 1245/1485/1259 1244/1483/1258 1259/1492/1273 1260/1494/1274
f 1238/1471/1252 1155/1495/1169 1253/1496/1267
f 1162/1497/1176 1252/1484/1266 1267/1493/1281
f 1246/1473/1260 1245/1485/1259 1260/1494/1274 1261/1498/1275
f 1239/1472/1253 1238/1471/1252 1253/1496/1267 1254/1499/1268
f 1247/1474/1261 1246/1473/1260 1261/1498/1275 1262/1500/1276
f 1240/1475/1254 1239/1472/1253 1254/1499/1268 1255/1501/1269
f 1248/1476/1262 1247/1474/1261 1262/1500/1276 1263/1502/1277
f 1241/1477/1255 1240/1475/1254 1255/1501/1269 1256/1503/1270
f 1249/1478/1263 1248/1476/1262 1263/1502/1277 1264/1504/1278
f 1242/1479/1256 1241/1477/1255 1256/1503/1270 1257/1488/1271
f 1250/1480/1264 1249/1478/1263 1264/1504/1278 1265/1490/1279
f 1262/1500/1276 1261/1498/1275 1276/1505/1290 1277/1506/1291
f 1255/1501/1269 1254/1499/1268 1269/1507/1283 1270/1508/1284
f 1263/1502/1277 1262/1500/1276 1277/1506/1291 1278/1509/1292
f 1256/1503/1270 1255/1501/1269 1270/1508/1284 1271/1510/1285
f 1264/1504/1278 1263/1502/1277 1278/1509/1292 1279/1511/1293
f 1257/1488/1271 1256/1503/1270 1271/1510/1285 1272/1512/1286
f 1265/1490/1279 1264/1504/1278 1279/1511/1293 1280/1513/1294
f 1258/1489/1272 1257/1488/1271 1272/1512/1286 1273/1514/1287
f 1266/1491/1280 1265/1490/1279 1280/1513/1294 1281/1515/1295
f 1259/1492/1273 1258/1489/1272 1273/1514/1287 1274/1516/1288
f 1267/1493/1281 1266/1491/1280 1281/1515/1295 1282/1517/1296
f 1260/1494/1274 1259/1492/1273 1274/1516/1288 1275/1518/1289
f 1253/1496/1267 1155/1519/1169 1268/1520/1282
f 1162/1521/1176 1267/1493/1281 1282/1517/1296
f 1261/1498/1275 1260/1494/1274 1275/1518/1289 1276/1505/1290
f 1254/1499/1268 1253/1496/1267 1268/1520/1282 1269/1507/1283
f 1281/1515/1295 1280/1513/1294 1295/1522/1309 1296/1523/1310
f 1274/1516/1288 1273/1514/1287 1288/1524/1302 1289/1525/1303
f 1282/1517/1296 1281/1515/1295 1296/1523/1310 1297/1526/1311
f 1275/1518/1289 1274/1516/1288 1289/1525/1303 1290/1527/1304
f 1268/1520/1282 1155/1528/1169 1283/1529/1297
f 1162/1530/1176 1282/1517/1296 1297/1526/1311
f 1276/1505/1290 1275/1518/1289 1290/1527/1304 1291/1531/1305
f 1269/1507/1283 1268/1520/1282 1283/1529/1297 1284/1532/1298
f 1277/1506/1291 1276/1505/1290 1291/1531/1305 1292/1533/1306
f 1270/1508/1284 1269/1507/1283 1284/1532/1298 1285/1534/1299
f 1278/1509/1292 1277/1506/1291 1292/1533/1306 1293/1535/1307
f 1271/1510/1285 1270/1508/1284 1285/1534/1299 1286/1536/1300
f 1279/1511/1293 1278/1509/1292 1293/1535/1307 1294/1537/1308
f 1272/1512/1286 1271/1510/1285 1286/1536/1300 1287/1538/1301
f 1280/1513/1294 1279/1511/1293 1294/1537/1308 1295/1522/1309
f 1273/1514/1287 1272/1512/1286 1287/1538/1301 1288/1524/1302
f 1293/1535/1307 1292/1533/1306 1307/1539/1321 1308/1540/1322
f 1286/1536/1300 1285/1534/1299 1300/1541/1314 1301/1542/1315
f 1294/1537/1308 1293/1535/1307 1308/1540/1322 1309/1543/1323
f 1287/1538/1301 1286/1536/1300 1301/1542/1315 1302/1544/1316
f 1295/1522/1309 1294/1537/1308 1309/1543/1323 1310/1545/1324
f 1288/1524/1302 1287/1538/1301 1302/1544/1316 1303/1546/1317
f 1296/1523/1310 1295/1522/1309 1310/1545/1324 1311/1547/1325
f 1289/1525/1303 1288/1524/1302 1303/1546/1317 1304/1548/1318
f 1297/1526/1311 1296/1523/1310 1311/1547/1325 1312/1549/1326
f 1290/1527/1304 1289/1525/1303 1304/1548/1318 1305/1550/1319
f 1283/1529/1297 1155/1551/1169 1298/1552/1312
f 1162/1553/1176 1297/1526/1311 1312/1549/1326
f 1291/1531/1305 1290/1527/1304 1305/1550/1319 1306/1554/1320
f 1284/1532/1298 1283/1529/1297 1298/1552/1312 1299/1555/1313
f 1292/1533/1306 1291/1531/1305 1306/1554/1320 1307/1539/1321
f 1285/1534/1299 1284/1532/1298 1299/1555/1313 1300/1541/1314
f 1312/1549/1326 1311/1547/1325 1326/1556/1340 1327/1557/1341
f 1305/1550/1319 1304/1548/1318 1319/1558/1333 1320/1559/1334
f 1298/1552/1312 1155/1560/1169 1313/1561/1327
f 1162/1562/1176 1312/1549/1326 1327/1557/1341
f 1306/1554/1320 1305/1550/1319 1320/1559/1334 1321/1563/1335
f 1299/1555/1313 1298/1552/1312 1313/1561/1327 1314/1564/1328
f 1307/1539/1321 1306/1554/1320 1321/1563/1335 1322/1565/1336
f 1300/1541/1314 1299/1555/1313 1314/1564/1328 1315/1566/1329
f 1308/1540/1322 1307/1539/1321 1322/1565/1336 1323/1567/1337
f 1301/1542/1315 1300/1541/1314 1315/1566/1329 1316/1568/1330
f 1309/1543/1323 1308/1540/1322 1323/1567/1337 1324/1569/1338
f 1302/1544/1316 1301/1542/1315 1316/1568/1330 1317/1570/1331
f 1310/1545/1324 1309/1543/1323 1324/1569/1338 1325/1571/1339
f 1303/1546/1317 1302/1544/1316 1317/1570/1331 1318/1572/1332
f 1311/1547/1325 1310/1545/1324 1325/1571/1339 1326/1556/1340
f 1304/1548/1318 1303/1546/1317 1318/1572/1332 1319/1558/1333
f 1316/1568/1330 1315/1566/1329 1330/1573/1344 1331/1574/1345
f 1324/1569/1338 1323/1567/1337 1338/1575/1352 1339/1576/1353
f 1317/1570/1331 1316/1568/1330 1331/1574/1345 1332/1577/1346
f 1325/1571/1339 1324/1569/1338 1339/1576/1353 1340/1578/1354
f 1318/1572/1332 1317/1570/1331 1332/1577/1346 1333/1579/1347
f 1326/1556/1340 1325/1571/1339 1340/1578/1354 1341/1580/1355
f 1319/1558/1333 1318/1572/1332 1333/1579/1347 1334/1581/1348
f 1327/1557/1341 1326/1556/1340 1341/1580/1355 1342/1582/1356
f 1320/1559/1334 1319/1558/1333 1334/1581/1348 1335/1583/1349
f 1313/1561/1327 1155/1584/1169 1328/1585/1342
f 1162/1586/1176 1327/1557/1341 1342/1582/1356
f 1321/1563/1335 1320/1559/1334 1335/1583/1349 1336/1587/1350
f 1314/1564/1328 1313/1561/1327 1328/1585/1342 1329/1588/1343
f 1322/1565/1336 1321/1563/1335 1336/1587/1350 1337/1589/1351
f 1315/1566/1329 1314/1564/1328 1329/1588/1343 1330/1573/1344
f 1323/1567/1337 1322/1565/1336 1337/1589/1351 1338/1575/1352
f 1335/1583/1349 1334/1581/1348 1349/1590/1363 1350/1591/1364
f 1328/1585/1342 1155/1592/1169 1343/1593/1357
f 1162/1594/1176 1342/1582/1356 1357/1595/1371
f 1336/1587/1350 1335/1583/1349 1350/1591/1364 1351/1596/1365
f 1329/1588/1343 1328/1585/1342 1343/1593/1357 1344/1597/1358
f 1337/1589/1351 1336/1587/1350 1351/1596/1365 1352/1598/1366
f 1330/1573/1344 1329/1588/1343 1344/1597/1358 1345/1599/1359
f 1338/1575/1352 1337/1589/1351 1352/1598/1366 1353/1600/1367
f 1331/1574/1345 1330/1573/1344 1345/1599/1359 1346/1601/1360
f 1339/1576/1353 1338/1575/1352 1353/1600/1367 1354/1602/1368
f 1332/1577/1346 1331/1574/1345 1346/1601/1360 1347/1603/1361
f 1340/1578/1354 1339/1576/1353 1354/1602/1368 1355/1604/1369
f 1333/1579/1347 1332/1577/1346 1347/1603/1361 1348/1605/1362
f 1341/1580/1355 1340/1578/1354 1355/1604/1369 1356/1606/1370
f 1334/1581/1348 1333/1579/1347 1348/1605/1362 1349/1590/1363
f 1342/1582/1356 1341/1580/1355 1356/1606/1370 1357/1595/1371
f 1354/1602/1368 1353/1600/1367 1368/1607/1382 1369/1608/1383
f 1347/1603/1361 1346/1601/1360 1361/1609/1375 1362/1610/1376
f 1355/1604/1369 1354/1602/1368 1369/1608/1383 1370/1611/1384
f 1348/1605/1362 1347/1603/1361 1362/1610/1376 1363/1612/1377
f 1356/1606/1370 1355/1604/1369 1370/1611/1384 1371/1613/1385
f 1349/1590/1363 1348/1605/1362 1363/1612/1377 1364/1614/1378
f 1357/1595/1371 1356/1606/1370 1371/1613/1385 1372/1615/1386
f 1350/1591/1364 1349/1590/1363 1364/1614/1378 1365/1616/1379
f 1343/1593/1357 1155/1617/1169 1358/1618/1372
f 1162/1619/1176 1357/1595/1371 1372/1615/1386
f 1351/1596/1365 1350/1591/1364 1365/1616/1379 1366/1620/1380
f 1344/1597/1358 1343/1593/1357 1358/1618/1372 1359/1621/1373
f 1352/1598/1366 1351/1596/1365 1366/1620/1380 1367/1622/1381
f 1345/1599/1359 1344/1597/1358 1359/1621/1373 1360/1623/1374
f 1353/1600/1367 1352/1598/1366 1367/1622/1381 1368/1607/1382
f 1346/1601/1360 1345/1599/1359 1360/1623/1374 1361/1609/1375
f 1358/1618/1372 1155/1624/1169 1373/1625/1387
f 1162/1626/1176 1372/1615/1386 1387/1627/1401
f 1366/1620/1380 1365/1616/1379 1380/1628/1394 1381/1629/1395
f 1359/1621/1373 1358/1618/1372 1373/1625/1387 1374/1630/1388
f 1367/1622/1381 1366/1620/1380 1381/1629/1395 1382/1631/1396
f 1360/1623/1374 1359/1621/1373 1374/1630/1388 1375/1632/1389
f 1368/1607/1382 1367/1622/1381 1382/1631/1396 1383/1633/1397
f 1361/1609/1375 1360/1623/1374 1375/1632/1389 1376/1634/1390
f 1369/1608/1383 1368/1607/1382 1383/1633/1397 1384/1635/1398
f 1362/1610/1376 1361/1609/1375 1376/1634/1390 1377/1636/1391
f 1370/1611/1384 1369/1608/1383 1384/1635/1398 1385/1637/1399
f 1363/1612/1377 1362/1610/1376 1377/1636/1391 1378/1638/1392
f 1371/1613/1385 1370/1611/1384 1385/1637/1399 1386/1639/1400
f 1364/1614/1378 1363/1612/1377 1378/1638/1392 1379/1640/1393
f 1372/1615/1386 1371/1613/1385 1386/1639/1400 1387/1627/1401
f 1365/1616/1379 1364/1614/1378 1379/1640/1393 1380/1628/1394
f 1377/1636/1391 1376/1634/1390 1391/1641/1405 1392/1642/1406
f 1385/1637/1399 1384/1635/1398 1399/1643/1413 1400/1644/1414
f 1378/1638/1392 1377/1636/1391 1392/1642/1406 1393/1645/1407
f 1386/1639/1400 1385/1637/1399 1400/1644/1414 1401/1646/1415
f 1379/1640/1393 1378/1638/1392 1393/1645/1407 1394/1647/1408
f 1387/1627/1401 1386/1639/1400 1401/1646/1415 1402/1648/1416
f 1380/1628/1394 1379/1640/1393 1394/1647/1408 1395/1649/1409
f 1373/1625/1387 1155/1650/1169 1388/1651/1402
f 1162/1652/1176 1387/1627/1401 1402/1648/1416
f 1381/1629/1395 1380/1628/1394 1395/1649/1409 1396/1653/1410
f 1374/1630/1388 1373/1625/1387 1388/1651/1402 1389/1654/1403
f 1382/1631/1396 1381/1629/1395 1396/1653/1410 1397/1655/1411
f 1375/1632/1389 1374/1630/1388 1389/1654/1403 1390/1656/1404
f 1383/1633/1397 1382/1631/1396 1397/1655/1411 1398/1657/1412
f 1376/1634/1390 1375/1632/1389 1390/1656/1404 1391/1641/1405
f 1384/1635/1398 1383/1633/1397 1398/1657/1412 1399/1643/1413
f 1396/1653/1410 1395/1649/1409 1410/1658/1424 1411/1659/1425
f 1389/1654/1403 1388/1651/1402 1403/1660/1417 1404/1661/1418
f 1397/1655/1411 1396/1653/1410 1411/1659/1425 1412/1662/1426
f 1390/1656/1404 1389/1654/1403 1404/1661/1418 1405/1663/1419
f 1398/1657/1412 1397/1655/1411 1412/1662/1426 1413/1664/1427
f 1391/1641/1405 1390/1656/1404 1405/1663/1419 1406/1665/1420
f 1399/1643/1413 1398/1657/1412 1413/1664/1427 1414/1666/1428
f 1392/1642/1406 1391/1641/1405 1406/1665/1420 1407/1667/1421
f 1400/1644/1414 1399/1643/1413 1414/1666/1428 1415/1668/1429
f 1393/1645/1407 1392/1642/1406 1407/1667/1421 1408/1669/1422
f 1401/1646/1415 1400/1644/1414 1415/1668/1429 1416/1670/1430
f 1394/1647/1408 1393/1645/1407 1408/1669/1422 1409/1671/1423
f 1402/1648/1416 1401/1646/1415 1416/1670/1430 1417/1672/1431
f 1395/1649/1409 1394/1647/1408 1409/1671/1423 1410/1658/1424
f 1388/1651/1402 1155/1673/1169 1403/1660/1417
f 1162/1674/1176 1402/1648/1416 1417/1672/1431
f 1415/1668/1429 1414/1666/1428 1429/1675/1443 1430/1676/1444
f 1408/1669/1422 1407/1667/1421 1422/1677/1436 1423/1678/1437
f 1416/1670/1430 1415/1668/1429 1430/1676/1444 1431/1679/1445
f 1409/1671/1423 1408/1669/1422 1423/1678/1437 1424/1680/1438
f 1417/1672/1431 1416/1670/1430 1431/1679/1445 1432/1681/1446
f 1410/1658/1424 1409/1671/1423 1424/1680/1438 1425/1682/1439
f 1403/1660/1417 1155/1683/1169 1418/1684/1432
f 1162/1685/1176 1417/1672/1431 1432/1681/1446
f 1411/1659/1425 1410/1658/1424 1425/1682/1439 1426/1686/1440
f 1404/1661/1418 1403/1660/1417 1418/1684/1432 1419/1687/1433
f 1412/1662/1426 1411/1659/1425 1426/1686/1440 1427/1688/1441
f 1405/1663/1419 1404/1661/1418 1419/1687/1433 1420/1689/1434
f 1413/1664/1427 1412/1662/1426 1427/1688/1441 1428/1690/1442
f 1406/1665/1420 1405/1663/1419 1420/1689/1434 1421/1691/1435
f 1414/1666/1428 1413/1664/1427 1428/1690/1442 1429/1675/1443
f 1407/1667/1421 1406/1665/1420 1421/1691/1435 1422/1677/1436
f 1427/1688/1441 1426/1686/1440 1441/1692/1455 1442/1693/1456
f 1420/1689/1434 1419/1687/1433 1434/1694/1448 1435/1695/1449
f 1428/1690/1442 1427/1688/1441 1442/1693/1456 1443/1696/1457
f 1421/1691/1435 1420/1689/1434 1435/1695/1449 1436/1697/1450
f 1429/1675/1443 1428/1690/1442 1443/1696/1457 1444/1698/1458
f 1422/1677/1436 1421/1691/1435 1436/1697/1450 1437/1699/1451
f 1430/1676/1444 1429/1675/1443 1444/1698/1458 1445/1700/1459
f 1423/1678/1437 1422/1677/1436 1437/1699/1451 1438/1701/1452
f 1431/1679/1445 1430/1676/1444 1445/1700/1459 1446/1702/1460
f 1424/1680/1438 1423/1678/1437 1438/1701/1452 1439/1703/1453
f 1432/1681/1446 1431/1679/1445 1446/1702/1460 1447/1704/1461
f 1425/1682/1439 1424/1680/1438 1439/1703/1453 1440/1705/1454
f 1418/1684/1432 1155/1706/1169 1433/1707/1447
f 1162/1708/1176 1432/1681/1446 1447/1704/1461
f 1426/1686/1440 1425/1682/1439 1440/1705/1454 1441/1692/1455
f 1419/1687/1433 1418/1684/1432 1433/1707/1447 1434/1694/1448
f 1446/1702/1460 1445/1700/1459 1460/1709/1474 1461/1710/1475
f 1439/1703/1453 1438/1701/1452 1453/1711/1467 1454/1712/1468
f 1447/1704/1461 1446/1702/1460 1461/1710/1475 1462/1713/1476
f 1440/1705/1454 1439/1703/1453 1454/1712/1468 1455/1714/1469
f 1433/1707/1447 1155/1715/1169 1448/1716/1462
f 1162/1717/1176 1447/1704/1461 1462/1713/1476
f 1441/1692/1455 1440/1705/1454 1455/1714/1469 1456/1718/1470
f 1434/1694/1448 1433/1707/1447 1448/1716/1462 1449/1719/1463
f 1442/1693/1456 1441/1692/1455 1456/1718/1470 1457/1720/1471
f 1435/1695/1449 1434/1694/1448 1449/1719/1463 1450/1721/1464
f 1443/1696/1457 1442/1693/1456 1457/1720/1471 1458/1722/1472
f 1436/1697/1450 1435/1695/1449 1450/1721/1464 1451/1723/1465
f 1444/1698/1458 1443/1696/1457 1458/1722/1472 1459/1724/1473
f 1437/1699/1451 1436/1697/1450 1451/1723/1465 1452/1725/1466
f 1445/1700/1459 1444/1698/1458 1459/1724/1473 1460/1709/1474
f 1438/1701/1452 1437/1699/1451 1452/1725/1466 1453/1711/1467
f 1450/1721/1464 1449/1719/1463 1464/1726/1478 1465/1727/1479
f 1458/1722/1472 1457/1720/1471 1472/1728/1486 1473/1729/1487
f 1451/1723/1465 1450/1721/1464 1465/1727/1479 1466/1730/1480
f 1459/1724/1473 1458/1722/1472 1473/1729/1487 1474/1731/1488
f 1452/1725/1466 1451/1723/1465 1466/1730/1480 1467/1732/1481
f 1460/1709/1474 1459/1724/1473 1474/1731/1488 1475/1733/1489
f 1453/1711/1467 1452/1725/1466 1467/1732/1481 1468/1734/1482
f 1461/1710/1475 1460/1709/1474 1475/1733/1489 1476/1735/1490
f 1454/1712/1468 1453/1711/1467 1468/1734/1482 1469/1736/1483
f 1462/1713/1476 1461/1710/1475 1476/1735/1490 1477/1737/1491
f 1455/1714/1469 1454/1712/1468 1469/1736/1483 1470/1738/1484
f 1448/1716/1462 1155/1739/1169 1463/1740/1477
f 1162/1741/1176 1462/1713/1476 1477/1737/1491
f 1456/1718/1470 1455/1714/1469 1470/1738/1484 1471/1742/1485
f 1449/1719/1463 1448/1716/1462 1463/1740/1477 1464/1726/1478
f 1457/1720/1471 1456/1718/1470 1471/1742/1485 1472/1728/1486
f 1469/1736/1483 1468/1734/1482 1483/1743/1497 1484/1744/1498
f 1477/1737/1491 1476/1735/1490 1491/1745/1505 1492/1746/1506
f 1470/1738/1484 1469/1736/1483 1484/1744/1498 1485/1747/1499
f 1463/1740/1477 1155/1748/1169 1478/1749/1492
f 1162/1750/1176 1477/1737/1491 1492/1746/1506
f 1471/1742/1485 1470/1738/1484 1485/1747/1499 1486/1751/1500
f 1464/1726/1478 1463/1740/1477 1478/1749/1492 1479/1752/1493
f 1472/1728/1486 1471/1742/1485 1486/1751/1500 1487/1753/1501
f 1465/1727/1479 1464/1726/1478 1479/1752/1493 1480/1754/1494
f 1473/1729/1487 1472/1728/1486 1487/1753/1501 1488/1755/1502
f 1466/1730/1480 1465/1727/1479 1480/1754/1494 1481/1756/1495
f 1474/1731/1488 1473/1729/1487 1488/1755/1502 1489/1757/1503
f 1467/1732/1481 1466/1730/1480 1481/1756/1495 1482/1758/1496
f 1475/1733/1489 1474/1731/1488 1489/1757/1503 1490/1759/1504
f 1468/1734/1482 1467/1732/1481 1482/1758/1496 1483/1743/1497
f 1476/1735/1490 1475/1733/1489 1490/1759/1504 1491/1745/1505
f 1488/1755/1502 1487/1753/1501 1502/1760/1516 1503/1761/1517
f 1481/1756/1495 1480/1754/1494 1495/1762/1509 1496/1763/1510
f 1489/1757/1503 1488/1755/1502 1503/1761/1517 1504/1764/1518
f 1482/1758/1496 1481/1756/1495 1496/1763/1510 1497/1765/1511
f 1490/1759/1504 1489/1757/1503 1504/1764/1518 1505/1766/1519
f 1483/1743/1497 1482/1758/1496 1497/1765/1511 1498/1767/1512
f 1491/1745/1505 1490/1759/1504 1505/1766/1519 1506/1768/1520
f 1484/1744/1498 1483/1743/1497 1498/1767/1512 1499/1769/1513
f 1492/1746/1506 1491/1745/1505 1506/1768/1520 1507/1770/1521
f 1485/1747/1499 1484/1744/1498 1499/1769/1513 1500/1771/1514
f 1478/1749/1492 1155/1772/1169 1493/1773/1507
f 1162/1774/1176 1492/1746/1506 1507/1770/1521
f 1486/1751/1500 1485/1747/1499 1500/1771/1514 1501/1775/1515
f 1479/1752/1493 1478/1749/1492 1493/1773/1507 1494/1776/1508
f 1487/1753/1501 1486/1751/1500 1501/1775/1515 1502/1760/1516
f 1480/1754/1494 1479/1752/1493 1494/1776/1508 1495/1762/1509
f 1507/1770/1521 1506/1768/1520 1521/1777/1535 1522/1778/1536
f 1500/1771/1514 1499/1769/1513 1514/1779/1528 1515/1780/1529
f 1493/1773/1507 1155/1781/1169 1508/1782/1522
f 1162/1783/1176 1507/1770/1521 1522/1778/1536
f 1501/1775/1515 1500/1771/1514 1515/1780/1529 1516/1784/1530
f 1494/1776/1508 1493/1773/1507 1508/1782/1522 1509/1785/1523
f 1502/1760/1516 1501/1775/1515 1516/1784/1530 1517/1786/1531
f 1495/1762/1509 1494/1776/1508 1509/1785/1523 1510/1787/1524
f 1503/1761/1517 1502/1760/1516 1517/1786/1531 1518/1788/1532
f 1496/1763/1510 1495/1762/1509 1510/1787/1524 1511/1789/1525
f 1504/1764/1518 1503/1761/1517 1518/1788/1532 1519/1790/1533
f 1497/1765/1511 1496/1763/1510 1511/1789/1525 1512/1791/1526
f 1505/1766/1519 1504/1764/1518 1519/1790/1533 1520/1792/1534
f 1498/1767/1512 1497/1765/1511 1512/1791/1526 1513/1793/1527
f 1506/1768/1520 1505/1766/1519 1520/1792/1534 1521/1777/1535
f 1499/1769/1513 1498/1767/1512 1513/1793/1527 1514/1779/1528
f 1511/1794/1525 1510/1795/1524 1525/1796/1539 1526/1797/1540
f 1519/1798/1533 1518/1799/1532 1533/1800/1547 1534/1801/1548
f 1512/1802/1526 1511/1794/1525 1526/1797/1540 1527/1803/1541
f 1520/1804/1534 1519/1798/1533 1534/1801/1548 1535/1805/1549
f 1513/1806/1527 1512/1802/1526 1527/1803/1541 1528/1807/1542
f 1521/1808/1535 1520/1804/1534 1535/1805/1549 1536/1809/1550
f 1514/1810/1528 1513/1806/1527 1528/1807/1542 1529/1811/1543
f 1522/1812/1536 1521/1808/1535 1536/1809/1550 1537/1813/1551
f 1515/1814/1529 1514/1810/1528 1529/1811/1543 1530/1815/1544
f 1508/1816/1522 1155/1817/1169 1523/1818/1537
f 1162/1819/1176 1522/1812/1536 1537/1813/1551
f 1516/1820/1530 1515/1814/1529 1530/1815/1544 1531/1821/1545
f 1509/1822/1523 1508/1816/1522 1523/1818/1537 1524/1823/1538
f 1517/1824/1531 1516/1820/1530 1531/1821/1545 1532/1825/1546
f 1510/1795/1524 1509/1822/1523 1524/1823/1538 1525/1796/1539
f 1518/1799/1532 1517/1824/1531 1532/1825/1546 1533/1800/1547
f 1530/1815/1544 1529/1811/1543 1544/1826/1558 1545/1827/1559
f 1523/1818/1537 1155/1828/1169 1538/1829/1552
f 1162/1830/1176 1537/1813/1551 1552/1831/1566
f 1531/1821/1545 1530/1815/1544 1545/1827/1559 1546/1832/1560
f 1524/1823/1538 1523/1818/1537 1538/1829/1552 1539/1833/1553
f 1532/1825/1546 1531/1821/1545 1546/1832/1560 1547/1834/1561
f 1525/1796/1539 1524/1823/1538 1539/1833/1553 1540/1835/1554
f 1533/1800/1547 1532/1825/1546 1547/1834/1561 1548/1836/1562
f 1526/1797/1540 1525/1796/1539 1540/1835/1554 1541/1837/1555
f 1534/1801/1548 1533/1800/1547 1548/1836/1562 1549/1838/1563
f 1527/1803/1541 1526/1797/1540 1541/1837/1555 1542/1839/1556
f 1535/1805/1549 1534/1801/1548 1549/1838/1563 1550/1840/1564
f 1528/1807/1542 1527/1803/1541 1542/1839/1556 1543/1841/1557
f 1536/1809/1550 1535/1805/1549 1550/1840/1564 1551/1842/1565
f 1529/1811/1543 1528/1807/1542 1543/1841/1557 1544/1826/1558
f 1537/1813/1551 1536/1809/1550 1551/1842/1565 1552/1831/1566
f 1549/1838/1563 1548/1836/1562 1563/1843/1577 1564/1844/1578
f 1542/1839/1556 1541/1837/1555 1556/1845/1570 1557/1846/1571
f 1550/1840/1564 1549/1838/1563 1564/1844/1578 1565/1847/1579
f 1543/1841/1557 1542/1839/1556 1557/1846/1571 1558/1848/1572
f 1551/1842/1565 1550/1840/1564 1565/1847/1579 1566/1849/1580
f 1544/1826/1558 1543/1841/1557 1558/1848/1572 1559/1850/1573
f 1552/1831/1566 1551/1842/1565 1566/1849/1580 1567/1851/1581
f 1545/1827/1559 1544/1826/1558 1559/1850/1573 1560/1852/1574
f 1538/1829/1552 1155/1853/1169 1553/1854/1567
f 1162/1855/1176 1552/1831/1566 1567/1851/1581
f 1546/1832/1560 1545/1827/1559 1560/1852/1574 1561/1856/1575
f 1539/1833/1553 1538/1829/1552 1553/1854/1567 1554/1857/1568
f 1547/1834/1561 1546/1832/1560 1561/1856/1575 1562/1858/1576
f 1540/1835/1554 1539/1833/1553 1554/1857/1568 1555/1859/1569
f 1548/1836/1562 1547/1834/1561 1562/1858/1576 1563/1843/1577
f 1541/1837/1555 1540/1835/1554 1555/1859/1569 1556/1845/1570
f 1162/1860/1176 1567/1851/1581 1582/1861/1596
f 1561/1856/1575 1560/1852/1574 1575/1862/1589 1576/1863/1590
f 1554/1857/1568 1553/1854/1567 1568/1864/1582 1569/1865/1583
f 1562/1858/1576 1561/1856/1575 1576/1863/1590 1577/1866/1591
f 1555/1859/1569 1554/1857/1568 1569/1865/1583 1570/1867/1584
f 1563/1843/1577 1562/1858/1576 1577/1866/1591 1578/1868/1592
f 1556/1845/1570 1555/1859/1569 1570/1867/1584 1571/1869/1585
f 1564/1844/1578 1563/1843/1577 1578/1868/1592 1579/1870/1593
f 1557/1846/1571 1556/1845/1570 1571/1869/1585 1572/1871/1586
f 1565/1847/1579 1564/1844/1578 1579/1870/1593 1580/1872/1594
f 1558/1848/1572 1557/1846/1571 1572/1871/1586 1573/1873/1587
f 1566/1849/1580 1565/1847/1579 1580/1872/1594 1581/1874/1595
f 1559/1850/1573 1558/1848/1572 1573/1873/1587 1574/1875/1588
f 1567/1851/1581 1566/1849/1580 1581/1874/1595 1582/1861/1596
f 1560/1852/1574 1559/1850/1573 1574/1875/1588 1575/1862/1589
f 1553/1854/1567 1155/1876/1169 1568/1864/1582
f 1580/1872/1594 1579/1870/1593 1594/1877/1608 1595/1878/1609
f 1573/1873/1587 1572/1871/1586 1587/1879/1601 1588/1880/1602
f 1581/1874/1595 1580/1872/1594 1595/1878/1609 1596/1881/1610
f 1574/1875/1588 1573/1873/1587 1588/1880/1602 1589/1882/1603
f 1582/1861/1596 1581/1874/1595 1596/1881/1610 1597/1883/1611
f 1575/1862/1589 1574/1875/1588 1589/1882/1603 1590/1884/1604
f 1568/1864/1582 1155/1885/1169 1583/1886/1597
f 1162/1887/1176 1582/1861/1596 1597/1883/1611
f 1576/1863/1590 1575/1862/1589 1590/1884/1604 1591/1888/1605
f 1569/1865/1583 1568/1864/1582 1583/1886/1597 1584/1889/1598
f 1577/1866/1591 1576/1863/1590 1591/1888/1605 1592/1890/1606
f 1570/1867/1584 1569/1865/1583 1584/1889/1598 1585/1891/1599
f 1578/1868/1592 1577/1866/1591 1592/1890/1606 1593/1892/1607
f 1571/1869/1585 1570/1867/1584 1585/1891/1599 1586/1893/1600
f 1579/1870/1593 1578/1868/1592 1593/1892/1607 1594/1877/1608
f 1572/1871/1586 1571/1869/1585 1586/1893/1600 1587/1879/1601
f 1584/1889/1598 1583/1886/1597 1598/1894/1612 1599/1895/1613
f 1592/1890/1606 1591/1888/1605 1606/1896/1620 1607/1897/1621
f 1585/1891/1599 1584/1889/1598 1599/1895/1613 1600/1898/1614
f 1593/1892/1607 1592/1890/1606 1607/1897/1621 1608/1899/1622
f 1586/1893/1600 1585/1891/1599 1600/1898/1614 1601/1900/1615
f 1594/1877/1608 1593/1892/1607 1608/1899/1622 1609/1901/1623
f 1587/1879/1601 1586/1893/1600 1601/1900/1615 1602/1902/1616
f 1595/1878/1609 1594/1877/1608 1609/1901/1623 1610/1903/1624
f 1588/1880/1602 1587/1879/1601 1602/1902/1616 1603/1904/1617
f 1596/1881/1610 1595/1878/1609 1610/1903/1624 1611/1905/1625
f 1589/1882/1603 1588/1880/1602 1603/1904/1617 1604/1906/1618
f 1597/1883/1611 1596/1881/1610 1611/1905/1625 1612/1907/1626
f 1590/1884/1604 1589/1882/1603 1604/1906/1618 1605/1908/1619
f 1583/1886/1597 1155/1909/1169 1598/1894/1612
f 1162/1910/1176 1597/1883/1611 1612/1907/1626
f 1591/1888/1605 1590/1884/1604 1605/1908/1619 1606/1896/1620
f 1603/1904/1617 1602/1902/1616 1617/1911/1631 1618/1912/1632
f 1611/1905/1625 1610/1903/1624 1625/1913/1639 1626/1914/1640
f 1604/1906/1618 1603/1904/1617 1618/1912/1632 1619/1915/1633
f 1612/1907/1626 1611/1905/1625 1626/1914/1640 1627/1916/1641
f 1605/1908/1619 1604/1906/1618 1619/1915/1633 1620/1917/1634
f 1598/1894/1612 1155/1918/1169 1613/1919/1627
f 1162/1920/1176 1612/1907/1626 1627/1916/1641
f 1606/1896/1620 1605/1908/1619 1620/1917/1634 1621/1921/1635
f 1599/1895/1613 1598/1894/1612 1613/1919/1627 1614/1922/1628
f 1607/1897/1621 1606/1896/1620 1621/1921/1635 1622/1923/1636
f 1600/1898/1614 1599/1895/1613 1614/1922/1628 1615/1924/1629
f 1608/1899/1622 1607/1897/1621 1622/1923/1636 1623/1925/1637
f 1601/1900/1615 1600/1898/1614 1615/1924/1629 1616/1926/1630
f 1609/1901/1623 1608/1899/1622 1623/1925/1637 1624/1927/1638
f 1602/1902/1616 1601/1900/1615 1616/1926/1630 1617/1911/1631
f 1610/1903/1624 1609/1901/1623 1624/1927/1638 1625/1913/1639
f 1622/1923/1636 1621/1921/1635 1160/1376/1174 1632/1375/1646
f 1615/1924/1629 1614/1922/1628 1629/1371/1643 1156/1379/1170
f 1623/1925/1637 1622/1923/1636 1632/1375/1646 1161/1381/1175
f 1616/1926/1630 1615/1924/1629 1156/1379/1170 1630/1383/1644
f 1624/1927/1638 1623/1925/1637 1161/1381/1175 1633/1385/1647
f 1617/1911/1631 1616/1926/1630 1630/1383/1644 1157/1387/1171
f 1625/1913/1639 1624/1927/1638 1633/1385/1647 1634/1389/1648
f 1618/1912/1632 1617/1911/1631 1157/1387/1171 1631/1391/1645
f 1626/1914/1640 1625/1913/1639 1634/1389/1648 1635/1393/1649
f 1619/1915/1633 1618/1912/1632 1631/1391/1645 1158/1395/1172
f 1627/1916/1641 1626/1914/1640 1635/1393/1649 1636/1397/1650
f 1620/1917/1634 1619/1915/1633 1158/1395/1172 1159/1399/1173
f 1613/1919/1627 1155/1928/1169 1628/1372/1642
f 1162/1929/1176 1627/1916/1641 1636/1397/1650
f 1621/1921/1635 1620/1917/1634 1159/1399/1173 1160/1376/1174
f 1614/1922/1628 1613/1919/1627 1628/1372/1642 1629/1371/1643
o head
v 0.000000 6.530000 0.000000
v 0.000000 6.432252 -0.244451
v 0.000000 6.272231 -0.365847
v 0.000000 6.063152 -0.431545
v 0.000000 5.950000 -0.440000
v 0.000000 5.836847 -0.431545
v 0.000000 5.627769 -0.365847
v 0.000000 5.370000 0.000000
v 0.018650 6.518855 -0.084190
v 0.036582 6.485850 -0.165145
v 0.053109 6.432252 -0.239754
v 0.067595 6.360122 -0.305149
v 0.079484 6.272231 -0.358817
v 0.088318 6.171956 -0.398696
v 0.093757 6.063152 -0.423253
v 0.095594 5.950000 -0.431545
v 0.093757 5.836847 -0.423253
v 0.088318 5.728044 -0.398696
v 0.079484 5.627769 -0.358817
v 0.067595 5.539878 -0.305149
v 0.053109 5.467748 -0.239754
v 0.036582 5.414150 -0.165145
v 0.018650 5.381145 -0.084190
v 0.036582 6.518855 -0.079306
v 0.071759 6.485850 -0.155564
v 0.104178 6.432252 -0.225843
v 0.132593 6.360122 -0.287444
v 0.155913 6.272231 -0.337998
v 0.173241 6.171956 -0.375563
v 0.183912 6.063152 -0.398696
v 0.187515 5.950000 -0.406507
v 0.183912 5.836847 -0.398696
v 0.173241 5.728044 -0.375563
v 0.155913 5.627769 -0.337998
v 0.132593 5.539878 -0.287444
v 0.104178 5.467748 -0.225843
v 0.071759 5.414150 -0.155564
v 0.036582 5.381145 -0.079306
v 0.053109 6.518855 -0.071373
v 0.104178 6.485850 -0.140003
v 0.151243 6.432252 -0.203253
v 0.192495 6.360122 -0.258693
v 0.226350 6.272231 -0.304190
v 0.251507 6.171956 -0.337998
v 0.266999 6.063152 -0.358817
v 0.272229 5.950000 -0.365847
v 0.266999 5.836847 -0.358817
v 0.251507 5.728044 -0.337998
v 0.226350 5.627769 -0.304190
v 0.192495 5.539878 -0.258693
v 0.151243 5.467748 -0.203253
v 0.104178 5.414150 -0.140003
v 0.053109 5.381145 -0.071373
v 0.067595 6.518855 -0.060698
v 0.132593 6.485850 -0.119063
v 0.192495 6.432252 -0.172853
v 0.245000 6.360122 -0.220000
v 0.288089 6.272231 -0.258693
v 0.320108 6.171956 -0.287444
v 0.339825 6.063152 -0.305149
v 0.346482 5.950000 -0.311127
v 0.339825 5.836847 -0.305149
v 0.320108 5.728044 -0.287444
v 0.288089 5.627769 -0.258693
v 0.245000 5.539878 -0.220000
v 0.192495 5.467748 -0.172853
v 0.132593 5.414150 -0.119063
v 0.067595 5.381145 -0.060698
v 0.079484 6.518855 -0.047690
v 0.155913 6.485850 -0.093547
v 0.226350 6.432252 -0.135810
v 0.288090 6.360122 -0.172853
v 0.338757 6.272231 -0.203253
v 0.376407 6.171956 -0.225843
v 0.399592 6.063152 -0.239754
v 0.407420 5.950000 -0.244451
v 0.399592 5.836847 -0.239754
v 0.376407 5.728044 -0.225843
v 0.338757 5.627769 -0.203253
v 0.288090 5.539878 -0.172853
v 0.226350 5.467748 -0.135810
v 0.155913 5.414150 -0.093547
v 0.079484 5.381145 -0.047690
v 0.088318 6.518855 -0.032849
v 0.173241 6.485850 -0.064436
v 0.251507 6.432252 -0.093547
v 0.320108 6.360122 -0.119063
v 0.376407 6.272231 -0.140003
v 0.418241 6.171956 -0.155564
v 0.444002 6.063152 -0.165145
v 0.452701 5.950000 -0.168381
v 0.444002 5.836847 -0.165145
v 0.418241 5.728044 -0.155564
v 0.376407 5.627769 -0.140003
v 0.320108 5.539878 -0.119063
v 0.251507 5.467748 -0.093547
v 0.173241 5.414150 -0.064436
v 0.088318 5.381145 -0.032849
v 0.093757 6.518855 -0.016746
v 0.183912 6.485850 -0.032849
v 0.266999 6.432252 -0.047690
v 0.339825 6.360122 -0.060698
v 0.399592 6.272231 -0.071373
v 0.444002 6.171956 -0.079306
v 0.471350 6.063152 -0.084190
v 0.480585 5.950000 -0.085840
v 0.471350 5.836847 -0.084190
v 0.444002 5.728044 -0.079306
v 0.399592 5.627769 -0.071373
v 0.339825 5.539878 -0.060698
v 0.266999 5.467748 -0.047690
v 0.183912 5.414150 -0.032849
v 0.093757 5.381145 -0.016746
v 0.095594 6.518855 0.000000
v 0.187515 6.485850 0.000000
v 0.272229 6.432252 0.000000
v 0.346482 6.360122 -0.000000
v 0.407420 6.272231 0.000000
v 0.452701 6.171956 -0.000000
v 0.480585 6.063152 0.000000
v 0.490000 5.950000 0.000000
v 0.480585 5.836847 0.000000
v 0.452701 5.728044 -0.000000
v 0.407420 5.627769 0.000000
v 0.346482 5.539878 -0.000000
v 0.272229 5.467748 0.000000
v 0.187515 5.414150 0.000000
v 0.095594 5.381145 0.000000
v 0.093757 6.518855 0.016747
v 0.183912 6.485850 0.032849
v 0.266999 6.432252 0.047690
v 0.339825 6.360122 0.060698
v 0.399592 6.272231 0.071373
v 0.444002 6.171956 0.079306
v 0.471350 6.063152 0.084190
v 0.480585 5.950000 0.085840
v 0.471350 5.836847 0.084190
v 0.444002 5.728044 0.079306
v 0.399592 5.627769 0.071373
v 0.339825 5.539878 0.060698
v 0.266999 5.467748 0.047690
v 0.183912 5.414150 0.032849
v 0.093757 5.381145 0.016747
v 0.088318 6.518855 0.032849
v 0.173241 6.485850 0.064437
v 0.251507 6.432252 0.093547
v 0.320108 6.360122 0.119063
v 0.376407 6.272231 0.140003
v 0.418241 6.171956 0.155563
v 0.444002 6.063152 0.165145
v 0.452701 5.950000 0.168381
v 0.444002 5.836847 0.165145
v 0.418241 5.728044 0.155563
v 0.376407 5.627769 0.140003
v 0.320108 5.539878 0.119063
v 0.251507 5.467748 0.093547
v 0.173241 5.414150 0.064437
v 0.088318 5.381145 0.032849
v 0.079484 6.518855 0.047690
v 0.155913 6.485850 0.093547
v 0.226350 6.432252 0.135810
v 0.288089 6.360122 0.172853
v 0.338757 6.272231 0.203253
v 0.376407 6.171956 0.225843
v 0.399592 6.063152 0.239754
v 0.407420 5.950000 0.244451
v 0.399592 5.836847 0.239754
v 0.376407 5.728044 0.225843
v 0.338757 5.627769 0.203253
v 0.288089 5.539878 0.172853
v 0.226350 5.467748 0.135810
v 0.155913 5.414150 0.093547
v 0.079484 5.381145 0.047690
v 0.067595 6.518855 0.060698
v 0.132593 6.485850 0.119063
v 0.192495 6.432252 0.172853
v 0.245000 6.360122 0.220000
v 0.288089 6.272231 0.258693
v 0.320108 6.171956 0.287444
v 0.339825 6.063152 0.305149
v 0.346482 5.950000 0.311127
v 0.339825 5.836847 0.305149
v 0.320108 5.728044 0.287444
v 0.288089 5.627769 0.258693
v 0.245000 5.539878 0.220000
v 0.192495 5.467748 0.172853
v 0.132593 5.414150 0.119063
v 0.067595 5.381145 0.060698
v 0.053109 6.518855 0.071373
v 0.104178 6.485850 0.140003
v 0.151242 6.432252 0.203253
v 0.192495 6.360122 0.258693
v 0.226350 6.272231 0.304190
v 0.251507 6.171956 0.337998
v 0.266998 6.063152 0.358817
v 0.272229 5.950000 0.365847
v 0.266998 5.836847 0.358817
v 0.251507 5.728044 0.337998
v 0.226350 5.627769 0.304190
v 0.192495 5.539878 0.258693
v 0.151242 5.467748 0.203253
v 0.104178 5.414150 0.140003
v 0.053109 5.381145 0.071373
v 0.036582 6.518855 0.079306
v 0.071759 6.485850 0.155563
v 0.104178 6.432252 0.225843
v 0.132593 6.360122 0.287444
v 0.155913 6.272231 0.337998
v 0.173241 6.171956 0.375563
v 0.183912 6.063152 0.398696
v 0.187515 5.950000 0.406507
v 0.183912 5.836847 0.398696
v 0.173241 5.728044 0.375563
v 0.155913 5.627769 0.337998
v 0.132593 5.539878 0.287444
v 0.104178 5.467748 0.225843
v 0.071759 5.414150 0.155563
v 0.036582 5.381145 0.079306
v 0.018649 6.518855 0.084190
v 0.036582 6.485850 0.165145
v 0.053109 6.432252 0.239754
v 0.067595 6.360122 0.305149
v 0.079484 6.272231 0.358817
v 0.088318 6.171956 0.398696
v 0.093757 6.063152 0.423253
v 0.095594 5.950000 0.431545
v 0.093757 5.836847 0.423253
v 0.088318 5.728044 0.398696
v 0.079484 5.627769 0.358817
v 0.067595 5.539878 0.305149
v 0.053109 5.467748 0.239754
v 0.036582 5.414150 0.165145
v 0.018649 5.381145 0.084190
v -0.000000 6.518855 0.085840
v -0.000000 6.485850 0.168381
v -0.000000 6.432252 0.244451
v -0.000000 6.360122 0.311127
v -0.000000 6.272231 0.365846
v 0.000000 6.171956 0.406507
v -0.000000 6.063152 0.431545
v -0.000000 5.950000 0.440000
v -0.000000 5.836847 0.431545
v 0.000000 5.728044 0.406507
v -0.000000 5.627769 0.365846
v -0.000000 5.539878 0.311127
v -0.000000 5.467748 0.244451
v -0.000000 5.414150 0.168381
v -0.000000 5.381145 0.085840
v -0.018650 6.518855 0.084190
v -0.036582 6.485850 0.165145
v -0.053109 6.432252 0.239754
v -0.067595 6.360122 0.305149
v -0.079484 6.272231 0.358817
v -0.088318 6.171956 0.398696
v -0.093757 6.063152 0.423253
v -0.095594 5.950000 0.431545
v -0.093757 5.836847 0.423253
v -0.088318 5.728044 0.398696
v -0.079484 5.627769 0.358817
v -0.067595 5.539878 0.305149
v -0.053109 5.467748 0.239754
v -0.036582 5.414150 0.165145
v -0.018650 5.381145 0.084190
v -0.036582 6.518855 0.079306
v -0.071759 6.485850 0.155563
v -0.104178 6.432252 0.225843
v -0.132593 6.360122 0.287444
v -0.155913 6.272231 0.337998
v -0.173241 6.171956 0.375563
v -0.183912 6.063152 0.398696
v -0.187515 5.950000 0.406507
v -0.183912 5.836847 0.398696
v -0.173241 5.728044 0.375563
v -0.155913 5.627769 0.337998
v -0.132593 5.539878 0.287444
v -0.104178 5.467748 0.225843
v -0.071759 5.414150 0.155563
v -0.036582 5.381145 0.079306
v -0.053109 6.518855 0.071373
v -0.104178 6.485850 0.140003
v -0.151243 6.432252 0.203253
v -0.192495 6.360122 0.258693
v -0.226350 6.272231 0.304190
v -0.251507 6.171956 0.337998
v -0.266999 6.063152 0.358817
v -0.272229 5.950000 0.365846
v -0.266999 5.836847 0.358817
v -0.251507 5.728044 0.337998
v -0.226350 5.627769 0.304190
v -0.192495 5.539878 0.258693
v -0.151243 5.467748 0.203253
v -0.104178 5.414150 0.140003
v -0.053109 5.381145 0.071373
v -0.067595 6.518855 0.060698
v -0.132593 6.485850 0.119063
v -0.192495 6.432252 0.172853
v -0.245000 6.360122 0.220000
v -0.288089 6.272231 0.258692
v -0.320108 6.171956 0.287444
v -0.339825 6.063152 0.305149
v -0.346482 5.950000 0.311127
v -0.339825 5.836847 0.305149
v -0.320108 5.728044 0.287444
v -0.288089 5.627769 0.258692
v -0.245000 5.539878 0.220000
v -0.192495 5.467748 0.172853
v -0.132593 5.414150 0.119063
v -0.067595 5.381145 0.060698
v -0.079484 6.518855 0.047690
v -0.155913 6.485850 0.093547
v -0.226350 6.432252 0.135809
v -0.288089 6.360122 0.172853
v -0.338757 6.272231 0.203253
v -0.376407 6.171956 0.225843
v -0.399592 6.063152 0.239754
v -0.407420 5.950000 0.244451
v -0.399592 5.836847 0.239754
v -0.376407 5.728044 0.225843
v -0.338757 5.627769 0.203253
v -0.288089 5.539878 0.172853
v -0.226350 5.467748 0.135809
v -0.155913 5.414150 0.093547
v -0.079484 5.381145 0.047690
v -0.088318 6.518855 0.032849
v -0.173241 6.485850 0.064436
v -0.251507 6.432252 0.093547
v -0.320108 6.360122 0.119063
v -0.376407 6.272231 0.140003
v -0.418241 6.171956 0.155563
v -0.444002 6.063152 0.165145
v -0.452701 5.950000 0.168380
v -0.444002 5.836847 0.165145
v -0.418241 5.728044 0.155563
v -0.376407 5.627769 0.140003
v -0.320108 5.539878 0.119063
v -0.251507 5.467748 0.093547
v -0.173241 5.414150 0.064436
v -0.088318 5.381145 0.032849
v -0.093757 6.518855 0.016746
v -0.183912 6.485850 0.032849
v -0.266998 6.432252 0.047690
v -0.339825 6.360122 0.060698
v -0.399591 6.272231 0.071373
v -0.444002 6.171956 0.079306
v -0.471350 6.063152 0.084190
v -0.480584 5.950000 0.085839
v -0.471350 5.836847 0.084190
v -0.444002 5.728044 0.079306
v -0.399591 5.627769 0.071373
v -0.339825 5.539878 0.060698
v -0.266998 5.467748 0.047690
v -0.183912 5.414150 0.032849
v -0.093757 5.381145 0.016746
v -0.095594 6.518855 -0.000000
v -0.187515 6.485850 -0.000000
v -0.272229 6.432252 -0.000000
v -0.346482 6.360122 -0.000000
v -0.407420 6.272231 -0.000000
v -0.452701 6.171956 -0.000000
v -0.480585 6.063152 -0.000000
v -0.490000 5.950000 -0.000000
v -0.480585 5.836847 -0.000000
v -0.452701 5.728044 -0.000000
v -0.407420 5.627769 -0.000000
v -0.346482 5.539878 -0.000000
v -0.272229 5.467748 -0.000000
v -0.187515 5.414150 -0.000000
v -0.095594 5.381145 -0.000000
v -0.093757 6.518855 -0.016746
v -0.183912 6.485850 -0.032849
v -0.266998 6.432252 -0.047690
v -0.339825 6.360122 -0.060698
v -0.399591 6.272231 -0.071373
v -0.444002 6.171956 -0.079306
v -0.471350 6.063152 -0.084190
v -0.480584 5.950000 -0.085840
v -0.471350 5.836847 -0.084190
v -0.444002 5.728044 -0.079306
v -0.399591 5.627769 -0.071373
v -0.339825 5.539878 -0.060698
v -0.266998 5.467748 -0.047690
v -0.183912 5.414150 -0.032849
v -0.093757 5.381145 -0.016746
v -0.088317 6.518855 -0.032849
v -0.173241 6.485850 -0.064436
v -0.251507 6.432252 -0.093547
v -0.320108 6.360122 -0.119063
v -0.376407 6.272231 -0.140003
v -0.418241 6.171956 -0.155563
v -0.444002 6.063152 -0.165145
v -0.452700 5.950000 -0.168381
v -0.444002 5.836847 -0.165145
v -0.418241 5.728044 -0.155563
v -0.376407 5.627769 -0.140003
v -0.320108 5.539878 -0.119063
v -0.251507 5.467748 -0.093547
v -0.173241 5.414150 -0.064436
v -0.088317 5.381145 -0.032849
v -0.079484 6.518855 -0.047690
v -0.155913 6.485850 -0.093547
v -0.226350 6.432252 -0.135810
v -0.288089 6.360122 -0.172853
v -0.338757 6.272231 -0.203253
v -0.376407 6.171956 -0.225843
v -0.399591 6.063152 -0.239754
v -0.407420 5.950000 -0.244451
v -0.399591 5.836847 -0.239754
v -0.376407 5.728044 -0.225843
v -0.338757 5.627769 -0.203253
v -0.288089 5.539878 -0.172853
v -0.226350 5.467748 -0.135810
v -0.155913 5.414150 -0.093547
v -0.079484 5.381145 -0.047690
v -0.067595 6.518855 -0.060698
v -0.132593 6.485850 -0.119063
v -0.192495 6.432252 -0.172853
v -0.245000 6.360122 -0.220000
v -0.288089 6.272231 -0.258693
v -0.320108 6.171956 -0.287444
v -0.339824 6.063152 -0.305149
v -0.346482 5.950000 -0.311127
v -0.339824 5.836847 -0.305149
v -0.320108 5.728044 -0.287444
v -0.288089 5.627769 -0.258693
v -0.245000 5.539878 -0.220000
v -0.192495 5.467748 -0.172853
v -0.132593 5.414150 -0.119063
v -0.067595 5.381145 -0.060698
v -0.053109 6.518855 -0.071373
v -0.104178 6.485850 -0.140003
v -0.151242 6.432252 -0.203253
v -0.192495 6.360122 -0.258693
v -0.226350 6.272231 -0.304190
v -0.251507 6.171956 -0.337998
v -0.266998 6.063152 -0.358817
v -0.272229 5.950000 -0.365846
v -0.266998 5.836847 -0.358817
v -0.251507 5.728044 -0.337998
v -0.226350 5.627769 -0.304190
v -0.192495 5.539878 -0.258693
v -0.151242 5.467748 -0.203253
v -0.104178 5.414150 -0.140003
v -0.053109 5.381145 -0.071373
v -0.036582 6.518855 -0.079305
v -0.071759 6.485850 -0.155563
v -0.104177 6.432252 -0.225843
v -0.132593 6.360122 -0.287444
v -0.155913 6.272231 -0.337998
v -0.173241 6.171956 -0.375563
v -0.183912 6.063152 -0.398696
v -0.187514 5.950000 -0.406507
v -0.183912 5.836847 -0.398696
v -0.173241 5.728044 -0.375563
v -0.155913 5.627769 -0.337998
v -0.132593 5.539878 -0.287444
v -0.104177 5.467748 -0.225843
v -0.071759 5.414150 -0.155563
v -0.036582 5.381145 -0.079305
v -0.018649 6.518855 -0.084190
v -0.036582 6.485850 -0.165145
v -0.053109 6.432252 -0.239754
v -0.067595 6.360122 -0.305149
v -0.079484 6.272231 -0.358817
v -0.088318 6.171956 -0.398696
v -0.093757 6.063152 -0.423253
v -0.095594 5.950000 -0.431545
v -0.093757 5.836847 -0.423253
v -0.088318 5.728044 -0.398696
v -0.079484 5.627769 -0.358817
v -0.067595 5.539878 -0.305149
v -0.053109 5.467748 -0.239754
v -0.036582 5.414150 -0.165145
v -0.018649 5.381145 -0.084190
v 0.000000 6.518855 -0.085840
v 0.000000 6.485850 -0.168381
v 0.000000 6.360122 -0.311127
v 0.000000 6.171956 -0.406507
v 0.000000 5.728044 -0.406507
v 0.000000 5.539878 -0.311127
v 0.000000 5.467748 -0.244451
v 0.000000 5.414150 -0.168381
v 0.000000 5.381145 -0.085840
vn -0.0000 1.0000 -0.0000
vn -0.0000 0.7494 -0.6621
vn -0.0000 0.4519 -0.8921
vn -0.0000 0.1492 -0.9888
vn -0.0000 -0.0000 -1.0000
vn -0.0000 -0.1492 -0.9888
vn -0.0000 -0.4519 -0.8921
vn -0.0000 -1.0000 -0.0000
vn 0.0451 0.9662 -0.2538
vn 0.0844 0.8769 -0.4731
vn 0.1163 0.7506 -0.6505
vn 0.1402 0.6052 -0.7836
vn 0.1571 0.4532 -0.8775
vn 0.1681 0.3007 -0.9388
vn 0.1743 0.1497 -0.9732
vn 0.1763 -0.0000 -0.9843
vn 0.1743 -0.1497 -0.9732
vn 0.1681 -0.3007 -0.9388
vn 0.1571 -0.4532 -0.8775
vn 0.1402 -0.6052 -0.7836
vn 0.1163 -0.7506 -0.6505
vn 0.0844 -0.8769 -0.4731
vn 0.0451 -0.9662 -0.2538
vn 0.0886 0.9668 -0.2396
vn 0.1661 0.8790 -0.4470
vn 0.2291 0.7539 -0.6157
vn 0.2769 0.6092 -0.7431
vn 0.3107 0.4569 -0.8335
vn 0.3329 0.3036 -0.8927
vn 0.3455 0.1513 -0.9262
vn 0.3495 -0.0000 -0.9369
vn 0.3455 -0.1513 -0.9262
vn 0.3329 -0.3036 -0.8927
vn 0.3107 -0.4569 -0.8335
vn 0.2769 -0.6092 -0.7431
vn 0.2291 -0.7539 -0.6157
vn 0.1661 -0.8790 -0.4470
vn 0.0886 -0.9668 -0.2396
vn 0.1291 0.9677 -0.2163
vn 0.2422 0.8820 -0.4042
vn 0.3351 0.7590 -0.5582
vn 0.4061 0.6153 -0.6757
vn 0.4569 0.4627 -0.7597
vn 0.4905 0.3080 -0.8152
vn 0.5095 0.1537 -0.8467
vn 0.5156 -0.0000 -0.8568
vn 0.5095 -0.1537 -0.8467
vn 0.4905 -0.3080 -0.8152
vn 0.4569 -0.4627 -0.7597
vn 0.4061 -0.6153 -0.6757
vn 0.3351 -0.7590 -0.5582
vn 0.2422 -0.8820 -0.4042
vn 0.1291 -0.9677 -0.2163
vn 0.1649 0.9689 -0.1847
vn 0.3100 0.8857 -0.3457
vn 0.4303 0.7651 -0.4790
vn 0.5233 0.6227 -0.5818
vn 0.5905 0.4699 -0.6561
vn 0.6354 0.3135 -0.7057
vn 0.6610 0.1566 -0.7339
vn 0.6693 -0.0000 -0.7430
vn 0.6610 -0.1566 -0.7339
vn 0.6354 -0.3135 -0.7057
vn 0.5905 -0.4699 -0.6561
vn 0.5233 -0.6227 -0.5818
vn 0.4303 -0.7651 -0.4790
vn 0.3100 -0.8857 -0.3457
vn 0.1649 -0.9689 -0.1847
vn 0.1948 0.9700 -0.1457
vn 0.3666 0.8894 -0.2731
vn 0.5106 0.7714 -0.3798
vn 0.6232 0.6303 -0.4630
vn 0.7056 0.4773 -0.5238
vn 0.7610 0.3193 -0.5647
vn 0.7928 0.1598 -0.5881
vn 0.8032 -0.0000 -0.5957
vn 0.7928 -0.1598 -0.5881
vn 0.7610 -0.3193 -0.5647
vn 0.7056 -0.4773 -0.5238
vn 0.6232 -0.6303 -0.4630
vn 0.5106 -0.7714 -0.3798
vn 0.3666 -0.8894 -0.2731
vn 0.1948 -0.9700 -0.1457
vn 0.2172 0.9709 -0.1007
vn 0.4093 0.8926 -0.1891
vn 0.5718 0.7769 -0.2636
vn 0.7002 0.6370 -0.3224
vn 0.7950 0.4839 -0.3658
vn 0.8594 0.3244 -0.3952
vn 0.8965 0.1626 -0.4122
vn 0.9086 -0.0000 -0.4177
vn 0.8965 -0.1626 -0.4122
vn 0.8594 -0.3244 -0.3952
vn 0.7950 -0.4839 -0.3658
vn 0.7002 -0.6370 -0.3224
vn 0.5718 -0.7769 -0.2636
vn 0.4093 -0.8926 -0.1891
vn 0.2172 -0.9709 -0.1007
vn 0.2311 0.9716 -0.0515
vn 0.4360 0.8947 -0.0967
vn 0.6103 0.7806 -0.1351
vn 0.7489 0.6416 -0.1656
vn 0.8521 0.4884 -0.1883
vn 0.9224 0.3280 -0.2037
vn 0.9632 0.1645 -0.2127
vn 0.9765 -0.0000 -0.2156
vn 0.9632 -0.1645 -0.2127
vn 0.9224 -0.3280 -0.2037
vn 0.8521 -0.4884 -0.1883
vn 0.7489 -0.6416 -0.1656
vn 0.6103 -0.7806 -0.1351
vn 0.4360 -0.8947 -0.0967
vn 0.2311 -0.9716 -0.0515
vn 0.2358 0.9718 -0.0000
vn 0.4450 0.8955 -0.0000
vn 0.6234 0.7819 -0.0000
vn 0.7656 0.6433 -0.0000
vn 0.8717 0.4900 -0.0000
vn 0.9442 0.3293 -0.0000
vn 0.9863 0.1652 -0.0000
vn 1.0000 -0.0000 -0.0000
vn 0.9863 -0.1652 -0.0000
vn 0.9442 -0.3293 -0.0000
vn 0.8717 -0.4900 -0.0000
vn 0.7656 -0.6433 -0.0000
vn 0.6234 -0.7819 -0.0000
vn 0.4450 -0.8955 -0.0000
vn 0.2358 -0.9718 -0.0000
vn 0.2311 0.9716 0.0515
vn 0.4360 0.8947 0.0967
vn 0.6103 0.7806 0.1351
vn 0.7489 0.6416 0.1656
vn 0.8521 0.4884 0.1883
vn 0.9224 0.3280 0.2037
vn 0.9632 0.1645 0.2127
vn 0.9765 -0.0000 0.2156
vn 0.9632 -0.1645 0.2127
vn 0.9224 -0.3280 0.2037
vn 0.8521 -0.4884 0.1883
vn 0.7489 -0.6416 0.1656
vn 0.6103 -0.7806 0.1351
vn 0.4360 -0.8947 0.0967
vn 0.2311 -0.9716 0.0515
vn 0.2172 0.9709 0.1007
vn 0.4093 0.8926 0.1891
vn 0.5718 0.7769 0.2636
vn 0.7002 0.6370 0.3224
vn 0.7950 0.4839 0.3658
vn 0.8594 0.3244 0.3953
vn 0.8965 0.1626 0.4122
vn 0.9086 -0.0000 0.4177
vn 0.8965 -0.1626 0.4122
vn 0.8594 -0.3244 0.3953
vn 0.7950 -0.4839 0.3658
vn 0.7002 -0.6370 0.3224
vn 0.5718 -0.7769 0.2636
vn 0.4093 -0.8926 0.1891
vn 0.2172 -0.9709 0.1007
vn 0.1948 0.9700 0.1457
vn 0.3666 0.8894 0.2731
vn 0.5106 0.7714 0.3798
vn 0.6232 0.6303 0.4630
vn 0.7056 0.4773 0.5238
vn 0.7610 0.3193 0.5647
vn 0.7928 0.1598 0.5881
vn 0.8032 -0.0000 0.5957
vn 0.7928 -0.1598 0.5881
vn 0.7610 -0.3193 0.5647
vn 0.7056 -0.4773 0.5238
vn 0.6232 -0.6303 0.4630
vn 0.5106 -0.7714 0.3798
vn 0.3666 -0.8894 0.2731
vn 0.1948 -0.9700 0.1457
vn 0.1649 0.9689 0.1847
vn 0.3100 0.8857 0.3457
vn 0.4303 0.7651 0.4790
vn 0.5233 0.6227 0.5818
vn 0.5905 0.4699 0.6561
vn 0.6354 0.3135 0.7057
vn 0.6610 0.1566 0.7339
vn 0.6693 -0.0000 0.7430
vn 0.6610 -0.1566 0.7339
vn 0.6354 -0.3135 0.7057
vn 0.5905 -0.4699 0.6561
vn 0.5233 -0.6227 0.5818
vn 0.4303 -0.7651 0.4790
vn 0.3100 -0.8857 0.3457
vn 0.1649 -0.9689 0.1847
vn 0.1291 0.9677 0.2163
vn 0.2422 0.8820 0.4042
vn 0.3351 0.7590 0.5582
vn 0.4061 0.6153 0.6757
vn 0.4569 0.4627 0.7597
vn 0.4905 0.3080 0.8152
vn 0.5095 0.1537 0.8467
vn 0.5156 -0.0000 0.8568
vn 0.5095 -0.1537 0.8467
vn 0.4905 -0.3080 0.8152
vn 0.4569 -0.4627 0.7597
vn 0.4061 -0.6153 0.6757
vn 0.3351 -0.7590 0.5582
vn 0.2422 -0.8820 0.4042
vn 0.1291 -0.9678 0.2163
vn 0.0886 0.9668 0.2396
vn 0.1661 0.8790 0.4470
vn 0.2291 0.7539 0.6157
vn 0.2769 0.6092 0.7431
vn 0.3107 0.4569 0.8335
vn 0.3329 0.3036 0.8927
vn 0.3455 0.1513 0.9262
vn 0.3495 -0.0000 0.9369
vn 0.3455 -0.1513 0.9262
vn 0.3329 -0.3036 0.8927
vn 0.3107 -0.4569 0.8335
vn 0.2769 -0.6092 0.7431
vn 0.2291 -0.7539 0.6157
vn 0.1661 -0.8790 0.4470
vn 0.0886 -0.9668 0.2396
vn 0.0451 0.9662 0.2538
vn 0.0844 0.8769 0.4731
vn 0.1163 0.7506 0.6505
vn 0.1402 0.6052 0.7836
vn 0.1571 0.4532 0.8775
vn 0.1681 0.3007 0.9388
vn 0.1743 0.1497 0.9732
vn 0.1763 -0.0000 0.9843
vn 0.1743 -0.1497 0.9732
vn 0.1681 -0.3007 0.9388
vn 0.1571 -0.4532 0.8775
vn 0.1402 -0.6052 0.7836
vn 0.1163 -0.7506 0.6505
vn 0.0844 -0.8769 0.4731
vn 0.0451 -0.9662 0.2538
vn -0.0000 0.9660 0.2586
vn -0.0000 0.8762 0.4819
vn -0.0000 0.7494 0.6621
vn -0.0000 0.6038 0.7971
vn -0.0000 0.4519 0.8921
vn -0.0000 0.2997 0.9540
vn -0.0000 0.1492 0.9888
vn -0.0000 -0.0000 1.0000
vn -0.0000 -0.1492 0.9888
vn -0.0000 -0.2997 0.9540
vn -0.0000 -0.4519 0.8921
vn -0.0000 -0.6038 0.7971
vn -0.0000 -0.7494 0.6621
vn -0.0000 -0.8762 0.4819
vn -0.0000 -0.9660 0.2586
vn -0.0451 0.9662 0.2538
vn -0.0844 0.8769 0.4731
vn -0.1163 0.7506 0.6505
vn -0.1402 0.6052 0.7836
vn -0.1571 0.4532 0.8775
vn -0.1681 0.3007 0.9388
vn -0.1743 0.1497 0.9732
vn -0.1763 -0.0000 0.9843
vn -0.1743 -0.1497 0.9732
vn -0.1681 -0.3007 0.9388
vn -0.1571 -0.4532 0.8775
vn -0.1402 -0.6052 0.7836
vn -0.1163 -0.7506 0.6505
vn -0.0844 -0.8769 0.4731
vn -0.0451 -0.9662 0.2538
vn -0.0886 0.9668 0.2396
vn -0.1661 0.8790 0.4470
vn -0.2291 0.7539 0.6157
vn -0.2769 0.6092 0.7431
vn -0.3107 0.4569 0.8335
vn -0.3329 0.3036 0.8927
vn -0.3455 0.1513 0.9262
vn -0.3495 -0.0000 0.9369
vn -0.3455 -0.1513 0.9262
vn -0.3329 -0.3036 0.8927
vn -0.3107 -0.4569 0.8335
vn -0.2769 -0.6092 0.7431
vn -0.2291 -0.7539 0.6157
vn -0.1661 -0.8790 0.4470
vn -0.0886 -0.9668 0.2396
vn -0.1291 0.9677 0.2163
vn -0.2422 0.8820 0.4042
vn -0.3351 0.7590 0.5582
vn -0.4061 0.6153 0.6757
vn -0.4569 0.4627 0.7597
vn -0.4905 0.3080 0.8152
vn -0.5095 0.1537 0.8467
vn -0.5156 -0.0000 0.8568
vn -0.5095 -0.1537 0.8467
vn -0.4905 -0.3080 0.8152
vn -0.4569 -0.4627 0.7597
vn -0.4061 -0.6153 0.6757
vn -0.3351 -0.7590 0.5582
vn -0.2422 -0.8820 0.4042
vn -0.1291 -0.9677 0.2163
vn -0.1649 0.9689 0.1847
vn -0.3100 0.8857 0.3457
vn -0.4303 0.7651 0.4790
vn -0.5233 0.6227 0.5818
vn -0.5905 0.4699 0.6561
vn -0.6354 0.3135 0.7057
vn -0.6610 0.1566 0.7339
vn -0.6693 -0.0000 0.7430
vn -0.6610 -0.1566 0.7339
vn -0.6354 -0.3135 0.7057
vn -0.5905 -0.4699 0.6561
vn -0.5233 -0.6227 0.5818
vn -0.4303 -0.7651 0.4790
vn -0.3100 -0.8857 0.3457
vn -0.1649 -0.9689 0.1847
vn -0.1948 0.9700 0.1457
vn -0.3666 0.8894 0.2731
vn -0.5106 0.7714 0.3798
vn -0.6232 0.6303 0.4630
vn -0.7056 0.4773 0.5238
vn -0.7610 0.3193 0.5647
vn -0.7928 0.1598 0.5881
vn -0.8032 -0.0000 0.5957
vn -0.7928 -0.1598 0.5881
vn -0.7610 -0.3193 0.5647
vn -0.7056 -0.4773 0.5238
vn -0.6232 -0.6303 0.4630
vn -0.5106 -0.7714 0.3798
vn -0.3666 -0.8894 0.2731
vn -0.1948 -0.9700 0.1457
vn -0.2172 0.9709 0.1007
vn -0.4093 0.8926 0.1891
vn -0.5718 0.7769 0.2636
vn -0.7002 0.6370 0.3224
vn -0.7950 0.4839 0.3658
vn -0.8594 0.3244 0.3952
vn -0.8965 0.1626 0.4122
vn -0.9086 -0.0000 0.4177
vn -0.8965 -0.1626 0.4122
vn -0.8594 -0.3244 0.3952
vn -0.7950 -0.4839 0.3658
vn -0.7002 -0.6370 0.3224
vn -0.5718 -0.7769 0.2636
vn -0.4093 -0.8926 0.1891
vn -0.2172 -0.9709 0.1007
vn -0.2311 0.9716 0.0515
vn -0.4360 0.8947 0.0967
vn -0.6103 0.7806 0.1351
vn -0.7489 0.6416 0.1656
vn -0.8521 0.4884 0.1883
vn -0.9224 0.3280 0.2037
vn -0.9632 0.1645 0.2127
vn -0.9765 -0.0000 0.2156
vn -0.9632 -0.1645 0.2127
vn -0.9224 -0.3280 0.2037
vn -0.8521 -0.4884 0.1883
vn -0.7489 -0.6416 0.1656
vn -0.6103 -0.7806 0.1351
vn -0.4360 -0.8947 0.0967
vn -0.2311 -0.9716 0.0515
vn -0.2358 0.9718 -0.0000
vn -0.4450 0.8955 -0.0000
vn -0.6234 0.7819 -0.0000
vn -0.7656 0.6433 -0.0000
vn -0.8717 0.4900 -0.0000
vn -0.9442 0.3293 -0.0000
vn -0.9863 0.1652 -0.0000
vn -1.0000 -0.0000 -0.0000
vn -0.9863 -0.1652 -0.0000
vn -0.9442 -0.3293 -0.0000
vn -0.8717 -0.4900 -0.0000
vn -0.7656 -0.6433 -0.0000
vn -0.6234 -0.7819 -0.0000
vn -0.4450 -0.8955 -0.0000
vn -0.2358 -0.9718 -0.0000
vn -0.2311 0.9716 -0.0515
vn -0.4360 0.8947 -0.0967
vn -0.6103 0.7806 -0.1351
vn -0.7489 0.6416 -0.1656
vn -0.8521 0.4884 -0.1883
vn -0.9224 0.3280 -0.2037
vn -0.9632 0.1645 -0.2127
vn -0.9765 -0.0000 -0.2156
vn -0.9632 -0.1645 -0.2127
vn -0.9224 -0.3280 -0.2037
vn -0.8521 -0.4884 -0.1883
vn -0.7489 -0.6416 -0.1656
vn -0.6103 -0.7806 -0.1351
vn -0.4360 -0.8947 -0.0967
vn -0.2311 -0.9716 -0.0515
vn -0.2172 0.9709 -0.1007
vn -0.4093 0.8926 -0.1891
vn -0.5718 0.7769 -0.2636
vn -0.7002 0.6370 -0.3224
vn -0.7950 0.4839 -0.3658
vn -0.8594 0.3244 -0.3953
vn -0.8965 0.1626 -0.4122
vn -0.9086 -0.0000 -0.4177
vn -0.8965 -0.1626 -0.4122
vn -0.8594 -0.3244 -0.3953
vn -0.7950 -0.4839 -0.3658
vn -0.7002 -0.6370 -0.3224
vn -0.5718 -0.7769 -0.2636
vn -0.4093 -0.8926 -0.1891
vn -0.2172 -0.9709 -0.1007
vn -0.1948 0.9700 -0.1457
vn -0.3666 0.8894 -0.2731
vn -0.5106 0.7714 -0.3798
vn -0.6232 0.6303 -0.4630
vn -0.7056 0.4773 -0.5238
vn -0.7610 0.3193 -0.5647
vn -0.7928 0.1598 -0.5881
vn -0.8032 -0.0000 -0.5957
vn -0.7928 -0.1598 -0.5881
vn -0.7610 -0.3193 -0.5647
vn -0.7056 -0.4773 -0.5238
vn -0.6232 -0.6303 -0.4630
vn -0.5106 -0.7714 -0.3798
vn -0.3666 -0.8894 -0.2731
vn -0.1948 -0.9700 -0.1457
vn -0.1649 0.9689 -0.1847
vn -0.3100 0.8857 -0.3457
vn -0.4303 0.7651 -0.4790
vn -0.5233 0.6227 -0.5818
vn -0.5905 0.4699 -0.6561
vn -0.6354 0.3135 -0.7057
vn -0.6610 0.1566 -0.7339
vn -0.6693 -0.0000 -0.7430
vn -0.6610 -0.1566 -0.7339
vn -0.6354 -0.3135 -0.7057
vn -0.5905 -0.4699 -0.6561
vn -0.5233 -0.6227 -0.5818
vn -0.4303 -0.7651 -0.4790
vn -0.3100 -0.8857 -0.3457
vn -0.1649 -0.9689 -0.1847
vn -0.1291 0.9677 -0.2163
vn -0.2422 0.8820 -0.4042
vn -0.3351 0.7590 -0.5582
vn -0.4061 0.6153 -0.6757
vn -0.4569 0.4627 -0.7597
vn -0.4905 0.3080 -0.8152
vn -0.5095 0.1537 -0.8467
vn -0.5156 -0.0000 -0.8568
vn -0.5095 -0.1537 -0.8467
vn -0.4905 -0.3080 -0.8152
vn -0.4569 -0.4627 -0.7597
vn -0.4061 -0.6153 -0.6757
vn -0.3351 -0.7590 -0.5582
vn -0.2422 -0.8820 -0.4042
vn -0.1291 -0.9677 -0.2163
vn -0.0886 0.9668 -0.2396
vn -0.1661 0.8790 -0.4470
vn -0.2291 0.7539 -0.6157
vn -0.2769 0.6092 -0.7431
vn -0.3107 0.4569 -0.8335
vn -0.3329 0.3036 -0.8927
vn -0.3455 0.1513 -0.9262
vn -0.3495 -0.0000 -0.9369
vn -0.3455 -0.1513 -0.9262
vn -0.3329 -0.3036 -0.8927
vn -0.3107 -0.4569 -0.8335
vn -0.2769 -0.6092 -0.7431
vn -0.2291 -0.7539 -0.6157
vn -0.1661 -0.8790 -0.4470
vn -0.0886 -0.9668 -0.2396
vn -0.0451 0.9662 -0.2538
vn -0.0844 0.8769 -0.4731
vn -0.1163 0.7506 -0.6505
vn -0.1402 0.6052 -0.7836
vn -0.1571 0.4532 -0.8775
vn -0.1681 0.3007 -0.9388
vn -0.1743 0.1497 -0.9732
vn -0.1763 -0.0000 -0.9843
vn -0.1743 -0.1497 -0.9732
vn -0.1681 -0.3007 -0.9388
vn -0.1571 -0.4532 -0.8775
vn -0.1402 -0.6052 -0.7836
vn -0.1163 -0.7506 -0.6505
vn -0.0844 -0.8769 -0.4731
vn -0.0451 -0.9662 -0.2538
vn -0.0000 0.9660 -0.2586
vn -0.0000 0.8762 -0.4819
vn -0.0000 0.6038 -0.7971
vn -0.0000 0.2997 -0.9540
vn -0.0000 -0.2997 -0.9540
vn -0.0000 -0.6038 -0.7971
vn -0.0000 -0.7494 -0.6621
vn -0.0000 -0.8762 -0.4819
vn -0.0000 -0.9660 -0.2586
vt 0.750000 0.875000
vt 0.750000 0.937500
vt 0.718750 0.937500
vt 0.718750 0.875000
vt 0.750000 0.375000
vt 0.750000 0.437500
vt 0.718750 0.437500
vt 0.718750 0.375000
vt 0.750000 0.812500
vt 0.718750 0.812500
vt 0.750000 0.312500
vt 0.718750 0.312500
vt 0.750000 0.750000
vt 0.718750 0.750000
vt 0.750000 0.250000
vt 0.718750 0.250000
vt 0.750000 0.687500
vt 0.718750 0.687500
vt 0.750000 0.187500
vt 0.718750 0.187500
vt 0.750000 0.625000
vt 0.718750 0.625000
vt 0.750000 0.125000
vt 0.718750 0.125000
vt 0.750000 0.562500
vt 0.718750 0.562500
vt 0.750000 0.062500
vt 0.718750 0.062500
vt 0.750000 0.500000
vt 0.718750 0.500000
vt 0.734375 1.000000
vt 0.734375 0.000000
vt 0.703125 1.000000
vt 0.687500 0.937500
vt 0.703125 0.000000
vt 0.687500 0.062500
vt 0.687500 0.500000
vt 0.687500 0.437500
vt 0.687500 0.875000
vt 0.687500 0.375000
vt 0.687500 0.812500
vt 0.687500 0.312500
vt 0.687500 0.750000
vt 0.687500 0.250000
vt 0.687500 0.687500
vt 0.687500 0.187500
vt 0.687500 0.625000
vt 0.687500 0.125000
vt 0.687500 0.562500
vt 0.656250 0.750000
vt 0.656250 0.687500
vt 0.656250 0.250000
vt 0.656250 0.187500
vt 0.656250 0.625000
vt 0.656250 0.125000
vt 0.656250 0.562500
vt 0.656250 0.062500
vt 0.656250 0.500000
vt 0.671875 1.000000
vt 0.656250 0.937500
vt 0.671875 0.000000
vt 0.656250 0.437500
vt 0.656250 0.875000
vt 0.656250 0.375000
vt 0.656250 0.812500
vt 0.656250 0.312500
vt 0.625000 0.500000
vt 0.625000 0.437500
vt 0.625000 0.937500
vt 0.625000 0.875000
vt 0.625000 0.375000
vt 0.625000 0.812500
vt 0.625000 0.312500
vt 0.625000 0.750000
vt 0.625000 0.250000
vt 0.625000 0.687500
vt 0.625000 0.187500
vt 0.625000 0.625000
vt 0.625000 0.125000
vt 0.625000 0.562500
vt 0.625000 0.062500
vt 0.640625 1.000000
vt 0.640625 0.000000
vt 0.593750 0.250000
vt 0.593750 0.187500
vt 0.593750 0.687500
vt 0.593750 0.625000
vt 0.593750 0.125000
vt 0.593750 0.562500
vt 0.593750 0.062500
vt 0.593750 0.500000
vt 0.609375 1.000000
vt 0.593750 0.937500
vt 0.609375 0.000000
vt 0.593750 0.437500
vt 0.593750 0.875000
vt 0.593750 0.375000
vt 0.593750 0.812500
vt 0.593750 0.312500
vt 0.593750 0.750000
vt 0.562500 0.937500
vt 0.562500 0.875000
vt 0.562500 0.437500
vt 0.562500 0.375000
vt 0.562500 0.812500
vt 0.562500 0.312500
vt 0.562500 0.750000
vt 0.562500 0.250000
vt 0.562500 0.687500
vt 0.562500 0.187500
vt 0.562500 0.625000
vt 0.562500 0.125000
vt 0.562500 0.562500
vt 0.562500 0.062500
vt 0.562500 0.500000
vt 0.578125 1.000000
vt 0.578125 0.000000
vt 0.531250 0.687500
vt 0.531250 0.625000
vt 0.531250 0.187500
vt 0.531250 0.125000
vt 0.531250 0.562500
vt 0.531250 0.062500
vt 0.531250 0.500000
vt 0.546875 1.000000
vt 0.531250 0.937500
vt 0.546875 0.000000
vt 0.531250 0.437500
vt 0.531250 0.875000
vt 0.531250 0.375000
vt 0.531250 0.812500
vt 0.531250 0.312500
vt 0.531250 0.750000
vt 0.531250 0.250000
vt 0.500000 0.437500
vt 0.500000 0.375000
vt 0.500000 0.875000
vt 0.500000 0.812500
vt 0.500000 0.312500
vt 0.500000 0.750000
vt 0.500000 0.250000
vt 0.500000 0.687500
vt 0.500000 0.187500
vt 0.500000 0.625000
vt 0.500000 0.125000
vt 0.500000 0.562500
vt 0.500000 0.062500
vt 0.500000 0.500000
vt 0.515625 1.000000
vt 0.500000 0.937500
vt 0.515625 0.000000
vt 0.468750 0.187500
vt 0.468750 0.125000
vt 0.468750 0.625000
vt 0.468750 0.562500
vt 0.468750 0.062500
vt 0.468750 0.500000
vt 0.484375 1.000000
vt 0.468750 0.937500
vt 0.484375 0.000000
vt 0.468750 0.437500
vt 0.468750 0.875000
vt 0.468750 0.375000
vt 0.468750 0.812500
vt 0.468750 0.312500
vt 0.468750 0.750000
vt 0.468750 0.250000
vt 0.468750 0.687500
vt 0.437500 0.375000
vt 0.437500 0.312500
vt 0.437500 0.812500
vt 0.437500 0.750000
vt 0.437500 0.250000
vt 0.437500 0.687500
vt 0.437500 0.187500
vt 0.437500 0.625000
vt 0.437500 0.125000
vt 0.437500 0.562500
vt 0.437500 0.062500
vt 0.437500 0.500000
vt 0.453125 1.000000
vt 0.437500 0.937500
vt 0.453125 0.000000
vt 0.437500 0.437500
vt 0.437500 0.875000
vt 0.406250 0.125000
vt 0.406250 0.062500
vt 0.406250 0.562500
vt 0.406250 0.500000
vt 0.421875 1.000000
vt 0.406250 0.937500
vt 0.421875 0.000000
vt 0.406250 0.437500
vt 0.406250 0.875000
vt 0.406250 0.375000
vt 0.406250 0.812500
vt 0.406250 0.312500
vt 0.406250 0.750000
vt 0.406250 0.250000
vt 0.406250 0.687500
vt 0.406250 0.187500
vt 0.406250 0.625000
vt 0.375000 0.812500
vt 0.375000 0.750000
vt 0.375000 0.312500
vt 0.375000 0.250000
vt 0.375000 0.687500
vt 0.375000 0.187500
vt 0.375000 0.625000
vt 0.375000 0.125000
vt 0.375000 0.562500
vt 0.375000 0.062500
vt 0.375000 0.500000
vt 0.390625 1.000000
vt 0.375000 0.937500
vt 0.390625 0.000000
vt 0.375000 0.437500
vt 0.375000 0.875000
vt 0.375000 0.375000
vt 0.343750 0.562500
vt 0.343750 0.500000
vt 0.359375 1.000000
vt 0.343750 0.937500
vt 0.359375 0.000000
vt 0.343750 0.062500
vt 0.343750 0.437500
vt 0.343750 0.875000
vt 0.343750 0.375000
vt 0.343750 0.812500
vt 0.343750 0.312500
vt 0.343750 0.750000
vt 0.343750 0.250000
vt 0.343750 0.687500
vt 0.343750 0.187500
vt 0.343750 0.625000
vt 0.343750 0.125000
vt 0.312500 0.312500
vt 0.312500 0.250000
vt 0.312500 0.750000
vt 0.312500 0.687500
vt 0.312500 0.187500
vt 0.312500 0.625000
vt 0.312500 0.125000
vt 0.312500 0.562500
vt 0.312500 0.062500
vt 0.312500 0.500000
vt 0.328125 1.000000
vt 0.312500 0.937500
vt 0.328125 0.000000
vt 0.312500 0.437500
vt 0.312500 0.875000
vt 0.312500 0.375000
vt 0.312500 0.812500
vt 0.296875 1.000000
vt 0.281250 0.937500
vt 0.296875 0.000000
vt 0.281250 0.062500
vt 0.281250 0.500000
vt 0.281250 0.437500
vt 0.281250 0.875000
vt 0.281250 0.375000
vt 0.281250 0.812500
vt 0.281250 0.312500
vt 0.281250 0.750000
vt 0.281250 0.250000
vt 0.281250 0.687500
vt 0.281250 0.187500
vt 0.281250 0.625000
vt 0.281250 0.125000
vt 0.281250 0.562500
vt 0.250000 0.750000
vt 0.250000 0.687500
vt 0.250000 0.250000
vt 0.250000 0.187500
vt 0.250000 0.625000
vt 0.250000 0.125000
vt 0.250000 0.562500
vt 0.250000 0.062500
vt 0.250000 0.500000
vt 0.265625 1.000000
vt 0.250000 0.937500
vt 0.265625 0.000000
vt 0.250000 0.437500
vt 0.250000 0.875000
vt 0.250000 0.375000
vt 0.250000 0.812500
vt 0.250000 0.312500
vt 0.218750 0.500000
vt 0.218750 0.437500
vt 0.218750 0.937500
vt 0.218750 0.875000
vt 0.218750 0.375000
vt 0.218750 0.812500
vt 0.218750 0.312500
vt 0.218750 0.750000
vt 0.218750 0.250000
vt 0.218750 0.687500
vt 0.218750 0.187500
vt 0.218750 0.625000
vt 0.218750 0.125000
vt 0.218750 0.562500
vt 0.218750 0.062500
vt 0.234375 1.000000
vt 0.234375 0.000000
vt 0.187500 0.250000
vt 0.187500 0.187500
vt 0.187500 0.687500
vt 0.187500 0.625000
vt 0.187500 0.125000
vt 0.187500 0.562500
vt 0.187500 0.062500
vt 0.187500 0.500000
vt 0.203125 1.000000
vt 0.187500 0.937500
vt 0.203125 0.000000
vt 0.187500 0.437500
vt 0.187500 0.875000
vt 0.187500 0.375000
vt 0.187500 0.812500
vt 0.187500 0.312500
vt 0.187500 0.750000
vt 0.156250 0.437500
vt 0.156250 0.375000
vt 0.156250 0.875000
vt 0.156250 0.812500
vt 0.156250 0.312500
vt 0.156250 0.750000
vt 0.156250 0.250000
vt 0.156250 0.687500
vt 0.156250 0.187500
vt 0.156250 0.625000
vt 0.156250 0.125000
vt 0.156250 0.562500
vt 0.156250 0.062500
vt 0.156250 0.500000
vt 0.171875 1.000000
vt 0.156250 0.937500
vt 0.171875 0.000000
vt 0.125000 0.187500
vt 0.125000 0.125000
vt 0.125000 0.625000
vt 0.125000 0.562500
vt 0.125000 0.062500
vt 0.125000 0.500000
vt 0.140625 1.000000
vt 0.125000 0.937500
vt 0.140625 0.000000
vt 0.125000 0.437500
vt 0.125000 0.875000
vt 0.125000 0.375000
vt 0.125000 0.812500
vt 0.125000 0.312500
vt 0.125000 0.750000
vt 0.125000 0.250000
vt 0.125000 0.687500
vt 0.093750 0.875000
vt 0.093750 0.812500
vt 0.093750 0.375000
vt 0.093750 0.312500
vt 0.093750 0.750000
vt 0.093750 0.250000
vt 0.093750 0.687500
vt 0.093750 0.187500
vt 0.093750 0.625000
vt 0.093750 0.125000
vt 0.093750 0.562500
vt 0.093750 0.062500
vt 0.093750 0.500000
vt 0.109375 1.000000
vt 0.093750 0.937500
vt 0.109375 0.000000
vt 0.093750 0.437500
vt 0.062500 0.625000
vt 0.062500 0.562500
vt 0.062500 0.125000
vt 0.062500 0.062500
vt 0.062500 0.500000
vt 0.078125 1.000000
vt 0.062500 0.937500
vt 0.078125 0.000000
vt 0.062500 0.437500
vt 0.062500 0.875000
vt 0.062500 0.375000
vt 0.062500 0.812500
vt 0.062500 0.312500
vt 0.062500 0.750000
vt 0.062500 0.250000
vt 0.062500 0.687500
vt 0.062500 0.187500
vt 0.031250 0.375000
vt 0.031250 0.312500
vt 0.031250 0.812500
vt 0.031250 0.750000
vt 0.031250 0.250000
vt 0.031250 0.687500
vt 0.031250 0.187500
vt 0.031250 0.625000
vt 0.031250 0.125000
vt 0.031250 0.562500
vt 0.031250 0.062500
vt 0.031250 0.500000
vt 0.046875 1.000000
vt 0.031250 0.937500
vt 0.046875 0.000000
vt 0.031250 0.437500
vt 0.031250 0.875000
vt 0.000000 0.125000
vt 0.000000 0.062500
vt 0.000000 0.562500
vt 0.000000 0.500000
vt 0.015625 1.000000
vt 0.000000 0.937500
vt 0.015625 0.000000
vt 0.000000 0.437500
vt 0.000000 0.875000
vt 0.000000 0.375000
vt 0.000000 0.812500
vt 0.000000 0.312500
vt 0.000000 0.750000
vt 0.000000 0.250000
vt 0.000000 0.687500
vt 0.000000 0.187500
vt 0.000000 0.625000
vt 1.000000 0.750000
vt 1.000000 0.812500
vt 0.968750 0.812500
vt 0.968750 0.750000
vt 1.000000 0.250000
vt 1.000000 0.312500
vt 0.968750 0.312500
vt 0.968750 0.250000
vt 1.000000 0.687500
vt 0.968750 0.687500
vt 1.000000 0.187500
vt 0.968750 0.187500
vt 1.000000 0.625000
vt 0.968750 0.625000
vt 1.000000 0.125000
vt 0.968750 0.125000
vt 1.000000 0.562500
vt 0.968750 0.562500
vt 1.000000 0.062500
vt 0.968750 0.062500
vt 1.000000 0.500000
vt 0.968750 0.500000
vt 1.000000 0.937500
vt 0.984375 1.000000
vt 0.968750 0.937500
vt 0.984375 0.000000
vt 1.000000 0.437500
vt 0.968750 0.437500
vt 1.000000 0.875000
vt 0.968750 0.875000
vt 1.000000 0.375000
vt 0.968750 0.375000
vt 0.937500 0.562500
vt 0.937500 0.500000
vt 0.953125 1.000000
vt 0.937500 0.937500
vt 0.953125 0.000000
vt 0.937500 0.062500
vt 0.937500 0.437500
vt 0.937500 0.875000
vt 0.937500 0.375000
vt 0.937500 0.812500
vt 0.937500 0.312500
vt 0.937500 0.750000
vt 0.937500 0.250000
vt 0.937500 0.687500
vt 0.937500 0.187500
vt 0.937500 0.625000
vt 0.937500 0.125000
vt 0.906250 0.312500
vt 0.906250 0.250000
vt 0.906250 0.750000
vt 0.906250 0.687500
vt 0.906250 0.187500
vt 0.906250 0.625000
vt 0.906250 0.125000
vt 0.906250 0.562500
vt 0.906250 0.062500
vt 0.906250 0.500000
vt 0.921875 1.000000
vt 0.906250 0.937500
vt 0.921875 0.000000
vt 0.906250 0.437500
vt 0.906250 0.875000
vt 0.906250 0.375000
vt 0.906250 0.812500
vt 0.890625 0.000000
vt 0.875000 0.062500
vt 0.875000 0.500000
vt 0.875000 0.437500
vt 0.875000 0.937500
vt 0.875000 0.875000
vt 0.875000 0.375000
vt 0.875000 0.812500
vt 0.875000 0.312500
vt 0.875000 0.750000
vt 0.875000 0.250000
vt 0.875000 0.687500
vt 0.875000 0.187500
vt 0.875000 0.625000
vt 0.875000 0.125000
vt 0.875000 0.562500
vt 0.890625 1.000000
vt 0.843750 0.250000
vt 0.843750 0.187500
vt 0.843750 0.687500
vt 0.843750 0.625000
vt 0.843750 0.125000
vt 0.843750 0.562500
vt 0.843750 0.062500
vt 0.843750 0.500000
vt 0.859375 1.000000
vt 0.843750 0.937500
vt 0.859375 0.000000
vt 0.843750 0.437500
vt 0.843750 0.875000
vt 0.843750 0.375000
vt 0.843750 0.812500
vt 0.843750 0.312500
vt 0.843750 0.750000
vt 0.812500 0.937500
vt 0.812500 0.875000
vt 0.812500 0.437500
vt 0.812500 0.375000
vt 0.812500 0.812500
vt 0.812500 0.312500
vt 0.812500 0.750000
vt 0.812500 0.250000
vt 0.812500 0.687500
vt 0.812500 0.187500
vt 0.812500 0.625000
vt 0.812500 0.125000
vt 0.812500 0.562500
vt 0.812500 0.062500
vt 0.812500 0.500000
vt 0.828125 1.000000
vt 0.828125 0.000000
vt 0.781250 0.687500
vt 0.781250 0.625000
vt 0.781250 0.187500
vt 0.781250 0.125000
vt 0.781250 0.562500
vt 0.781250 0.062500
vt 0.781250 0.500000
vt 0.796875 1.000000
vt 0.781250 0.937500
vt 0.796875 0.000000
vt 0.781250 0.437500
vt 0.781250 0.875000
vt 0.781250 0.375000
vt 0.781250 0.812500
vt 0.781250 0.312500
vt 0.781250 0.750000
vt 0.781250 0.250000
vt 0.765625 1.000000
vt 0.765625 0.000000
s 1
usemtl skin
f 2111/1930/2125 2110/1931/2124 1645/1932/1659 1646/1933/1660
f 2114/1934/2128 1642/1935/1656 1653/1936/1667 1654/1937/1668
f 1638/1938/1652 2111/1930/2125 1646/1933/1660 1647/1939/1661
f 1643/1940/1657 2114/1934/2128 1654/1937/1668 1655/1941/1669
f 2112/1942/2126 1638/1938/1652 1647/1939/1661 1648/1943/1662
f 2115/1944/2129 1643/1940/1657 1655/1941/1669 1656/1945/1670
f 1639/1946/1653 2112/1942/2126 1648/1943/1662 1649/1947/1663
f 2116/1948/2130 2115/1944/2129 1656/1945/1670 1657/1949/1671
f 2113/1950/2127 1639/1946/1653 1649/1947/1663 1650/1951/1664
f 2117/1952/2131 2116/1948/2130 1657/1949/1671 1658/1953/1672
f 1640/1954/1654 2113/1950/2127 1650/1951/1664 1651/1955/1665
f 2118/1956/2132 2117/1952/2131 1658/1953/1672 1659/1957/1673
f 1641/1958/1655 1640/1954/1654 1651/1955/1665 1652/1959/1666
f 2110/1931/2124 1637/1960/1651 1645/1932/1659
f 1644/1961/1658 2118/1956/2132 1659/1957/1673
f 1642/1935/1656 1641/1958/1655 1652/1959/1666 1653/1936/1667
f 1645/1932/1659 1637/1962/1651 1660/1963/1674
f 1644/1964/1658 1659/1957/1673 1674/1965/1688
f 1653/1936/1667 1652/1959/1666 1667/1966/1681 1668/1967/1682
f 1646/1933/1660 1645/1932/1659 1660/1963/1674 1661/1968/1675
f 1654/1937/1668 1653/1936/1667 1668/1967/1682 1669/1969/1683
f 1647/1939/1661 1646/1933/1660 1661/1968/1675 1662/1970/1676
f 1655/1941/1669 1654/1937/1668 1669/1969/1683 1670/1971/1684
f 1648/1943/1662 1647/1939/1661 1662/1970/1676 1663/1972/1677
f 1656/1945/1670 1655/1941/1669 1670/1971/1684 1671/1973/1685
f 1649/1947/1663 1648/1943/1662 1663/1972/1677 1664/1974/1678
f 1657/1949/1671 1656/1945/1670 1671/1973/1685 1672/1975/1686
f 1650/1951/1664 1649/1947/1663 1664/1974/1678 1665/1976/1679
f 1658/1953/1672 1657/1949/1671 1672/1975/1686 1673/1977/1687
f 1651/1955/1665 1650/1951/1664 1665/1976/1679 1666/1978/1680
f 1659/1957/1673 1658/1953/1672 1673/1977/1687 1674/1965/1688
f 1652/1959/1666 1651/1955/1665 1666/1978/1680 1667/1966/1681
f 1664/1974/1678 1663/1972/1677 1678/1979/1692 1679/1980/1693
f 1672/1975/1686 1671/1973/1685 1686/1981/1700 1687/1982/1701
f 1665/1976/1679 1664/1974/1678 1679/1980/1693 1680/1983/1694
f 1673/1977/1687 1672/1975/1686 1687/1982/1701 1688/1984/1702
f 1666/1978/1680 1665/1976/1679 1680/1983/1694 1681/1985/1695
f 1674/1965/1688 1673/1977/1687 1688/1984/1702 1689/1986/1703
f 1667/1966/1681 1666/1978/1680 1681/1985/1695 1682/1987/1696
f 1660/1963/1674 1637/1988/1651 1675/1989/1689
f 1644/1990/1658 1674/1965/1688 1689/1986/1703
f 1668/1967/1682 1667/1966/1681 1682/1987/1696 1683/1991/1697
f 1661/1968/1675 1660/1963/1674 1675/1989/1689 1676/1992/1690
f 1669/1969/1683 1668/1967/1682 1683/1991/1697 1684/1993/1698
f 1662/1970/1676 1661/1968/1675 1676/1992/1690 1677/1994/1691
f 1670/1971/1684 1669/1969/1683 1684/1993/1698 1685/1995/1699
f 1663/1972/1677 1662/1970/1676 1677/1994/1691 1678/1979/1692
f 1671/1973/1685 1670/1971/1684 1685/1995/1699 1686/1981/1700
f 1683/1991/1697 1682/1987/1696 1697/1996/1711 1698/1997/1712
f 1676/1992/1690 1675/1989/1689 1690/1998/1704 1691/1999/1705
f 1684/1993/1698 1683/1991/1697 1698/1997/1712 1699/2000/1713
f 1677/1994/1691 1676/1992/1690 1691/1999/1705 1692/2001/1706
f 1685/1995/1699 1684/1993/1698 1699/2000/1713 1700/2002/1714
f 1678/1979/1692 1677/1994/1691 1692/2001/1706 1693/2003/1707
f 1686/1981/1700 1685/1995/1699 1700/2002/1714 1701/2004/1715
f 1679/1980/1693 1678/1979/1692 1693/2003/1707 1694/2005/1708
f 1687/1982/1701 1686/1981/1700 1701/2004/1715 1702/2006/1716
f 1680/1983/1694 1679/1980/1693 1694/2005/1708 1695/2007/1709
f 1688/1984/1702 1687/1982/1701 1702/2006/1716 1703/2008/1717
f 1681/1985/1695 1680/1983/1694 1695/2007/1709 1696/2009/1710
f 1689/1986/1703 1688/1984/1702 1703/2008/1717 1704/2010/1718
f 1682/1987/1696 1681/1985/1695 1696/2009/1710 1697/1996/1711
f 1675/1989/1689 1637/2011/1651 1690/1998/1704
f 1644/2012/1658 1689/1986/1703 1704/2010/1718
f 1702/2006/1716 1701/2004/1715 1716/2013/1730 1717/2014/1731
f 1695/2007/1709 1694/2005/1708 1709/2015/1723 1710/2016/1724
f 1703/2008/1717 1702/2006/1716 1717/2014/1731 1718/2017/1732
f 1696/2009/1710 1695/2007/1709 1710/2016/1724 1711/2018/1725
f 1704/2010/1718 1703/2008/1717 1718/2017/1732 1719/2019/1733
f 1697/1996/1711 1696/2009/1710 1711/2018/1725 1712/2020/1726
f 1690/1998/1704 1637/2021/1651 1705/2022/1719
f 1644/2023/1658 1704/2010/1718 1719/2019/1733
f 1698/1997/1712 1697/1996/1711 1712/2020/1726 1713/2024/1727
f 1691/1999/1705 1690/1998/1704 1705/2022/1719 1706/2025/1720
f 1699/2000/1713 1698/1997/1712 1713/2024/1727 1714/2026/1728
f 1692/2001/1706 1691/1999/1705 1706/2025/1720 1707/2027/1721
f 1700/2002/1714 1699/2000/1713 1714/2026/1728 1715/2028/1729
f 1693/2003/1707 1692/2001/1706 1707/2027/1721 1708/2029/1722
f 1701/2004/1715 1700/2002/1714 1715/2028/1729 1716/2013/1730
f 1694/2005/1708 1693/2003/1707 1708/2029/1722 1709/2015/1723
f 1706/2025/1720 1705/2022/1719 1720/2030/1734 1721/2031/1735
f 1714/2026/1728 1713/2024/1727 1728/2032/1742 1729/2033/1743
f 1707/2027/1721 1706/2025/1720 1721/2031/1735 1722/2034/1736
f 1715/2028/1729 1714/2026/1728 1729/2033/1743 1730/2035/1744
f 1708/2029/1722 1707/2027/1721 1722/2034/1736 1723/2036/1737
f 1716/2013/1730 1715/2028/1729 1730/2035/1744 1731/2037/1745
f 1709/2015/1723 1708/2029/1722 1723/2036/1737 1724/2038/1738
f 1717/2014/1731 1716/2013/1730 1731/2037/1745 1732/2039/1746
f 1710/2016/1724 1709/2015/1723 1724/2038/1738 1725/2040/1739
f 1718/2017/1732 1717/2014/1731 1732/2039/1746 1733/2041/1747
f 1711/2018/1725 1710/2016/1724 1725/2040/1739 1726/2042/1740
f 1719/2019/1733 1718/2017/1732 1733/2041/1747 1734/2043/1748
f 1712/2020/1726 1711/2018/1725 1726/2042/1740 1727/2044/1741
f 1705/2022/1719 1637/2045/1651 1720/2030/1734
f 1644/2046/1658 1719/2019/1733 1734/2043/1748
f 1713/2024/1727 1712/2020/1726 1727/2044/1741 1728/2032/1742
f 1725/2040/1739 1724/2038/1738 1739/2047/1753 1740/2048/1754
f 1733/2041/1747 1732/2039/1746 1747/2049/1761 1748/2050/1762
f 1726/2042/1740 1725/2040/1739 1740/2048/1754 1741/2051/1755
f 1734/2043/1748 1733/2041/1747 1748/2050/1762 1749/2052/1763
f 1727/2044/1741 1726/2042/1740 1741/2051/1755 1742/2053/1756
f 1720/2030/1734 1637/2054/1651 1735/2055/1749
f 1644/2056/1658 1734/2043/1748 1749/2052/1763
f 1728/2032/1742 1727/2044/1741 1742/2053/1756 1743/2057/1757
f 1721/2031/1735 1720/2030/1734 1735/2055/1749 1736/2058/1750
f 1729/2033/1743 1728/2032/1742 1743/2057/1757 1744/2059/1758
f 1722/2034/1736 1721/2031/1735 1736/2058/1750 1737/2060/1751
f 1730/2035/1744 1729/2033/1743 1744/2059/1758 1745/2061/1759
f 1723/2036/1737 1722/2034/1736 1737/2060/1751 1738/2062/1752
f 1731/2037/1745 1730/2035/1744 1745/2061/1759 1746/2063/1760
f 1724/2038/1738 1723/2036/1737 1738/2062/1752 1739/2047/1753
f 1732/2039/1746 1731/2037/1745 1746/2063/1760 1747/2049/1761
f 1744/2059/1758 1743/2057/1757 1758/2064/1772 1759/2065/1773
f 1737/2060/1751 1736/2058/1750 1751/2066/1765 1752/2067/1766
f 1745/2061/1759 1744/2059/1758 1759/2065/1773 1760/2068/1774
f 1738/2062/1752 1737/2060/1751 1752/2067/1766 1753/2069/1767
f 1746/2063/1760 1745/2061/1759 1760/2068/1774 1761/2070/1775
f 1739/2047/1753 1738/2062/1752 1753/2069/1767 1754/2071/1768
f 1747/2049/1761 1746/2063/1760 1761/2070/1775 1762/2072/1776
f 1740/2048/1754 1739/2047/1753 1754/2071/1768 1755/2073/1769
f 1748/2050/1762 1747/2049/1761 1762/2072/1776 1763/2074/1777
f 1741/2051/1755 1740/2048/1754 1755/2073/1769 1756/2075/1770
f 1749/2052/1763 1748/2050/1762 1763/2074/1777 1764/2076/1778
f 1742/2053/1756 1741/2051/1755 1756/2075/1770 1757/2077/1771
f 1735/2055/1749 1637/2078/1651 1750/2079/1764
f 1644/2080/1658 1749/2052/1763 1764/2076/1778
f 1743/2057/1757 1742/2053/1756 1757/2077/1771 1758/2064/1772
f 1736/2058/1750 1735/2055/1749 1750/2079/1764 1751/2066/1765
f 1763/2074/1777 1762/2072/1776 1777/2081/1791 1778/2082/1792
f 1756/2075/1770 1755/2073/1769 1770/2083/1784 1771/2084/1785
f 1764/2076/1778 1763/2074/1777 1778/2082/1792 1779/2085/1793
f 1757/2077/1771 1756/2075/1770 1771/2084/1785 1772/2086/1786
f 1750/2079/1764 1637/2087/1651 1765/2088/1779
f 1644/2089/1658 1764/2076/1778 1779/2085/1793
f 1758/2064/1772 1757/2077/1771 1772/2086/1786 1773/2090/1787
f 1751/2066/1765 1750/2079/1764 1765/2088/1779 1766/2091/1780
f 1759/2065/1773 1758/2064/1772 1773/2090/1787 1774/2092/1788
f 1752/2067/1766 1751/2066/1765 1766/2091/1780 1767/2093/1781
f 1760/2068/1774 1759/2065/1773 1774/2092/1788 1775/2094/1789
f 1753/2069/1767 1752/2067/1766 1767/2093/1781 1768/2095/1782
f 1761/2070/1775 1760/2068/1774 1775/2094/1789 1776/2096/1790
f 1754/2071/1768 1753/2069/1767 1768/2095/1782 1769/2097/1783
f 1762/2072/1776 1761/2070/1775 1776/2096/1790 1777/2081/1791
f 1755/2073/1769 1754/2071/1768 1769/2097/1783 1770/2083/1784
f 1775/2094/1789 1774/2092/1788 1789/2098/1803 1790/2099/1804
f 1768/2095/1782 1767/2093/1781 1782/2100/1796 1783/2101/1797
f 1776/2096/1790 1775/2094/1789 1790/2099/1804 1791/2102/1805
f 1769/2097/1783 1768/2095/1782 1783/2101/1797 1784/2103/1798
f 1777/2081/1791 1776/2096/1790 1791/2102/1805 1792/2104/1806
f 1770/2083/1784 1769/2097/1783 1784/2103/1798 1785/2105/1799
f 1778/2082/1792 1777/2081/1791 1792/2104/1806 1793/2106/1807
f 1771/2084/1785 1770/2083/1784 1785/2105/1799 1786/2107/1800
f 1779/2085/1793 1778/2082/1792 1793/2106/1807 1794/2108/1808
f 1772/2086/1786 1771/2084/1785 1786/2107/1800 1787/2109/1801
f 1765/2088/1779 1637/2110/1651 1780/2111/1794
f 1644/2112/1658 1779/2085/1793 1794/2108/1808
f 1773/2090/1787 1772/2086/1786 1787/2109/1801 1788/2113/1802
f 1766/2091/1780 1765/2088/1779 1780/2111/1794 1781/2114/1795
f 1774/2092/1788 1773/2090/1787 1788/2113/1802 1789/2098/1803
f 1767/2093/1781 1766/2091/1780 1781/2114/1795 1782/2100/1796
f 1794/2108/1808 1793/2106/1807 1808/2115/1822 1809/2116/1823
f 1787/2109/1801 1786/2107/1800 1801/2117/1815 1802/2118/1816
f 1780/2111/1794 1637/2119/1651 1795/2120/1809
f 1644/2121/1658 1794/2108/1808 1809/2116/1823
f 1788/2113/1802 1787/2109/1801 1802/2118/1816 1803/2122/1817
f 1781/2114/1795 1780/2111/1794 1795/2120/1809 1796/2123/1810
f 1789/2098/1803 1788/2113/1802 1803/2122/1817 1804/2124/1818
f 1782/2100/1796 1781/2114/1795 1796/2123/1810 1797/2125/1811
f 1790/2099/1804 1789/2098/1803 1804/2124/1818 1805/2126/1819
f 1783/2101/1797 1782/2100/1796 1797/2125/1811 1798/2127/1812
f 1791/2102/1805 1790/2099/1804 1805/2126/1819 1806/2128/1820
f 1784/2103/1798 1783/2101/1797 1798/2127/1812 1799/2129/1813
f 1792/2104/1806 1791/2102/1805 1806/2128/1820 1807/2130/1821
f 1785/2105/1799 1784/2103/1798 1799/2129/1813 1800/2131/1814
f 1793/2106/1807 1792/2104/1806 1807/2130/1821 1808/2115/1822
f 1786/2107/1800 1785/2105/1799 1800/2131/1814 1801/2117/1815
f 1798/2127/1812 1797/2125/1811 1812/2132/1826 1813/2133/1827
f 1806/2128/1820 1805/2126/1819 1820/2134/1834 1821/2135/1835
f 1799/2129/1813 1798/2127/1812 1813/2133/1827 1814/2136/1828
f 1807/2130/1821 1806/2128/1820 1821/2135/1835 1822/2137/1836
f 1800/2131/1814 1799/2129/1813 1814/2136/1828 1815/2138/1829
f 1808/2115/1822 1807/2130/1821 1822/2137/1836 1823/2139/1837
f 1801/2117/1815 1800/2131/1814 1815/2138/1829 1816/2140/1830
f 1809/2116/1823 1808/2115/1822 1823/2139/1837 1824/2141/1838
f 1802/2118/1816 1801/2117/1815 1816/2140/1830 1817/2142/1831
f 1795/2120/1809 1637/2143/1651 1810/2144/1824
f 1644/2145/1658 1809/2116/1823 1824/2141/1838
f 1803/2122/1817 1802/2118/1816 1817/2142/1831 1818/2146/1832
f 1796/2123/1810 1795/2120/1809 1810/2144/1824 1811/2147/1825
f 1804/2124/1818 1803/2122/1817 1818/2146/1832 1819/2148/1833
f 1797/2125/1811 1796/2123/1810 1811/2147/1825 1812/2132/1826
f 1805/2126/1819 1804/2124/1818 1819/2148/1833 1820/2134/1834
f 1817/2142/1831 1816/2140/1830 1831/2149/1845 1832/2150/1846
f 1810/2144/1824 1637/2151/1651 1825/2152/1839
f 1644/2153/1658 1824/2141/1838 1839/2154/1853
f 1818/2146/1832 1817/2142/1831 1832/2150/1846 1833/2155/1847
f 1811/2147/1825 1810/2144/1824 1825/2152/1839 1826/2156/1840
f 1819/2148/1833 1818/2146/1832 1833/2155/1847 1834/2157/1848
f 1812/2132/1826 1811/2147/1825 1826/2156/1840 1827/2158/1841
f 1820/2134/1834 1819/2148/1833 1834/2157/1848 1835/2159/1849
f 1813/2133/1827 1812/2132/1826 1827/2158/1841 1828/2160/1842
f 1821/2135/1835 1820/2134/1834 1835/2159/1849 1836/2161/1850
f 1814/2136/1828 1813/2133/1827 1828/2160/1842 1829/2162/1843
f 1822/2137/1836 1821/2135/1835 1836/2161/1850 1837/2163/1851
f 1815/2138/1829 1814/2136/1828 1829/2162/1843 1830/2164/1844
f 1823/2139/1837 1822/2137/1836 1837/2163/1851 1838/2165/1852
f 1816/2140/1830 1815/2138/1829 1830/2164/1844 1831/2149/1845
f 1824/2141/1838 1823/2139/1837 1838/2165/1852 1839/2154/1853
f 1836/2161/1850 1835/2159/1849 1850/2166/1864 1851/2167/1865
f 1829/2162/1843 1828/2160/1842 1843/2168/1857 1844/2169/1858
f 1837/2163/1851 1836/2161/1850 1851/2167/1865 1852/2170/1866
f 1830/2164/1844 1829/2162/1843 1844/2169/1858 1845/2171/1859
f 1838/2165/1852 1837/2163/1851 1852/2170/1866 1853/2172/1867
f 1831/2149/1845 1830/2164/1844 1845/2171/1859 1846/2173/1860
f 1839/2154/1853 1838/2165/1852 1853/2172/1867 1854/2174/1868
f 1832/2150/1846 1831/2149/1845 1846/2173/1860 1847/2175/1861
f 1825/2152/1839 1637/2176/1651 1840/2177/1854
f 1644/2178/1658 1839/2154/1853 1854/2174/1868
f 1833/2155/1847 1832/2150/1846 1847/2175/1861 1848/2179/1862
f 1826/2156/1840 1825/2152/1839 1840/2177/1854 1841/2180/1855
f 1834/2157/1848 1833/2155/1847 1848/2179/1862 1849/2181/1863
f 1827/2158/1841 1826/2156/1840 1841/2180/1855 1842/2182/1856
f 1835/2159/1849 1834/2157/1848 1849/2181/1863 1850/2166/1864
f 1828/2160/1842 1827/2158/1841 1842/2182/1856 1843/2168/1857
f 1840/2177/1854 1637/2183/1651 1855/2184/1869
f 1644/2185/1658 1854/2174/1868 1869/2186/1883
f 1848/2179/1862 1847/2175/1861 1862/2187/1876 1863/2188/1877
f 1841/2180/1855 1840/2177/1854 1855/2184/1869 1856/2189/1870
f 1849/2181/1863 1848/2179/1862 1863/2188/1877 1864/2190/1878
f 1842/2182/1856 1841/2180/1855 1856/2189/1870 1857/2191/1871
f 1850/2166/1864 1849/2181/1863 1864/2190/1878 1865/2192/1879
f 1843/2168/1857 1842/2182/1856 1857/2191/1871 1858/2193/1872
f 1851/2167/1865 1850/2166/1864 1865/2192/1879 1866/2194/1880
f 1844/2169/1858 1843/2168/1857 1858/2193/1872 1859/2195/1873
f 1852/2170/1866 1851/2167/1865 1866/2194/1880 1867/2196/1881
f 1845/2171/1859 1844/2169/1858 1859/2195/1873 1860/2197/1874
f 1853/2172/1867 1852/2170/1866 1867/2196/1881 1868/2198/1882
f 1846/2173/1860 1845/2171/1859 1860/2197/1874 1861/2199/1875
f 1854/2174/1868 1853/2172/1867 1868/2198/1882 1869/2186/1883
f 1847/2175/1861 1846/2173/1860 1861/2199/1875 1862/2187/1876
f 1859/2195/1873 1858/2193/1872 1873/2200/1887 1874/2201/1888
f 1867/2196/1881 1866/2194/1880 1881/2202/1895 1882/2203/1896
f 1860/2197/1874 1859/2195/1873 1874/2201/1888 1875/2204/1889
f 1868/2198/1882 1867/2196/1881 1882/2203/1896 1883/2205/1897
f 1861/2199/1875 1860/2197/1874 1875/2204/1889 1876/2206/1890
f 1869/2186/1883 1868/2198/1882 1883/2205/1897 1884/2207/1898
f 1862/2187/1876 1861/2199/1875 1876/2206/1890 1877/2208/1891
f 1855/2184/1869 1637/2209/1651 1870/2210/1884
f 1644/2211/1658 1869/2186/1883 1884/2207/1898
f 1863/2188/1877 1862/2187/1876 1877/2208/1891 1878/2212/1892
f 1856/2189/1870 1855/2184/1869 1870/2210/1884 1871/2213/1885
f 1864/2190/1878 1863/2188/1877 1878/2212/1892 1879/2214/1893
f 1857/2191/1871 1856/2189/1870 1871/2213/1885 1872/2215/1886
f 1865/2192/1879 1864/2190/1878 1879/2214/1893 1880/2216/1894
f 1858/2193/1872 1857/2191/1871 1872/2215/1886 1873/2200/1887
f 1866/2194/1880 1865/2192/1879 1880/2216/1894 1881/2202/1895
f 1878/2212/1892 1877/2208/1891 1892/2217/1906 1893/2218/1907
f 1871/2213/1885 1870/2210/1884 1885/2219/1899 1886/2220/1900
f 1879/2214/1893 1878/2212/1892 1893/2218/1907 1894/2221/1908
f 1872/2215/1886 1871/2213/1885 1886/2220/1900 1887/2222/1901
f 1880/2216/1894 1879/2214/1893 1894/2221/1908 1895/2223/1909
f 1873/2200/1887 1872/2215/1886 1887/2222/1901 1888/2224/1902
f 1881/2202/1895 1880/2216/1894 1895/2223/1909 1896/2225/1910
f 1874/2201/1888 1873/2200/1887 1888/2224/1902 1889/2226/1903
f 1882/2203/1896 1881/2202/1895 1896/2225/1910 1897/2227/1911
f 1875/2204/1889 1874/2201/1888 1889/2226/1903 1890/2228/1904
f 1883/2205/1897 1882/2203/1896 1897/2227/1911 1898/2229/1912
f 1876/2206/1890 1875/2204/1889 1890/2228/1904 1891/2230/1905
f 1884/2207/1898 1883/2205/1897 1898/2229/1912 1899/2231/1913
f 1877/2208/1891 1876/2206/1890 1891/2230/1905 1892/2217/1906
f 1870/2210/1884 1637/2232/1651 1885/2219/1899
f 1644/2233/1658 1884/2207/1898 1899/2231/1913
f 1897/2227/1911 1896/2225/1910 1911/2234/1925 1912/2235/1926
f 1890/2228/1904 1889/2226/1903 1904/2236/1918 1905/2237/1919
f 1898/2229/1912 1897/2227/1911 1912/2235/1926 1913/2238/1927
f 1891/2230/1905 1890/2228/1904 1905/2237/1919 1906/2239/1920
f 1899/2231/1913 1898/2229/1912 1913/2238/1927 1914/2240/1928
f 1892/2217/1906 1891/2230/1905 1906/2239/1920 1907/2241/1921
f 1885/2219/1899 1637/2242/1651 1900/2243/1914
f 1644/2244/1658 1899/2231/1913 1914/2240/1928
f 1893/2218/1907 1892/2217/1906 1907/2241/1921 1908/2245/1922
f 1886/2220/1900 1885/2219/1899 1900/2243/1914 1901/2246/1915
f 1894/2221/1908 1893/2218/1907 1908/2245/1922 1909/2247/1923
f 1887/2222/1901 1886/2220/1900 1901/2246/1915 1902/2248/1916
f 1895/2223/1909 1894/2221/1908 1909/2247/1923 1910/2249/1924
f 1888/2224/1902 1887/2222/1901 1902/2248/1916 1903/2250/1917
f 1896/2225/1910 1895/2223/1909 1910/2249/1924 1911/2234/1925
f 1889/2226/1903 1888/2224/1902 1903/2250/1917 1904/2236/1918
f 1909/2247/1923 1908/2245/1922 1923/2251/1937 1924/2252/1938
f 1902/2248/1916 1901/2246/1915 1916/2253/1930 1917/2254/1931
f 1910/2249/1924 1909/2247/1923 1924/2252/1938 1925/2255/1939
f 1903/2250/1917 1902/2248/1916 1917/2254/1931 1918/2256/1932
f 1911/2234/1925 1910/2249/1924 1925/2255/1939 1926/2257/1940
f 1904/2236/1918 1903/2250/1917 1918/2256/1932 1919/2258/1933
f 1912/2235/1926 1911/2234/1925 1926/2257/1940 1927/2259/1941
f 1905/2237/1919 1904/2236/1918 1919/2258/1933 1920/2260/1934
f 1913/2238/1927 1912/2235/1926 1927/2259/1941 1928/2261/1942
f 1906/2239/1920 1905/2237/1919 1920/2260/1934 1921/2262/1935
f 1914/2240/1928 1913/2238/1927 1928/2261/1942 1929/2263/1943
f 1907/2241/1921 1906/2239/1920 1921/2262/1935 1922/2264/1936
f 1900/2243/1914 1637/2265/1651 1915/2266/1929
f 1644/2267/1658 1914/2240/1928 1929/2263/1943
f 1908/2245/1922 1907/2241/1921 1922/2264/1936 1923/2251/1937
f 1901/2246/1915 1900/2243/1914 1915/2266/1929 1916/2253/1930
f 1928/2261/1942 1927/2259/1941 1942/2268/1956 1943/2269/1957
f 1921/2262/1935 1920/2260/1934 1935/2270/1949 1936/2271/1950
f 1929/2263/1943 1928/2261/1942 1943/2269/1957 1944/2272/1958
f 1922/2264/1936 1921/2262/1935 1936/2271/1950 1937/2273/1951
f 1915/2266/1929 1637/2274/1651 1930/2275/1944
f 1644/2276/1658 1929/2263/1943 1944/2272/1958
f 1923/2251/1937 1922/2264/1936 1937/2273/1951 1938/2277/1952
f 1916/2253/1930 1915/2266/1929 1930/2275/1944 1931/2278/1945
f 1924/2252/1938 1923/2251/1937 1938/2277/1952 1939/2279/1953
f 1917/2254/1931 1916/2253/1930 1931/2278/1945 1932/2280/1946
f 1925/2255/1939 1924/2252/1938 1939/2279/1953 1940/2281/1954
f 1918/2256/1932 1917/2254/1931 1932/2280/1946 1933/2282/1947
f 1926/2257/1940 1925/2255/1939 1940/2281/1954 1941/2283/1955
f 1919/2258/1933 1918/2256/1932 1933/2282/1947 1934/2284/1948
f 1927/2259/1941 1926/2257/1940 1941/2283/1955 1942/2268/1956
f 1920/2260/1934 1919/2258/1933 1934/2284/1948 1935/2270/1949
f 1932/2280/1946 1931/2278/1945 1946/2285/1960 1947/2286/1961
f 1940/2281/1954 1939/2279/1953 1954/2287/1968 1955/2288/1969
f 1933/2282/1947 1932/2280/1946 1947/2286/1961 1948/2289/1962
f 1941/2283/1955 1940/2281/1954 1955/2288/1969 1956/2290/1970
f 1934/2284/1948 1933/2282/1947 1948/2289/1962 1949/2291/1963
f 1942/2268/1956 1941/2283/1955 1956/2290/1970 1957/2292/1971
f 1935/2270/1949 1934/2284/1948 1949/2291/1963 1950/2293/1964
f 1943/2269/1957 1942/2268/1956 1957/2292/1971 1958/2294/1972
f 1936/2271/1950 1935/2270/1949 1950/2293/1964 1951/2295/1965
f 1944/2272/1958 1943/2269/1957 1958/2294/1972 1959/2296/1973
f 1937/2273/1951 1936/2271/1950 1951/2295/1965 1952/2297/1966
f 1930/2275/1944 1637/2298/1651 1945/2299/1959
f 1644/2300/1658 1944/2272/1958 1959/2296/1973
f 1938/2277/1952 1937/2273/1951 1952/2297/1966 1953/2301/1967
f 1931/2278/1945 1930/2275/1944 1945/2299/1959 1946/2285/1960
f 1939/2279/1953 1938/2277/1952 1953/2301/1967 1954/2287/1968
f 1951/2295/1965 1950/2293/1964 1965/2302/1979 1966/2303/1980
f 1959/2296/1973 1958/2294/1972 1973/2304/1987 1974/2305/1988
f 1952/2297/1966 1951/2295/1965 1966/2303/1980 1967/2306/1981
f 1945/2299/1959 1637/2307/1651 1960/2308/1974
f 1644/2309/1658 1959/2296/1973 1974/2305/1988
f 1953/2301/1967 1952/2297/1966 1967/2306/1981 1968/2310/1982
f 1946/2285/1960 1945/2299/1959 1960/2308/1974 1961/2311/1975
f 1954/2287/1968 1953/2301/1967 1968/2310/1982 1969/2312/1983
f 1947/2286/1961 1946/2285/1960 1961/2311/1975 1962/2313/1976
f 1955/2288/1969 1954/2287/1968 1969/2312/1983 1970/2314/1984
f 1948/2289/1962 1947/2286/1961 1962/2313/1976 1963/2315/1977
f 1956/2290/1970 1955/2288/1969 1970/2314/1984 1971/2316/1985
f 1949/2291/1963 1948/2289/1962 1963/2315/1977 1964/2317/1978
f 1957/2292/1971 1956/2290/1970 1971/2316/1985 1972/2318/1986
f 1950/2293/1964 1949/2291/1963 1964/2317/1978 1965/2302/1979
f 1958/2294/1972 1957/2292/1971 1972/2318/1986 1973/2304/1987
f 1970/2314/1984 1969/2312/1983 1984/2319/1998 1985/2320/1999
f 1963/2315/1977 1962/2313/1976 1977/2321/1991 1978/2322/1992
f 1971/2316/1985 1970/2314/1984 1985/2320/1999 1986/2323/2000
f 1964/2317/1978 1963/2315/1977 1978/2322/1992 1979/2324/1993
f 1972/2318/1986 1971/2316/1985 1986/2323/2000 1987/2325/2001
f 1965/2302/1979 1964/2317/1978 1979/2324/1993 1980/2326/1994
f 1973/2304/1987 1972/2318/1986 1987/2325/2001 1988/2327/2002
f 1966/2303/1980 1965/2302/1979 1980/2326/1994 1981/2328/1995
f 1974/2305/1988 1973/2304/1987 1988/2327/2002 1989/2329/2003
f 1967/2306/1981 1966/2303/1980 1981/2328/1995 1982/2330/1996
f 1960/2308/1974 1637/2331/1651 1975/2332/1989
f 1644/2333/1658 1974/2305/1988 1989/2329/2003
f 1968/2310/1982 1967/2306/1981 1982/2330/1996 1983/2334/1997
f 1961/2311/1975 1960/2308/1974 1975/2332/1989 1976/2335/1990
f 1969/2312/1983 1968/2310/1982 1983/2334/1997 1984/2319/1998
f 1962/2313/1976 1961/2311/1975 1976/2335/1990 1977/2321/1991
f 1989/2329/2003 1988/2327/2002 2003/2336/2017 2004/2337/2018
f 1982/2330/1996 1981/2328/1995 1996/2338/2010 1997/2339/2011
f 1975/2332/1989 1637/2340/1651 1990/2341/2004
f 1644/2342/1658 1989/2329/2003 2004/2337/2018
f 1983/2334/1997 1982/2330/1996 1997/2339/2011 1998/2343/2012
f 1976/2335/1990 1975/2332/1989 1990/2341/2004 1991/2344/2005
f 1984/2319/1998 1983/2334/1997 1998/2343/2012 1999/2345/2013
f 1977/2321/1991 1976/2335/1990 1991/2344/2005 1992/2346/2006
f 1985/2320/1999 1984/2319/1998 1999/2345/2013 2000/2347/2014
f 1978/2322/1992 1977/2321/1991 1992/2346/2006 1993/2348/2007
f 1986/2323/2000 1985/2320/1999 2000/2347/2014 2001/2349/2015
f 1979/2324/1993 1978/2322/1992 1993/2348/2007 1994/2350/2008
f 1987/2325/2001 1986/2323/2000 2001/2349/2015 2002/2351/2016
f 1980/2326/1994 1979/2324/1993 1994/2350/2008 1995/2352/2009
f 1988/2327/2002 1987/2325/2001 2002/2351/2016 2003/2336/2017
f 1981/2328/1995 1980/2326/1994 1995/2352/2009 1996/2338/2010
f 1993/2353/2007 1992/2354/2006 2007/2355/2021 2008/2356/2022
f 2001/2357/2015 2000/2358/2014 2015/2359/2029 2016/2360/2030
f 1994/2361/2008 1993/2353/2007 2008/2356/2022 2009/2362/2023
f 2002/2363/2016 2001/2357/2015 2016/2360/2030 2017/2364/2031
f 1995/2365/2009 1994/2361/2008 2009/2362/2023 2010/2366/2024
f 2003/2367/2017 2002/2363/2016 2017/2364/2031 2018/2368/2032
f 1996/2369/2010 1995/2365/2009 2010/2366/2024 2011/2370/2025
f 2004/2371/2018 2003/2367/2017 2018/2368/2032 2019/2372/2033
f 1997/2373/2011 1996/2369/2010 2011/2370/2025 2012/2374/2026
f 1990/2375/2004 1637/2376/1651 2005/2377/2019
f 1644/2378/1658 2004/2371/2018 2019/2372/2033
f 1998/2379/2012 1997/2373/2011 2012/2374/2026 2013/2380/2027
f 1991/2381/2005 1990/2375/2004 2005/2377/2019 2006/2382/2020
f 1999/2383/2013 1998/2379/2012 2013/2380/2027 2014/2384/2028
f 1992/2354/2006 1991/2381/2005 2006/2382/2020 2007/2355/2021
f 2000/2358/2014 1999/2383/2013 2014/2384/2028 2015/2359/2029
f 2012/2374/2026 2011/2370/2025 2026/2385/2040 2027/2386/2041
f 2005/2377/2019 1637/2387/1651 2020/2388/2034
f 1644/2389/1658 2019/2372/2033 2034/2390/2048
f 2013/2380/2027 2012/2374/2026 2027/2386/2041 2028/2391/2042
f 2006/2382/2020 2005/2377/2019 2020/2388/2034 2021/2392/2035
f 2014/2384/2028 2013/2380/2027 2028/2391/2042 2029/2393/2043
f 2007/2355/2021 2006/2382/2020 2021/2392/2035 2022/2394/2036
f 2015/2359/2029 2014/2384/2028 2029/2393/2043 2030/2395/2044
f 2008/2356/2022 2007/2355/2021 2022/2394/2036 2023/2396/2037
f 2016/2360/2030 2015/2359/2029 2030/2395/2044 2031/2397/2045
f 2009/2362/2023 2008/2356/2022 2023/2396/2037 2024/2398/2038
f 2017/2364/2031 2016/2360/2030 2031/2397/2045 2032/2399/2046
f 2010/2366/2024 2009/2362/2023 2024/2398/2038 2025/2400/2039
f 2018/2368/2032 2017/2364/2031 2032/2399/2046 2033/2401/2047
f 2011/2370/2025 2010/2366/2024 2025/2400/2039 2026/2385/2040
f 2019/2372/2033 2018/2368/2032 2033/2401/2047 2034/2390/2048
f 2031/2397/2045 2030/2395/2044 2045/2402/2059 2046/2403/2060
f 2024/2398/2038 2023/2396/2037 2038/2404/2052 2039/2405/2053
f 2032/2399/2046 2031/2397/2045 2046/2403/2060 2047/2406/2061
f 2025/2400/2039 2024/2398/2038 2039/2405/2053 2040/2407/2054
f 2033/2401/2047 2032/2399/2046 2047/2406/2061 2048/2408/2062
f 2026/2385/2040 2025/2400/2039 2040/2407/2054 2041/2409/2055
f 2034/2390/2048 2033/2401/2047 2048/2408/2062 2049/2410/2063
f 2027/2386/2041 2026/2385/2040 2041/2409/2055 2042/2411/2056
f 2020/2388/2034 1637/2412/1651 2035/2413/2049
f 1644/2414/1658 2034/2390/2048 2049/2410/2063
f 2028/2391/2042 2027/2386/2041 2042/2411/2056 2043/2415/2057
f 2021/2392/2035 2020/2388/2034 2035/2413/2049 2036/2416/2050
f 2029/2393/2043 2028/2391/2042 2043/2415/2057 2044/2417/2058
f 2022/2394/2036 2021/2392/2035 2036/2416/2050 2037/2418/2051
f 2030/2395/2044 2029/2393/2043 2044/2417/2058 2045/2402/2059
f 2023/2396/2037 2022/2394/2036 2037/2418/2051 2038/2404/2052
f 1644/2419/1658 2049/2410/2063 2064/2420/2078
f 2043/2415/2057 2042/2411/2056 2057/2421/2071 2058/2422/2072
f 2036/2416/2050 2035/2413/2049 2050/2423/2064 2051/2424/2065
f 2044/2417/2058 2043/2415/2057 2058/2422/2072 2059/2425/2073
f 2037/2418/2051 2036/2416/2050 2051/2424/2065 2052/2426/2066
f 2045/2402/2059 2044/2417/2058 2059/2425/2073 2060/2427/2074
f 2038/2404/2052 2037/2418/2051 2052/2426/2066 2053/2428/2067
f 2046/2403/2060 2045/2402/2059 2060/2427/2074 2061/2429/2075
f 2039/2405/2053 2038/2404/2052 2053/2428/2067 2054/2430/2068
f 2047/2406/2061 2046/2403/2060 2061/2429/2075 2062/2431/2076
f 2040/2407/2054 2039/2405/2053 2054/2430/2068 2055/2432/2069
f 2048/2408/2062 2047/2406/2061 2062/2431/2076 2063/2433/2077
f 2041/2409/2055 2040/2407/2054 2055/2432/2069 2056/2434/2070
f 2049/2410/2063 2048/2408/2062 2063/2433/2077 2064/2420/2078
f 2042/2411/2056 2041/2409/2055 2056/2434/2070 2057/2421/2071
f 2035/2413/2049 1637/2435/1651 2050/2423/2064
f 2062/2431/2076 2061/2429/2075 2076/2436/2090 2077/2437/2091
f 2055/2432/2069 2054/2430/2068 2069/2438/2083 2070/2439/2084
f 2063/2433/2077 2062/2431/2076 2077/2437/2091 2078/2440/2092
f 2056/2434/2070 2055/2432/2069 2070/2439/2084 2071/2441/2085
f 2064/2420/2078 2063/2433/2077 2078/2440/2092 2079/2442/2093
f 2057/2421/2071 2056/2434/2070 2071/2441/2085 2072/2443/2086
f 2050/2423/2064 1637/2444/1651 2065/2445/2079
f 1644/2446/1658 2064/2420/2078 2079/2442/2093
f 2058/2422/2072 2057/2421/2071 2072/2443/2086 2073/2447/2087
f 2051/2424/2065 2050/2423/2064 2065/2445/2079 2066/2448/2080
f 2059/2425/2073 2058/2422/2072 2073/2447/2087 2074/2449/2088
f 2052/2426/2066 2051/2424/2065 2066/2448/2080 2067/2450/2081
f 2060/2427/2074 2059/2425/2073 2074/2449/2088 2075/2451/2089
f 2053/2428/2067 2052/2426/2066 2067/2450/2081 2068/2452/2082
f 2061/2429/2075 2060/2427/2074 2075/2451/2089 2076/2436/2090
f 2054/2430/2068 2053/2428/2067 2068/2452/2082 2069/2438/2083
f 2066/2448/2080 2065/2445/2079 2080/2453/2094 2081/2454/2095
f 2074/2449/2088 2073/2447/2087 2088/2455/2102 2089/2456/2103
f 2067/2450/2081 2066/2448/2080 2081/2454/2095 2082/2457/2096
f 2075/2451/2089 2074/2449/2088 2089/2456/2103 2090/2458/2104
f 2068/2452/2082 2067/2450/2081 2082/2457/2096 2083/2459/2097
f 2076/2436/2090 2075/2451/2089 2090/2458/2104 2091/2460/2105
f 2069/2438/2083 2068/2452/2082 2083/2459/2097 2084/2461/2098
f 2077/2437/2091 2076/2436/2090 2091/2460/2105 2092/2462/2106
f 2070/2439/2084 2069/2438/2083 2084/2461/2098 2085/2463/2099
f 2078/2440/2092 2077/2437/2091 2092/2462/2106 2093/2464/2107
f 2071/2441/2085 2070/2439/2084 2085/2463/2099 2086/2465/2100
f 2079/2442/2093 2078/2440/2092 2093/2464/2107 2094/2466/2108
f 2072/2443/2086 2071/2441/2085 2086/2465/2100 2087/2467/2101
f 2065/2445/2079 1637/2468/1651 2080/2453/2094
f 1644/2469/1658 2079/2442/2093 2094/2466/2108
f 2073/2447/2087 2072/2443/2086 2087/2467/2101 2088/2455/2102
f 2085/2463/2099 2084/2461/2098 2099/2470/2113 2100/2471/2114
f 2093/2464/2107 2092/2462/2106 2107/2472/2121 2108/2473/2122
f 2086/2465/2100 2085/2463/2099 2100/2471/2114 2101/2474/2115
f 2094/2466/2108 2093/2464/2107 2108/2473/2122 2109/2475/2123
f 2087/2467/2101 2086/2465/2100 2101/2474/2115 2102/2476/2116
f 2080/2453/2094 1637/2477/1651 2095/2478/2109
f 1644/2479/1658 2094/2466/2108 2109/2475/2123
f 2088/2455/2102 2087/2467/2101 2102/2476/2116 2103/2480/2117
f 2081/2454/2095 2080/2453/2094 2095/2478/2109 2096/2481/2110
f 2089/2456/2103 2088/2455/2102 2103/2480/2117 2104/2482/2118
f 2082/2457/2096 2081/2454/2095 2096/2481/2110 2097/2483/2111
f 2090/2458/2104 2089/2456/2103 2104/2482/2118 2105/2484/2119
f 2083/2459/2097 2082/2457/2096 2097/2483/2111 2098/2485/2112
f 2091/2460/2105 2090/2458/2104 2105/2484/2119 2106/2486/2120
f 2084/2461/2098 2083/2459/2097 2098/2485/2112 2099/2470/2113
f 2092/2462/2106 2091/2460/2105 2106/2486/2120 2107/2472/2121
f 2104/2482/2118 2103/2480/2117 1642/1935/1656 2114/1934/2128
f 2097/2483/2111 2096/2481/2110 2111/1930/2125 1638/1938/1652
f 2105/2484/2119 2104/2482/2118 2114/1934/2128 1643/1940/1657
f 2098/2485/2112 2097/2483/2111 1638/1938/1652 2112/1942/2126
f 2106/2486/2120 2105/2484/2119 1643/1940/1657 2115/1944/2129
f 2099/2470/2113 2098/2485/2112 2112/1942/2126 1639/1946/1653
f 2107/2472/2121 2106/2486/2120 2115/1944/2129 2116/1948/2130
f 2100/2471/2114 2099/2470/2113 1639/1946/1653 2113/1950/2127
f 2108/2473/2122 2107/2472/2121 2116/1948/2130 2117/1952/2131
f 2101/2474/2115 2100/2471/2114 2113/1950/2127 1640/1954/1654
f 2109/2475/2123 2108/2473/2122 2117/1952/2131 2118/1956/2132
f 2102/2476/2116 2101/2474/2115 1640/1954/1654 1641/1958/1655
f 2095/2478/2109 1637/2487/1651 2110/1931/2124
f 1644/2488/1658 2109/2475/2123 2118/1956/2132
f 2103/2480/2117 2102/2476/2116 1641/1958/1655 1642/1935/1656
f 2096/2481/2110 2095/2478/2109 2110/1931/2124 2111/1930/2125
o hair_cap
v 0.000000 6.550000 0.015000
v 0.000000 6.507868 -0.235007
v 0.000000 6.438893 -0.359161
v 0.000000 6.348773 -0.426353
v 0.000000 6.300000 -0.435000
v 0.000000 6.251227 -0.426353
v 0.000000 6.161108 -0.359161
v 0.000000 6.050000 0.015000
v 0.019030 6.545197 -0.071104
v 0.037329 6.530970 -0.153899
v 0.054193 6.507868 -0.230203
v 0.068975 6.476777 -0.297084
v 0.081106 6.438893 -0.351972
v 0.090120 6.395671 -0.392757
v 0.095671 6.348773 -0.417873
v 0.097545 6.300000 -0.426353
v 0.095671 6.251227 -0.417873
v 0.090120 6.204329 -0.392757
v 0.081106 6.161108 -0.351972
v 0.068975 6.123223 -0.297084
v 0.054193 6.092133 -0.230203
v 0.037329 6.069030 -0.153899
v 0.019030 6.054804 -0.071104
v 0.037329 6.545197 -0.066108
v 0.073223 6.530970 -0.144099
v 0.106304 6.507868 -0.215976
v 0.135299 6.476777 -0.278977
v 0.159095 6.438893 -0.330680
v 0.176777 6.395671 -0.369099
v 0.187665 6.348773 -0.392757
v 0.191342 6.300000 -0.400746
v 0.187665 6.251227 -0.392757
v 0.176777 6.204329 -0.369099
v 0.159095 6.161108 -0.330680
v 0.135299 6.123223 -0.278977
v 0.106304 6.092133 -0.215976
v 0.073223 6.069030 -0.144099
v 0.037329 6.054804 -0.066108
v 0.054193 6.545197 -0.057995
v 0.106304 6.530970 -0.128185
v 0.154329 6.507868 -0.192873
v 0.196424 6.476777 -0.249572
v 0.230970 6.438893 -0.296104
v 0.256640 6.395671 -0.330680
v 0.272448 6.348773 -0.351972
v 0.277785 6.300000 -0.359161
v 0.272448 6.251227 -0.351972
v 0.256640 6.204329 -0.330680
v 0.230970 6.161108 -0.296104
v 0.196424 6.123223 -0.249572
v 0.154329 6.092133 -0.192873
v 0.106304 6.069030 -0.128185
v 0.054193 6.054804 -0.057995
v 0.068975 6.545197 -0.047077
v 0.135299 6.530970 -0.106769
v 0.196424 6.507868 -0.161781
v 0.250000 6.476777 -0.210000
v 0.293969 6.438893 -0.249572
v 0.326641 6.395671 -0.278977
v 0.346760 6.348773 -0.297084
v 0.353553 6.300000 -0.303198
v 0.346760 6.251227 -0.297084
v 0.326641 6.204329 -0.278977
v 0.293969 6.161108 -0.249572
v 0.250000 6.123223 -0.210000
v 0.196424 6.092133 -0.161781
v 0.135299 6.069030 -0.106769
v 0.068975 6.054804 -0.047077
v 0.081106 6.545197 -0.033774
v 0.159095 6.530970 -0.080673
v 0.230970 6.507868 -0.123896
v 0.293969 6.476777 -0.161781
v 0.345671 6.438893 -0.192873
v 0.384089 6.395671 -0.215976
v 0.407747 6.348773 -0.230203
v 0.415735 6.300000 -0.235006
v 0.407747 6.251227 -0.230203
v 0.384089 6.204329 -0.215976
v 0.345671 6.161108 -0.192873
v 0.293969 6.123223 -0.161781
v 0.230970 6.092133 -0.123896
v 0.159095 6.069030 -0.080673
v 0.081106 6.054804 -0.033774
v 0.090120 6.545197 -0.018596
v 0.176777 6.530970 -0.050901
v 0.256640 6.507868 -0.080673
v 0.326641 6.476777 -0.106769
v 0.384089 6.438893 -0.128185
v 0.426777 6.395671 -0.144099
v 0.453064 6.348773 -0.153899
v 0.461940 6.300000 -0.157207
v 0.453064 6.251227 -0.153899
v 0.426777 6.204329 -0.144099
v 0.384089 6.161108 -0.128185
v 0.326641 6.123223 -0.106769
v 0.256640 6.092133 -0.080673
v 0.176777 6.069030 -0.050901
v 0.090120 6.054804 -0.018596
v 0.095671 6.545197 -0.002127
v 0.187665 6.530970 -0.018596
v 0.272448 6.507868 -0.033774
v 0.346760 6.476777 -0.047077
v 0.407746 6.438893 -0.057995
v 0.453064 6.395671 -0.066108
v 0.480970 6.348773 -0.071104
v 0.490393 6.300000 -0.072791
v 0.480970 6.251227 -0.071104
v 0.453064 6.204329 -0.066108
v 0.407746 6.161108 -0.057995
v 0.346760 6.123223 -0.047077
v 0.272448 6.092133 -0.033774
v 0.187665 6.069030 -0.018596
v 0.095671 6.054804 -0.002127
v 0.097545 6.545197 0.015000
v 0.191342 6.530970 0.015000
v 0.277785 6.507868 0.015000
v 0.353553 6.476777 0.015000
v 0.415735 6.438893 0.015000
v 0.461940 6.395671 0.015000
v 0.490393 6.348773 0.015000
v 0.500000 6.300000 0.015000
v 0.490393 6.251227 0.015000
v 0.461940 6.204329 0.015000
v 0.415735 6.161108 0.015000
v 0.353553 6.123223 0.015000
v 0.277785 6.092133 0.015000
v 0.191342 6.069030 0.015000
v 0.097545 6.054804 0.015000
v 0.095671 6.545197 0.032127
v 0.187665 6.530970 0.048596
v 0.272447 6.507868 0.063774
v 0.346760 6.476777 0.077077
v 0.407746 6.438893 0.087995
v 0.453064 6.395671 0.096108
v 0.480970 6.348773 0.101104
v 0.490392 6.300000 0.102791
v 0.480970 6.251227 0.101104
v 0.453064 6.204329 0.096108
v 0.407746 6.161108 0.087995
v 0.346760 6.123223 0.077077
v 0.272447 6.092133 0.063774
v 0.187665 6.069030 0.048596
v 0.095671 6.054804 0.032127
v 0.090120 6.545197 0.048596
v 0.176777 6.530970 0.080901
v 0.256640 6.507868 0.110673
v 0.326641 6.476777 0.136769
v 0.384089 6.438893 0.158185
v 0.426777 6.395671 0.174099
v 0.453064 6.348773 0.183899
v 0.461940 6.300000 0.187208
v 0.453064 6.251227 0.183899
v 0.426777 6.204329 0.174099
v 0.384089 6.161108 0.158185
v 0.326641 6.123223 0.136769
v 0.256640 6.092133 0.110673
v 0.176777 6.069030 0.080901
v 0.090120 6.054804 0.048596
v 0.081106 6.545197 0.063774
v 0.159095 6.530970 0.110673
v 0.230970 6.507868 0.153896
v 0.293969 6.476777 0.191781
v 0.345671 6.438893 0.222873
v 0.384089 6.395671 0.245976
v 0.407746 6.348773 0.260203
v 0.415735 6.300000 0.265007
v 0.407746 6.251227 0.260203
v 0.384089 6.204329 0.245976
v 0.345671 6.161108 0.222873
v 0.293969 6.123223 0.191781
v 0.230970 6.092133 0.153896
v 0.159095 6.069030 0.110673
v 0.081106 6.054804 0.063774
v 0.068975 6.545197 0.077077
v 0.135299 6.530970 0.136769
v 0.196424 6.507868 0.191781
v 0.250000 6.476777 0.240000
v 0.293969 6.438893 0.279572
v 0.326641 6.395671 0.308977
v 0.346760 6.348773 0.327084
v 0.353553 6.300000 0.333198
v 0.346760 6.251227 0.327084
v 0.326641 6.204329 0.308977
v 0.293969 6.161108 0.279572
v 0.250000 6.123223 0.240000
v 0.196424 6.092133 0.191781
v 0.135299 6.069030 0.136769
v 0.068975 6.054804 0.077077
v 0.054193 6.545197 0.087995
v 0.106304 6.530970 0.158185
v 0.154329 6.507868 0.222873
v 0.196424 6.476777 0.279572
v 0.230970 6.438893 0.326104
v 0.256640 6.395671 0.360680
v 0.272447 6.348773 0.381972
v 0.277785 6.300000 0.389161
v 0.272447 6.251227 0.381972
v 0.256640 6.204329 0.360680
v 0.230970 6.161108 0.326104
v 0.196424 6.123223 0.279572
v 0.154329 6.092133 0.222873
v 0.106304 6.069030 0.158185
v 0.054193 6.054804 0.087995
v 0.037329 6.545197 0.096108
v 0.073223 6.530970 0.174099
v 0.106304 6.507868 0.245976
v 0.135299 6.476777 0.308977
v 0.159095 6.438893 0.360680
v 0.176777 6.395671 0.399099
v 0.187665 6.348773 0.422757
v 0.191341 6.300000 0.430746
v 0.187665 6.251227 0.422757
v 0.176777 6.204329 0.399099
v 0.159095 6.161108 0.360680
v 0.135299 6.123223 0.308977
v 0.106304 6.092133 0.245976
v 0.073223 6.069030 0.174099
v 0.037329 6.054804 0.096108
v 0.019030 6.545197 0.101104
v 0.037329 6.530970 0.183899
v 0.054193 6.507868 0.260203
v 0.068975 6.476777 0.327084
v 0.081106 6.438893 0.381972
v 0.090120 6.395671 0.422757
v 0.095671 6.348773 0.447873
v 0.097545 6.300000 0.456353
v 0.095671 6.251227 0.447873
v 0.090120 6.204329 0.422757
v 0.081106 6.161108 0.381972
v 0.068975 6.123223 0.327084
v 0.054193 6.092133 0.260203
v 0.037329 6.069030 0.183899
v 0.019030 6.054804 0.101104
v -0.000000 6.545197 0.102791
v -0.000000 6.530970 0.187207
v -0.000000 6.507868 0.265006
v -0.000000 6.476777 0.333198
v -0.000000 6.438893 0.389161
v 0.000000 6.395671 0.430746
v -0.000000 6.348773 0.456353
v -0.000000 6.300000 0.465000
v -0.000000 6.251227 0.456353
v 0.000000 6.204329 0.430746
v -0.000000 6.161108 0.389161
v -0.000000 6.123223 0.333198
v -0.000000 6.092133 0.265006
v -0.000000 6.069030 0.187207
v -0.000000 6.054804 0.102791
v -0.019030 6.545197 0.101104
v -0.037329 6.530970 0.183899
v -0.054193 6.507868 0.260203
v -0.068975 6.476777 0.327084
v -0.081106 6.438893 0.381972
v -0.090120 6.395671 0.422757
v -0.095671 6.348773 0.447873
v -0.097545 6.300000 0.456353
v -0.095671 6.251227 0.447873
v -0.090120 6.204329 0.422757
v -0.081106 6.161108 0.381972
v -0.068975 6.123223 0.327084
v -0.054193 6.092133 0.260203
v -0.037329 6.069030 0.183899
v -0.019030 6.054804 0.101104
v -0.037329 6.545197 0.096108
v -0.073223 6.530970 0.174099
v -0.106304 6.507868 0.245976
v -0.135299 6.476777 0.308977
v -0.159095 6.438893 0.360680
v -0.176777 6.395671 0.399099
v -0.187665 6.348773 0.422757
v -0.191342 6.300000 0.430745
v -0.187665 6.251227 0.422757
v -0.176777 6.204329 0.399099
v -0.159095 6.161108 0.360680
v -0.135299 6.123223 0.308977
v -0.106304 6.092133 0.245976
v -0.073223 6.069030 0.174099
v -0.037329 6.054804 0.096108
v -0.054193 6.545197 0.087995
v -0.106304 6.530970 0.158185
v -0.154329 6.507868 0.222873
v -0.196424 6.476777 0.279572
v -0.230970 6.438893 0.326104
v -0.256640 6.395671 0.360680
v -0.272448 6.348773 0.381972
v -0.277785 6.300000 0.389161
v -0.272448 6.251227 0.381972
v -0.256640 6.204329 0.360680
v -0.230970 6.161108 0.326104
v -0.196424 6.123223 0.279572
v -0.154329 6.092133 0.222873
v -0.106304 6.069030 0.158185
v -0.054193 6.054804 0.087995
v -0.068975 6.545197 0.077077
v -0.135299 6.530970 0.136769
v -0.196424 6.507868 0.191781
v -0.250000 6.476777 0.240000
v -0.293969 6.438893 0.279572
v -0.326641 6.395671 0.308977
v -0.346760 6.348773 0.327084
v -0.353553 6.300000 0.333198
v -0.346760 6.251227 0.327084
v -0.326641 6.204329 0.308977
v -0.293969 6.161108 0.279572
v -0.250000 6.123223 0.240000
v -0.196424 6.092133 0.191781
v -0.135299 6.069030 0.136769
v -0.068975 6.054804 0.077077
v -0.081106 6.545197 0.063774
v -0.159095 6.530970 0.110673
v -0.230970 6.507868 0.153896
v -0.293969 6.476777 0.191781
v -0.345671 6.438893 0.222873
v -0.384089 6.395671 0.245976
v -0.407746 6.348773 0.260203
v -0.415735 6.300000 0.265006
v -0.407746 6.251227 0.260203
v -0.384089 6.204329 0.245976
v -0.345671 6.161108 0.222873
v -0.293969 6.123223 0.191781
v -0.230970 6.092133 0.153896
v -0.159095 6.069030 0.110673
v -0.081106 6.054804 0.063774
v -0.090120 6.545197 0.048596
v -0.176777 6.530970 0.080901
v -0.256640 6.507868 0.110673
v -0.326641 6.476777 0.136769
v -0.384089 6.438893 0.158185
v -0.426777 6.395671 0.174099
v -0.453064 6.348773 0.183898
v -0.461939 6.300000 0.187207
v -0.453064 6.251227 0.183898
v -0.426777 6.204329 0.174099
v -0.384089 6.161108 0.158185
v -0.326641 6.123223 0.136769
v -0.256640 6.092133 0.110673
v -0.176777 6.069030 0.080901
v -0.090120 6.054804 0.048596
v -0.095671 6.545197 0.032127
v -0.187665 6.530970 0.048596
v -0.272447 6.507868 0.063774
v -0.346760 6.476777 0.077077
v -0.407746 6.438893 0.087995
v -0.453064 6.395671 0.096108
v -0.480970 6.348773 0.101104
v -0.490392 6.300000 0.102790
v -0.480970 6.251227 0.101104
v -0.453064 6.204329 0.096108
v -0.407746 6.161108 0.087995
v -0.346760 6.123223 0.077077
v -0.272447 6.092133 0.063774
v -0.187665 6.069030 0.048596
v -0.095671 6.054804 0.032127
v -0.097545 6.545197 0.015000
v -0.191342 6.530970 0.015000
v -0.277785 6.507868 0.015000
v -0.353553 6.476777 0.015000
v -0.415735 6.438893 0.015000
v -0.461940 6.395671 0.015000
v -0.490392 6.348773 0.015000
v -0.500000 6.300000 0.015000
v -0.490392 6.251227 0.015000
v -0.461940 6.204329 0.015000
v -0.415735 6.161108 0.015000
v -0.353553 6.123223 0.015000
v -0.277785 6.092133 0.015000
v -0.191342 6.069030 0.015000
v -0.097545 6.054804 0.015000
v -0.095671 6.545197 -0.002127
v -0.187665 6.530970 -0.018596
v -0.272447 6.507868 -0.033774
v -0.346760 6.476777 -0.047077
v -0.407746 6.438893 -0.057995
v -0.453064 6.395671 -0.066108
v -0.480970 6.348773 -0.071104
v -0.490392 6.300000 -0.072791
v -0.480970 6.251227 -0.071104
v -0.453064 6.204329 -0.066108
v -0.407746 6.161108 -0.057995
v -0.346760 6.123223 -0.047077
v -0.272447 6.092133 -0.033774
v -0.187665 6.069030 -0.018596
v -0.095671 6.054804 -0.002127
v -0.090120 6.545197 -0.018596
v -0.176777 6.530970 -0.050901
v -0.256640 6.507868 -0.080673
v -0.326641 6.476777 -0.106769
v -0.384089 6.438893 -0.128185
v -0.426776 6.395671 -0.144099
v -0.453063 6.348773 -0.153899
v -0.461939 6.300000 -0.157208
v -0.453063 6.251227 -0.153899
v -0.426776 6.204329 -0.144099
v -0.384089 6.161108 -0.128185
v -0.326641 6.123223 -0.106769
v -0.256640 6.092133 -0.080673
v -0.176777 6.069030 -0.050901
v -0.090120 6.054804 -0.018596
v -0.081106 6.545197 -0.033774
v -0.159095 6.530970 -0.080673
v -0.230970 6.507868 -0.123896
v -0.293969 6.476777 -0.161781
v -0.345671 6.438893 -0.192873
v -0.384089 6.395671 -0.215976
v -0.407746 6.348773 -0.230203
v -0.415734 6.300000 -0.235007
v -0.407746 6.251227 -0.230203
v -0.384089 6.204329 -0.215976
v -0.345671 6.161108 -0.192873
v -0.293969 6.123223 -0.161781
v -0.230970 6.092133 -0.123896
v -0.159095 6.069030 -0.080673
v -0.081106 6.054804 -0.033774
v -0.068975 6.545197 -0.047077
v -0.135299 6.530970 -0.106769
v -0.196423 6.507868 -0.161781
v -0.250000 6.476777 -0.210000
v -0.293969 6.438893 -0.249572
v -0.326641 6.395671 -0.278977
v -0.346760 6.348773 -0.297084
v -0.353553 6.300000 -0.303198
v -0.346760 6.251227 -0.297084
v -0.326641 6.204329 -0.278977
v -0.293969 6.161108 -0.249572
v -0.250000 6.123223 -0.210000
v -0.196423 6.092133 -0.161781
v -0.135299 6.069030 -0.106769
v -0.068975 6.054804 -0.047077
v -0.054193 6.545197 -0.057995
v -0.106304 6.530970 -0.128185
v -0.154329 6.507868 -0.192873
v -0.196424 6.476777 -0.249572
v -0.230970 6.438893 -0.296104
v -0.256640 6.395671 -0.330680
v -0.272447 6.348773 -0.351972
v -0.277785 6.300000 -0.359161
v -0.272447 6.251227 -0.351972
v -0.256640 6.204329 -0.330680
v -0.230970 6.161108 -0.296104
v -0.196424 6.123223 -0.249572
v -0.154329 6.092133 -0.192873
v -0.106304 6.069030 -0.128185
v -0.054193 6.054804 -0.057995
v -0.037329 6.545197 -0.066108
v -0.073223 6.530970 -0.144099
v -0.106304 6.507868 -0.215976
v -0.135299 6.476777 -0.278977
v -0.159095 6.438893 -0.330680
v -0.176777 6.395671 -0.369099
v -0.187665 6.348773 -0.392757
v -0.191341 6.300000 -0.400745
v -0.187665 6.251227 -0.392757
v -0.176777 6.204329 -0.369099
v -0.159095 6.161108 -0.330680
v -0.135299 6.123223 -0.278977
v -0.106304 6.092133 -0.215976
v -0.073223 6.069030 -0.144099
v -0.037329 6.054804 -0.066108
v -0.019030 6.545197 -0.071104
v -0.037329 6.530970 -0.153899
v -0.054193 6.507868 -0.230203
v -0.068975 6.476777 -0.297084
v -0.081106 6.438893 -0.351972
v -0.090120 6.395671 -0.392757
v -0.095671 6.348773 -0.417873
v -0.097545 6.300000 -0.426353
v -0.095671 6.251227 -0.417873
v -0.090120 6.204329 -0.392757
v -0.081106 6.161108 -0.351972
v -0.068975 6.123223 -0.297084
v -0.054193 6.092133 -0.230203
v -0.037329 6.069030 -0.153899
v -0.019030 6.054804 -0.071104
v 0.000000 6.545197 -0.072791
v 0.000000 6.530970 -0.157207
v 0.000000 6.476777 -0.303198
v 0.000000 6.395671 -0.400746
v 0.000000 6.204329 -0.400746
v 0.000000 6.123223 -0.303198
v 0.000000 6.092133 -0.235006
v 0.000000 6.069030 -0.157207
v 0.000000 6.054804 -0.072791
vn -0.0000 1.0000 -0.0000
vn -0.0000 0.9352 -0.3540
vn -0.0000 0.7620 -0.6476
vn -0.0000 0.3284 -0.9445
vn -0.0000 -0.0000 -1.0000
vn -0.0000 -0.3284 -0.9445
vn -0.0000 -0.7620 -0.6476
vn -0.0000 -1.0000 -0.0000
vn 0.0198 0.9936 -0.1116
vn 0.0401 0.9736 -0.2248
vn 0.0621 0.9356 -0.3474
vn 0.0866 0.8708 -0.4840
vn 0.1139 0.7631 -0.6361
vn 0.1426 0.5893 -0.7952
vn 0.1669 0.3294 -0.9293
vn 0.1769 -0.0000 -0.9842
vn 0.1669 -0.3294 -0.9293
vn 0.1426 -0.5893 -0.7952
vn 0.1139 -0.7631 -0.6361
vn 0.0866 -0.8708 -0.4840
vn 0.0621 -0.9356 -0.3474
vn 0.0401 -0.9736 -0.2248
vn 0.0198 -0.9936 -0.1116
vn 0.0390 0.9937 -0.1053
vn 0.0788 0.9741 -0.2120
vn 0.1220 0.9368 -0.3279
vn 0.1703 0.8729 -0.4572
vn 0.2245 0.7663 -0.6020
vn 0.2817 0.5931 -0.7542
vn 0.3304 0.3323 -0.8834
vn 0.3506 -0.0000 -0.9365
vn 0.3304 -0.3323 -0.8834
vn 0.2817 -0.5931 -0.7542
vn 0.2245 -0.7663 -0.6020
vn 0.1703 -0.8729 -0.4572
vn 0.1220 -0.9368 -0.3279
vn 0.0788 -0.9741 -0.2120
vn 0.0390 -0.9937 -0.1053
vn 0.0567 0.9939 -0.0949
vn 0.1146 0.9748 -0.1912
vn 0.1776 0.9386 -0.2959
vn 0.2483 0.8761 -0.4133
vn 0.3282 0.7712 -0.5455
vn 0.4133 0.5990 -0.6859
vn 0.4865 0.3367 -0.8062
vn 0.5170 -0.0000 -0.8560
vn 0.4865 -0.3367 -0.8062
vn 0.4133 -0.5990 -0.6859
vn 0.3282 -0.7712 -0.5455
vn 0.2483 -0.8761 -0.4133
vn 0.1776 -0.9386 -0.2959
vn 0.1146 -0.9748 -0.1912
vn 0.0567 -0.9939 -0.0949
vn 0.0724 0.9941 -0.0810
vn 0.1462 0.9757 -0.1629
vn 0.2268 0.9407 -0.2524
vn 0.3177 0.8799 -0.3533
vn 0.4212 0.7770 -0.4678
vn 0.5327 0.6060 -0.5907
vn 0.6298 0.3421 -0.6973
vn 0.6706 -0.0000 -0.7418
vn 0.6298 -0.3421 -0.6973
vn 0.5327 -0.6060 -0.5907
vn 0.4212 -0.7770 -0.4678
vn 0.3177 -0.8799 -0.3533
vn 0.2268 -0.9407 -0.2524
vn 0.1462 -0.9757 -0.1629
vn 0.0724 -0.9941 -0.0810
vn 0.0854 0.9943 -0.0638
vn 0.1723 0.9766 -0.1283
vn 0.2676 0.9428 -0.1990
vn 0.3756 0.8838 -0.2791
vn 0.4995 0.7830 -0.3707
vn 0.6345 0.6134 -0.4702
vn 0.7537 0.3478 -0.5576
vn 0.8042 -0.0000 -0.5944
vn 0.7537 -0.3478 -0.5576
vn 0.6345 -0.6134 -0.4702
vn 0.4995 -0.7830 -0.3707
vn 0.3756 -0.8838 -0.2791
vn 0.2676 -0.9428 -0.1990
vn 0.1723 -0.9766 -0.1283
vn 0.0854 -0.9943 -0.0638
vn 0.0951 0.9945 -0.0440
vn 0.1919 0.9774 -0.0886
vn 0.2981 0.9446 -0.1375
vn 0.4192 0.8871 -0.1931
vn 0.5591 0.7881 -0.2573
vn 0.7131 0.6198 -0.3276
vn 0.8505 0.3528 -0.3900
vn 0.9091 -0.0000 -0.4165
vn 0.8505 -0.3528 -0.3900
vn 0.7131 -0.6198 -0.3276
vn 0.5591 -0.7881 -0.2573
vn 0.4192 -0.8871 -0.1931
vn 0.2981 -0.9446 -0.1375
vn 0.1919 -0.9774 -0.0886
vn 0.0951 -0.9945 -0.0440
vn 0.1011 0.9946 -0.0225
vn 0.2040 0.9779 -0.0452
vn 0.3171 0.9458 -0.0702
vn 0.4464 0.8893 -0.0988
vn 0.5966 0.7917 -0.1318
vn 0.7629 0.6242 -0.1683
vn 0.9125 0.3563 -0.2009
vn 0.9766 -0.0000 -0.2148
vn 0.9125 -0.3563 -0.2009
vn 0.7629 -0.6242 -0.1683
vn 0.5966 -0.7917 -0.1318
vn 0.4464 -0.8893 -0.0988
vn 0.3171 -0.9458 -0.0702
vn 0.2040 -0.9779 -0.0452
vn 0.1011 -0.9946 -0.0225
vn 0.1032 0.9947 -0.0000
vn 0.2081 0.9781 -0.0000
vn 0.3235 0.9462 -0.0000
vn 0.4557 0.8901 -0.0000
vn 0.6093 0.7929 -0.0000
vn 0.7800 0.6258 -0.0000
vn 0.9339 0.3575 -0.0000
vn 1.0000 -0.0000 -0.0000
vn 0.9339 -0.3575 -0.0000
vn 0.7800 -0.6258 -0.0000
vn 0.6093 -0.7929 -0.0000
vn 0.4557 -0.8901 -0.0000
vn 0.3235 -0.9462 -0.0000
vn 0.2081 -0.9781 -0.0000
vn 0.1032 -0.9947 -0.0000
vn 0.1011 0.9946 0.0225
vn 0.2040 0.9779 0.0452
vn 0.3171 0.9458 0.0702
vn 0.4464 0.8893 0.0988
vn 0.5966 0.7917 0.1318
vn 0.7629 0.6242 0.1683
vn 0.9125 0.3563 0.2009
vn 0.9766 -0.0000 0.2148
vn 0.9125 -0.3563 0.2009
vn 0.7629 -0.6242 0.1683
vn 0.5966 -0.7917 0.1318
vn 0.4464 -0.8893 0.0988
vn 0.3171 -0.9458 0.0702
vn 0.2040 -0.9779 0.0452
vn 0.1011 -0.9946 0.0225
vn 0.0951 0.9945 0.0440
vn 0.1919 0.9774 0.0886
vn 0.2981 0.9446 0.1375
vn 0.4192 0.8871 0.1931
vn 0.5591 0.7881 0.2573
vn 0.7131 0.6198 0.3276
vn 0.8505 0.3528 0.3900
vn 0.9091 -0.0000 0.4165
vn 0.8505 -0.3528 0.3900
vn 0.7131 -0.6198 0.3276
vn 0.5591 -0.7881 0.2573
vn 0.4192 -0.8871 0.1931
vn 0.2981 -0.9446 0.1375
vn 0.1919 -0.9774 0.0886
vn 0.0951 -0.9945 0.0440
vn 0.0854 0.9943 0.0638
vn 0.1723 0.9766 0.1283
vn 0.2676 0.9428 0.1990
vn 0.3756 0.8838 0.2791
vn 0.4995 0.7830 0.3707
vn 0.6345 0.6134 0.4702
vn 0.7537 0.3478 0.5576
vn 0.8042 -0.0000 0.5944
vn 0.7537 -0.3478 0.5576
vn 0.6345 -0.6134 0.4702
vn 0.4995 -0.7830 0.3707
vn 0.3756 -0.8838 0.2791
vn 0.2676 -0.9428 0.1990
vn 0.1723 -0.9766 0.1283
vn 0.0854 -0.9943 0.0638
vn 0.0724 0.9941 0.0810
vn 0.1462 0.9757 0.1629
vn 0.2268 0.9407 0.2524
vn 0.3177 0.8799 0.3533
vn 0.4212 0.7770 0.4678
vn 0.5327 0.6060 0.5907
vn 0.6298 0.3421 0.6973
vn 0.6706 -0.0000 0.7418
vn 0.6298 -0.3421 0.6973
vn 0.5327 -0.6060 0.5907
vn 0.4212 -0.7770 0.4678
vn 0.3177 -0.8799 0.3533
vn 0.2268 -0.9407 0.2524
vn 0.1462 -0.9757 0.1629
vn 0.0724 -0.9941 0.0810
vn 0.0567 0.9939 0.0949
vn 0.1146 0.9748 0.1912
vn 0.1776 0.9386 0.2959
vn 0.2483 0.8761 0.4133
vn 0.3282 0.7712 0.5455
vn 0.4133 0.5990 0.6859
vn 0.4865 0.3367 0.8062
vn 0.5170 -0.0000 0.8560
vn 0.4865 -0.3367 0.8062
vn 0.4133 -0.5990 0.6859
vn 0.3282 -0.7712 0.5455
vn 0.2483 -0.8761 0.4133
vn 0.1776 -0.9386 0.2959
vn 0.1146 -0.9748 0.1912
vn 0.0567 -0.9939 0.0949
vn 0.0390 0.9937 0.1053
vn 0.0788 0.9741 0.2120
vn 0.1220 0.9368 0.3279
vn 0.1703 0.8729 0.4572
vn 0.2245 0.7663 0.6020
vn 0.2817 0.5931 0.7542
vn 0.3304 0.3323 0.8834
vn 0.3506 -0.0000 0.9365
vn 0.3304 -0.3323 0.8834
vn 0.2817 -0.5931 0.7542
vn 0.2245 -0.7663 0.6020
vn 0.1703 -0.8729 0.4572
vn 0.1220 -0.9368 0.3279
vn 0.0788 -0.9741 0.2120
vn 0.0390 -0.9937 0.1053
vn 0.0198 0.9936 0.1116
vn 0.0401 0.9736 0.2248
vn 0.0621 0.9356 0.3474
vn 0.0866 0.8708 0.4840
vn 0.1139 0.7631 0.6361
vn 0.1426 0.5893 0.7952
vn 0.1669 0.3294 0.9293
vn 0.1769 -0.0000 0.9842
vn 0.1669 -0.3294 0.9293
vn 0.1426 -0.5893 0.7952
vn 0.1139 -0.7631 0.6361
vn 0.0866 -0.8708 0.4840
vn 0.0621 -0.9356 0.3474
vn 0.0401 -0.9736 0.2248
vn 0.0198 -0.9936 0.1116
vn -0.0000 0.9935 0.1137
vn -0.0000 0.9734 0.2291
vn -0.0000 0.9352 0.3540
vn -0.0000 0.8700 0.4930
vn -0.0000 0.7620 0.6476
vn -0.0000 0.5880 0.8089
vn -0.0000 0.3284 0.9445
vn -0.0000 -0.0000 1.0000
vn -0.0000 -0.3284 0.9445
vn -0.0000 -0.5880 0.8089
vn -0.0000 -0.7620 0.6476
vn -0.0000 -0.8700 0.4930
vn -0.0000 -0.9352 0.3540
vn -0.0000 -0.9734 0.2291
vn -0.0000 -0.9935 0.1137
vn -0.0198 0.9936 0.1116
vn -0.0401 0.9736 0.2248
vn -0.0621 0.9356 0.3474
vn -0.0866 0.8708 0.4840
vn -0.1139 0.7631 0.6361
vn -0.1426 0.5893 0.7952
vn -0.1669 0.3294 0.9293
vn -0.1769 -0.0000 0.9842
vn -0.1669 -0.3294 0.9293
vn -0.1426 -0.5893 0.7952
vn -0.1139 -0.7631 0.6361
vn -0.0866 -0.8708 0.4840
vn -0.0621 -0.9356 0.3474
vn -0.0401 -0.9736 0.2248
vn -0.0198 -0.9936 0.1116
vn -0.0390 0.9937 0.1053
vn -0.0788 0.9741 0.2120
vn -0.1220 0.9368 0.3279
vn -0.1703 0.8729 0.4572
vn -0.2245 0.7663 0.6020
vn -0.2817 0.5931 0.7542
vn -0.3304 0.3323 0.8834
vn -0.3506 -0.0000 0.9365
vn -0.3304 -0.3323 0.8834
vn -0.2817 -0.5931 0.7542
vn -0.2245 -0.7663 0.6020
vn -0.1703 -0.8729 0.4572
vn -0.1220 -0.9368 0.3279
vn -0.0788 -0.9741 0.2120
vn -0.0390 -0.9937 0.1053
vn -0.0567 0.9939 0.0949
vn -0.1146 0.9748 0.1912
vn -0.1776 0.9386 0.2959
vn -0.2483 0.8761 0.4133
vn -0.3282 0.7712 0.5455
vn -0.4133 0.5990 0.6859
vn -0.4865 0.3367 0.8062
vn -0.5170 -0.0000 0.8560
vn -0.4865 -0.3367 0.8062
vn -0.4133 -0.5990 0.6859
vn -0.3282 -0.7712 0.5455
vn -0.2483 -0.8761 0.4133
vn -0.1776 -0.9386 0.2959
vn -0.1146 -0.9748 0.1912
vn -0.0567 -0.9939 0.0949
vn -0.0724 0.9941 0.0810
vn -0.1462 0.9757 0.1629
vn -0.2268 0.9407 0.2524
vn -0.3177 0.8799 0.3533
vn -0.4212 0.7770 0.4678
vn -0.5327 0.6060 0.5907
vn -0.6298 0.3421 0.6973
vn -0.6706 -0.0000 0.7418
vn -0.6298 -0.3421 0.6973
vn -0.5327 -0.6060 0.5907
vn -0.4212 -0.7770 0.4678
vn -0.3177 -0.8799 0.3533
vn -0.2268 -0.9407 0.2524
vn -0.1462 -0.9757 0.1629
vn -0.0724 -0.9941 0.0810
vn -0.0854 0.9943 0.0638
vn -0.1723 0.9766 0.1283
vn -0.2676 0.9428 0.1990
vn -0.3756 0.8838 0.2791
vn -0.4995 0.7830 0.3707
vn -0.6345 0.6134 0.4702
vn -0.7537 0.3478 0.5576
vn -0.8042 -0.0000 0.5944
vn -0.7537 -0.3478 0.5576
vn -0.6345 -0.6134 0.4702
vn -0.4995 -0.7830 0.3707
vn -0.3756 -0.8838 0.2791
vn -0.2676 -0.9428 0.1990
vn -0.1723 -0.9766 0.1283
vn -0.0854 -0.9943 0.0638
vn -0.0951 0.9945 0.0440
vn -0.1919 0.9774 0.0886
vn -0.2981 0.9446 0.1375
vn -0.4192 0.8871 0.1931
vn -0.5591 0.7881 0.2573
vn -0.7131 0.6198 0.3276
vn -0.8505 0.3528 0.3900
vn -0.9091 -0.0000 0.4165
vn -0.8505 -0.3528 0.3900
vn -0.7131 -0.6198 0.3276
vn -0.5591 -0.7881 0.2573
vn -0.4192 -0.8871 0.1931
vn -0.2981 -0.9446 0.1375
vn -0.1919 -0.9774 0.0886
vn -0.0951 -0.9945 0.0440
vn -0.1011 0.9946 0.0225
vn -0.2040 0.9779 0.0452
vn -0.3171 0.9458 0.0702
vn -0.4464 0.8893 0.0988
vn -0.5966 0.7917 0.1318
vn -0.7629 0.6242 0.1683
vn -0.9125 0.3563 0.2009
vn -0.9766 -0.0000 0.2148
vn -0.9125 -0.3563 0.2009
vn -0.7629 -0.6242 0.1683
vn -0.5966 -0.7917 0.1318
vn -0.4464 -0.8893 0.0988
vn -0.3171 -0.9458 0.0702
vn -0.2040 -0.9779 0.0452
vn -0.1011 -0.9946 0.0225
vn -0.1032 0.9947 -0.0000
vn -0.2081 0.9781 -0.0000
vn -0.3235 0.9462 -0.0000
vn -0.4557 0.8901 -0.0000
vn -0.6093 0.7929 -0.0000
vn -0.7800 0.6258 -0.0000
vn -0.9339 0.3575 -0.0000
vn -1.0000 -0.0000 -0.0000
vn -0.9339 -0.3575 -0.0000
vn -0.7800 -0.6258 -0.0000
vn -0.6093 -0.7929 -0.0000
vn -0.4557 -0.8901 -0.0000
vn -0.3235 -0.9462 -0.0000
vn -0.2081 -0.9781 -0.0000
vn -0.1032 -0.9947 -0.0000
vn -0.1011 0.9946 -0.0225
vn -0.2040 0.9779 -0.0452
vn -0.3171 0.9458 -0.0702
vn -0.4464 0.8893 -0.0988
vn -0.5966 0.7917 -0.1318
vn -0.7629 0.6242 -0.1683
vn -0.9125 0.3563 -0.2009
vn -0.9766 -0.0000 -0.2148
vn -0.9125 -0.3563 -0.2009
vn -0.7629 -0.6242 -0.1683
vn -0.5966 -0.7917 -0.1318
vn -0.4464 -0.8893 -0.0988
vn -0.3171 -0.9458 -0.0702
vn -0.2040 -0.9779 -0.0452
vn -0.1011 -0.9946 -0.0225
vn -0.0951 0.9945 -0.0440
vn -0.1919 0.9774 -0.0886
vn -0.2981 0.9446 -0.1375
vn -0.4192 0.8871 -0.1931
vn -0.5591 0.7881 -0.2573
vn -0.7131 0.6198 -0.3276
vn -0.8505 0.3528 -0.3900
vn -0.9091 -0.0000 -0.4165
vn -0.8505 -0.3528 -0.3900
vn -0.7131 -0.6198 -0.3276
vn -0.5591 -0.7881 -0.2573
vn -0.4192 -0.8871 -0.1931
vn -0.2981 -0.9446 -0.1375
vn -0.1919 -0.9774 -0.0886
vn -0.0951 -0.9945 -0.0440
vn -0.0854 0.9943 -0.0638
vn -0.1723 0.9766 -0.1283
vn -0.2676 0.9428 -0.1990
vn -0.3756 0.8838 -0.2791
vn -0.4995 0.7830 -0.3707
vn -0.6345 0.6134 -0.4702
vn -0.7537 0.3478 -0.5576
vn -0.8042 -0.0000 -0.5944
vn -0.7537 -0.3478 -0.5576
vn -0.6345 -0.6134 -0.4702
vn -0.4995 -0.7830 -0.3707
vn -0.3756 -0.8838 -0.2791
vn -0.2676 -0.9428 -0.1990
vn -0.1723 -0.9766 -0.1283
vn -0.0854 -0.9943 -0.0638
vn -0.0724 0.9941 -0.0810
vn -0.1462 0.9757 -0.1629
vn -0.2268 0.9407 -0.2524
vn -0.3177 0.8799 -0.3533
vn -0.4212 0.7770 -0.4678
vn -0.5327 0.6060 -0.5907
vn -0.6298 0.3421 -0.6973
vn -0.6706 -0.0000 -0.7418
vn -0.6298 -0.3421 -0.6973
vn -0.5327 -0.6060 -0.5907
vn -0.4212 -0.7770 -0.4678
vn -0.3177 -0.8799 -0.3533
vn -0.2268 -0.9407 -0.2524
vn -0.1462 -0.9757 -0.1629
vn -0.0724 -0.9941 -0.0810
vn -0.0567 0.9939 -0.0949
vn -0.1146 0.9748 -0.1912
vn -0.1776 0.9386 -0.2959
vn -0.2483 0.8761 -0.4133
vn -0.3282 0.7712 -0.5455
vn -0.4133 0.5990 -0.6859
vn -0.4865 0.3367 -0.8062
vn -0.5170 -0.0000 -0.8560
vn -0.4865 -0.3367 -0.8062
vn -0.4133 -0.5990 -0.6859
vn -0.3282 -0.7712 -0.5455
vn -0.2483 -0.8761 -0.4133
vn -0.1776 -0.9386 -0.2959
vn -0.1146 -0.9748 -0.1912
vn -0.0567 -0.9939 -0.0949
vn -0.0390 0.9937 -0.1053
vn -0.0788 0.9741 -0.2120
vn -0.1220 0.9368 -0.3279
vn -0.1703 0.8729 -0.4572
vn -0.2245 0.7663 -0.6020
vn -0.2817 0.5931 -0.7542
vn -0.3304 0.3323 -0.8834
vn -0.3506 -0.0000 -0.9365
vn -0.3304 -0.3323 -0.8834
vn -0.2817 -0.5931 -0.7542
vn -0.2245 -0.7663 -0.6020
vn -0.1703 -0.8729 -0.4572
vn -0.1220 -0.9368 -0.3279
vn -0.0788 -0.9741 -0.2120
vn -0.0390 -0.9937 -0.1053
vn -0.0198 0.9936 -0.1116
vn -0.0401 0.9736 -0.2248
vn -0.0621 0.9356 -0.3474
vn -0.0866 0.8708 -0.4840
vn -0.1139 0.7631 -0.6361
vn -0.1426 0.5893 -0.7952
vn -0.1669 0.3294 -0.9293
vn -0.1769 -0.0000 -0.9842
vn -0.1669 -0.3294 -0.9293
vn -0.1426 -0.5893 -0.7952
vn -0.1139 -0.7631 -0.6361
vn -0.0866 -0.8708 -0.4840
vn -0.0621 -0.9356 -0.3474
vn -0.0401 -0.9736 -0.2248
vn -0.0198 -0.9936 -0.1116
vn -0.0000 0.9935 -0.1137
vn -0.0000 0.9734 -0.2291
vn -0.0000 0.8700 -0.4930
vn -0.0000 0.5880 -0.8089
vn -0.0000 -0.5880 -0.8089
vn -0.0000 -0.8700 -0.4930
vn -0.0000 -0.9352 -0.3540
vn -0.0000 -0.9734 -0.2291
vn -0.0000 -0.9935 -0.1137
vt 0.750000 0.875000
vt 0.750000 0.937500
vt 0.718750 0.937500
vt 0.718750 0.875000
vt 0.750000 0.375000
vt 0.750000 0.437500
vt 0.718750 0.437500
vt 0.718750 0.375000
vt 0.750000 0.812500
vt 0.718750 0.812500
vt 0.750000 0.312500
vt 0.718750 0.312500
vt 0.750000 0.750000
vt 0.718750 0.750000
vt 0.750000 0.250000
vt 0.718750 0.250000
vt 0.750000 0.687500
vt 0.718750 0.687500
vt 0.750000 0.187500
vt 0.718750 0.187500
vt 0.750000 0.625000
vt 0.718750 0.625000
vt 0.750000 0.125000
vt 0.718750 0.125000
vt 0.750000 0.562500
vt 0.718750 0.562500
vt 0.750000 0.062500
vt 0.718750 0.062500
vt 0.750000 0.500000
vt 0.718750 0.500000
vt 0.734375 1.000000
vt 0.734375 0.000000
vt 0.703125 1.000000
vt 0.687500 0.937500
vt 0.703125 0.000000
vt 0.687500 0.062500
vt 0.687500 0.500000
vt 0.687500 0.437500
vt 0.687500 0.875000
vt 0.687500 0.375000
vt 0.687500 0.812500
vt 0.687500 0.312500
vt 0.687500 0.750000
vt 0.687500 0.250000
vt 0.687500 0.687500
vt 0.687500 0.187500
vt 0.687500 0.625000
vt 0.687500 0.125000
vt 0.687500 0.562500
vt 0.656250 0.750000
vt 0.656250 0.687500
vt 0.656250 0.250000
vt 0.656250 0.187500
vt 0.656250 0.625000
vt 0.656250 0.125000
vt 0.656250 0.562500
vt 0.656250 0.062500
vt 0.656250 0.500000
vt 0.671875 1.000000
vt 0.656250 0.937500
vt 0.671875 0.000000
vt 0.656250 0.437500
vt 0.656250 0.875000
vt 0.656250 0.375000
vt 0.656250 0.812500
vt 0.656250 0.312500
vt 0.625000 0.500000
vt 0.625000 0.437500
vt 0.625000 0.937500
vt 0.625000 0.875000
vt 0.625000 0.375000
vt 0.625000 0.812500
vt 0.625000 0.312500
vt 0.625000 0.750000
vt 0.625000 0.250000
vt 0.625000 0.687500
vt 0.625000 0.187500
vt 0.625000 0.625000
vt 0.625000 0.125000
vt 0.625000 0.562500
vt 0.625000 0.062500
vt 0.640625 1.000000
vt 0.640625 0.000000
vt 0.593750 0.250000
vt 0.593750 0.187500
vt 0.593750 0.687500
vt 0.593750 0.625000
vt 0.593750 0.125000
vt 0.593750 0.562500
vt 0.593750 0.062500
vt 0.593750 0.500000
vt 0.609375 1.000000
vt 0.593750 0.937500
vt 0.609375 0.000000
vt 0.593750 0.437500
vt 0.593750 0.875000
vt 0.593750 0.375000
vt 0.593750 0.812500
vt 0.593750 0.312500
vt 0.593750 0.750000
vt 0.562500 0.937500
vt 0.562500 0.875000
vt 0.562500 0.437500
vt 0.562500 0.375000
vt 0.562500 0.812500
vt 0.562500 0.312500
vt 0.562500 0.750000
vt 0.562500 0.250000
vt 0.562500 0.687500
vt 0.562500 0.187500
vt 0.562500 0.625000
vt 0.562500 0.125000
vt 0.562500 0.562500
vt 0.562500 0.062500
vt 0.562500 0.500000
vt 0.578125 1.000000
vt 0.578125 0.000000
vt 0.531250 0.687500
vt 0.531250 0.625000
vt 0.531250 0.187500
vt 0.531250 0.125000
vt 0.531250 0.562500
vt 0.531250 0.062500
vt 0.531250 0.500000
vt 0.546875 1.000000
vt 0.531250 0.937500
vt 0.546875 0.000000
vt 0.531250 0.437500
vt 0.531250 0.875000
vt 0.531250 0.375000
vt 0.531250 0.812500
vt 0.531250 0.312500
vt 0.531250 0.750000
vt 0.531250 0.250000
vt 0.500000 0.437500
vt 0.500000 0.375000
vt 0.500000 0.875000
vt 0.500000 0.812500
vt 0.500000 0.312500
vt 0.500000 0.750000
vt 0.500000 0.250000
vt 0.500000 0.687500
vt 0.500000 0.187500
vt 0.500000 0.625000
vt 0.500000 0.125000
vt 0.500000 0.562500
vt 0.500000 0.062500
vt 0.500000 0.500000
vt 0.515625 1.000000
vt 0.500000 0.937500
vt 0.515625 0.000000
vt 0.468750 0.187500
vt 0.468750 0.125000
vt 0.468750 0.625000
vt 0.468750 0.562500
vt 0.468750 0.062500
vt 0.468750 0.500000
vt 0.484375 1.000000
vt 0.468750 0.937500
vt 0.484375 0.000000
vt 0.468750 0.437500
vt 0.468750 0.875000
vt 0.468750 0.375000
vt 0.468750 0.812500
vt 0.468750 0.312500
vt 0.468750 0.750000
vt 0.468750 0.250000
vt 0.468750 0.687500
vt 0.437500 0.375000
vt 0.437500 0.312500
vt 0.437500 0.812500
vt 0.437500 0.750000
vt 0.437500 0.250000
vt 0.437500 0.687500
vt 0.437500 0.187500
vt 0.437500 0.625000
vt 0.437500 0.125000
vt 0.437500 0.562500
vt 0.437500 0.062500
vt 0.437500 0.500000
vt 0.453125 1.000000
vt 0.437500 0.937500
vt 0.453125 0.000000
vt 0.437500 0.437500
vt 0.437500 0.875000
vt 0.406250 0.125000
vt 0.406250 0.062500
vt 0.406250 0.562500
vt 0.406250 0.500000
vt 0.421875 1.000000
vt 0.406250 0.937500
vt 0.421875 0.000000
vt 0.406250 0.437500
vt 0.406250 0.875000
vt 0.406250 0.375000
vt 0.406250 0.812500
vt 0.406250 0.312500
vt 0.406250 0.750000
vt 0.406250 0.250000
vt 0.406250 0.687500
vt 0.406250 0.187500
vt 0.406250 0.625000
vt 0.375000 0.812500
vt 0.375000 0.750000
vt 0.375000 0.312500
vt 0.375000 0.250000
vt 0.375000 0.687500
vt 0.375000 0.187500
vt 0.375000 0.625000
vt 0.375000 0.125000
vt 0.375000 0.562500
vt 0.375000 0.062500
vt 0.375000 0.500000
vt 0.390625 1.000000
vt 0.375000 0.937500
vt 0.390625 0.000000
vt 0.375000 0.437500
vt 0.375000 0.875000
vt 0.375000 0.375000
vt 0.343750 0.562500
vt 0.343750 0.500000
vt 0.359375 1.000000
vt 0.343750 0.937500
vt 0.359375 0.000000
vt 0.343750 0.062500
vt 0.343750 0.437500
vt 0.343750 0.875000
vt 0.343750 0.375000
vt 0.343750 0.812500
vt 0.343750 0.312500
vt 0.343750 0.750000
vt 0.343750 0.250000
vt 0.343750 0.687500
vt 0.343750 0.187500
vt 0.343750 0.625000
vt 0.343750 0.125000
vt 0.312500 0.312500
vt 0.312500 0.250000
vt 0.312500 0.750000
vt 0.312500 0.687500
vt 0.312500 0.187500
vt 0.312500 0.625000
vt 0.312500 0.125000
vt 0.312500 0.562500
vt 0.312500 0.062500
vt 0.312500 0.500000
vt 0.328125 1.000000
vt 0.312500 0.937500
vt 0.328125 0.000000
vt 0.312500 0.437500
vt 0.312500 0.875000
vt 0.312500 0.375000
vt 0.312500 0.812500
vt 0.296875 1.000000
vt 0.281250 0.937500
vt 0.296875 0.000000
vt 0.281250 0.062500
vt 0.281250 0.500000
vt 0.281250 0.437500
vt 0.281250 0.875000
vt 0.281250 0.375000
vt 0.281250 0.812500
vt 0.281250 0.312500
vt 0.281250 0.750000
vt 0.281250 0.250000
vt 0.281250 0.687500
vt 0.281250 0.187500
vt 0.281250 0.625000
vt 0.281250 0.125000
vt 0.281250 0.562500
vt 0.250000 0.750000
vt 0.250000 0.687500
vt 0.250000 0.250000
vt 0.250000 0.187500
vt 0.250000 0.625000
vt 0.250000 0.125000
vt 0.250000 0.562500
vt 0.250000 0.062500
vt 0.250000 0.500000
vt 0.265625 1.000000
vt 0.250000 0.937500
vt 0.265625 0.000000
vt 0.250000 0.437500
vt 0.250000 0.875000
vt 0.250000 0.375000
vt 0.250000 0.812500
vt 0.250000 0.312500
vt 0.218750 0.500000
vt 0.218750 0.437500
vt 0.218750 0.937500
vt 0.218750 0.875000
vt 0.218750 0.375000
vt 0.218750 0.812500
vt 0.218750 0.312500
vt 0.218750 0.750000
vt 0.218750 0.250000
vt 0.218750 0.687500
vt 0.218750 0.187500
vt 0.218750 0.625000
vt 0.218750 0.125000
vt 0.218750 0.562500
vt 0.218750 0.062500
vt 0.234375 1.000000
vt 0.234375 0.000000
vt 0.187500 0.250000
vt 0.187500 0.187500
vt 0.187500 0.687500
vt 0.187500 0.625000
vt 0.187500 0.125000
vt 0.187500 0.562500
vt 0.187500 0.062500
vt 0.187500 0.500000
vt 0.203125 1.000000
vt 0.187500 0.937500
vt 0.203125 0.000000
vt 0.187500 0.437500
vt 0.187500 0.875000
vt 0.187500 0.375000
vt 0.187500 0.812500
vt 0.187500 0.312500
vt 0.187500 0.750000
vt 0.156250 0.437500
vt 0.156250 0.375000
vt 0.156250 0.875000
vt 0.156250 0.812500
vt 0.156250 0.312500
vt 0.156250 0.750000
vt 0.156250 0.250000
vt 0.156250 0.687500
vt 0.156250 0.187500
vt 0.156250 0.625000
vt 0.156250 0.125000
vt 0.156250 0.562500
vt 0.156250 0.062500
vt 0.156250 0.500000
vt 0.171875 1.000000
vt 0.156250 0.937500
vt 0.171875 0.000000
vt 0.125000 0.187500
vt 0.125000 0.125000
vt 0.125000 0.625000
vt 0.125000 0.562500
vt 0.125000 0.062500
vt 0.125000 0.500000
vt 0.140625 1.000000
vt 0.125000 0.937500
vt 0.140625 0.000000
vt 0.125000 0.437500
vt 0.125000 0.875000
vt 0.125000 0.375000
vt 0.125000 0.812500
vt 0.125000 0.312500
vt 0.125000 0.750000
vt 0.125000 0.250000
vt 0.125000 0.687500
vt 0.093750 0.875000
vt 0.093750 0.812500
vt 0.093750 0.375000
vt 0.093750 0.312500
vt 0.093750 0.750000
vt 0.093750 0.250000
vt 0.093750 0.687500
vt 0.093750 0.187500
vt 0.093750 0.625000
vt 0.093750 0.125000
vt 0.093750 0.562500
vt 0.093750 0.062500
vt 0.093750 0.500000
vt 0.109375 1.000000
vt 0.093750 0.937500
vt 0.109375 0.000000
vt 0.093750 0.437500
vt 0.062500 0.625000
vt 0.062500 0.562500
vt 0.062500 0.125000
vt 0.062500 0.062500
vt 0.062500 0.500000
vt 0.078125 1.000000
vt 0.062500 0.937500
vt 0.078125 0.000000
vt 0.062500 0.437500
vt 0.062500 0.875000
vt 0.062500 0.375000
vt 0.062500 0.812500
vt 0.062500 0.312500
vt 0.062500 0.750000
vt 0.062500 0.250000
vt 0.062500 0.687500
vt 0.062500 0.187500
vt 0.031250 0.375000
vt 0.031250 0.312500
vt 0.031250 0.812500
vt 0.031250 0.750000
vt 0.031250 0.250000
vt 0.031250 0.687500
vt 0.031250 0.187500
vt 0.031250 0.625000
vt 0.031250 0.125000
vt 0.031250 0.562500
vt 0.031250 0.062500
vt 0.031250 0.500000
vt 0.046875 1.000000
vt 0.031250 0.937500
vt 0.046875 0.000000
vt 0.031250 0.437500
vt 0.031250 0.875000
vt 0.000000 0.125000
vt 0.000000 0.062500
vt 0.000000 0.562500
vt 0.000000 0.500000
vt 0.015625 1.000000
vt 0.000000 0.937500
vt 0.015625 0.000000
vt 0.000000 0.437500
vt 0.000000 0.875000
vt 0.000000 0.375000
vt 0.000000 0.812500
vt 0.000000 0.312500
vt 0.000000 0.750000
vt 0.000000 0.250000
vt 0.000000 0.687500
vt 0.000000 0.187500
vt 0.000000 0.625000
vt 1.000000 0.750000
vt 1.000000 0.812500
vt 0.968750 0.812500
vt 0.968750 0.750000
vt 1.000000 0.250000
vt 1.000000 0.312500
vt 0.968750 0.312500
vt 0.968750 0.250000
vt 1.000000 0.687500
vt 0.968750 0.687500
vt 1.000000 0.187500
vt 0.968750 0.187500
vt 1.000000 0.625000
vt 0.968750 0.625000
vt 1.000000 0.125000
vt 0.968750 0.125000
vt 1.000000 0.562500
vt 0.968750 0.562500
vt 1.000000 0.062500
vt 0.968750 0.062500
vt 1.000000 0.500000
vt 0.968750 0.500000
vt 1.000000 0.937500
vt 0.984375 1.000000
vt 0.968750 0.937500
vt 0.984375 0.000000
vt 1.000000 0.437500
vt 0.968750 0.437500
vt 1.000000 0.875000
vt 0.968750 0.875000
vt 1.000000 0.375000
vt 0.968750 0.375000
vt 0.937500 0.562500
vt 0.937500 0.500000
vt 0.953125 1.000000
vt 0.937500 0.937500
vt 0.953125 0.000000
vt 0.937500 0.062500
vt 0.937500 0.437500
vt 0.937500 0.875000
vt 0.937500 0.375000
vt 0.937500 0.812500
vt 0.937500 0.312500
vt 0.937500 0.750000
vt 0.937500 0.250000
vt 0.937500 0.687500
vt 0.937500 0.187500
vt 0.937500 0.625000
vt 0.937500 0.125000
vt 0.906250 0.312500
vt 0.906250 0.250000
vt 0.906250 0.750000
vt 0.906250 0.687500
vt 0.906250 0.187500
vt 0.906250 0.625000
vt 0.906250 0.125000
vt 0.906250 0.562500
vt 0.906250 0.062500
vt 0.906250 0.500000
vt 0.921875 1.000000
vt 0.906250 0.937500
vt 0.921875 0.000000
vt 0.906250 0.437500
vt 0.906250 0.875000
vt 0.906250 0.375000
vt 0.906250 0.812500
vt 0.890625 0.000000
vt 0.875000 0.062500
vt 0.875000 0.500000
vt 0.875000 0.437500
vt 0.875000 0.937500
vt 0.875000 0.875000
vt 0.875000 0.375000
vt 0.875000 0.812500
vt 0.875000 0.312500
vt 0.875000 0.750000
vt 0.875000 0.250000
vt 0.875000 0.687500
vt 0.875000 0.187500
vt 0.875000 0.625000
vt 0.875000 0.125000
vt 0.875000 0.562500
vt 0.890625 1.000000
vt 0.843750 0.250000
vt 0.843750 0.187500
vt 0.843750 0.687500
vt 0.843750 0.625000
vt 0.843750 0.125000
vt 0.843750 0.562500
vt 0.843750 0.062500
vt 0.843750 0.500000
vt 0.859375 1.000000
vt 0.843750 0.937500
vt 0.859375 0.000000
vt 0.843750 0.437500
vt 0.843750 0.875000
vt 0.843750 0.375000
vt 0.843750 0.812500
vt 0.843750 0.312500
vt 0.843750 0.750000
vt 0.812500 0.937500
vt 0.812500 0.875000
vt 0.812500 0.437500
vt 0.812500 0.375000
vt 0.812500 0.812500
vt 0.812500 0.312500
vt 0.812500 0.750000
vt 0.812500 0.250000
vt 0.812500 0.687500
vt 0.812500 0.187500
vt 0.812500 0.625000
vt 0.812500 0.125000
vt 0.812500 0.562500
vt 0.812500 0.062500
vt 0.812500 0.500000
vt 0.828125 1.000000
vt 0.828125 0.000000
vt 0.781250 0.687500
vt 0.781250 0.625000
vt 0.781250 0.187500
vt 0.781250 0.125000
vt 0.781250 0.562500
vt 0.781250 0.062500
vt 0.781250 0.500000
vt 0.796875 1.000000
vt 0.781250 0.937500
vt 0.796875 0.000000
vt 0.781250 0.437500
vt 0.781250 0.875000
vt 0.781250 0.375000
vt 0.781250 0.812500
vt 0.781250 0.312500
vt 0.781250 0.750000
vt 0.781250 0.250000
vt 0.765625 1.000000
vt 0.765625 0.000000
s 1
usemtl hair
f 2593/2489/2607 2592/2490/2606 2127/2491/2141 2128/2492/2142
f 2596/2493/2610 2124/2494/2138 2135/2495/2149 2136/2496/2150
f 2120/2497/2134 2593/2489/2607 2128/2492/2142 2129/2498/2143
f 2125/2499/2139 2596/2493/2610 2136/2496/2150 2137/2500/2151
f 2594/2501/2608 2120/2497/2134 2129/2498/2143 2130/2502/2144
f 2597/2503/2611 2125/2499/2139 2137/2500/2151 2138/2504/2152
f 2121/2505/2135 2594/2501/2608 2130/2502/2144 2131/2506/2145
f 2598/2507/2612 2597/2503/2611 2138/2504/2152 2139/2508/2153
f 2595/2509/2609 2121/2505/2135 2131/2506/2145 2132/2510/2146
f 2599/2511/2613 2598/2507/2612 2139/2508/2153 2140/2512/2154
f 2122/2513/2136 2595/2509/2609 2132/2510/2146 2133/2514/2147
f 2600/2515/2614 2599/2511/2613 2140/2512/2154 2141/2516/2155
f 2123/2517/2137 2122/2513/2136 2133/2514/2147 2134/2518/2148
f 2592/2490/2606 2119/2519/2133 2127/2491/2141
f 2126/2520/2140 2600/2515/2614 2141/2516/2155
f 2124/2494/2138 2123/2517/2137 2134/2518/2148 2135/2495/2149
f 2127/2491/2141 2119/2521/2133 2142/2522/2156
f 2126/2523/2140 2141/2516/2155 2156/2524/2170
f 2135/2495/2149 2134/2518/2148 2149/2525/2163 2150/2526/2164
f 2128/2492/2142 2127/2491/2141 2142/2522/2156 2143/2527/2157
f 2136/2496/2150 2135/2495/2149 2150/2526/2164 2151/2528/2165
f 2129/2498/2143 2128/2492/2142 2143/2527/2157 2144/2529/2158
f 2137/2500/2151 2136/2496/2150 2151/2528/2165 2152/2530/2166
f 2130/2502/2144 2129/2498/2143 2144/2529/2158 2145/2531/2159
f 2138/2504/2152 2137/2500/2151 2152/2530/2166 2153/2532/2167
f 2131/2506/2145 2130/2502/2144 2145/2531/2159 2146/2533/2160
f 2139/2508/2153 2138/2504/2152 2153/2532/2167 2154/2534/2168
f 2132/2510/2146 2131/2506/2145 2146/2533/2160 2147/2535/2161
f 2140/2512/2154 2139/2508/2153 2154/2534/2168 2155/2536/2169
f 2133/2514/2147 2132/2510/2146 2147/2535/2161 2148/2537/2162
f 2141/2516/2155 2140/2512/2154 2155/2536/2169 2156/2524/2170
f 2134/2518/2148 2133/2514/2147 2148/2537/2162 2149/2525/2163
f 2146/2533/2160 2145/2531/2159 2160/2538/2174 2161/2539/2175
f 2154/2534/2168 2153/2532/2167 2168/2540/2182 2169/2541/2183
f 2147/2535/2161 2146/2533/2160 2161/2539/2175 2162/2542/2176
f 2155/2536/2169 2154/2534/2168 2169/2541/2183 2170/2543/2184
f 2148/2537/2162 2147/2535/2161 2162/2542/2176 2163/2544/2177
f 2156/2524/2170 2155/2536/2169 2170/2543/2184 2171/2545/2185
f 2149/2525/2163 2148/2537/2162 2163/2544/2177 2164/2546/2178
f 2142/2522/2156 2119/2547/2133 2157/2548/2171
f 2126/2549/2140 2156/2524/2170 2171/2545/2185
f 2150/2526/2164 2149/2525/2163 2164/2546/2178 2165/2550/2179
f 2143/2527/2157 2142/2522/2156 2157/2548/2171 2158/2551/2172
f 2151/2528/2165 2150/2526/2164 2165/2550/2179 2166/2552/2180
f 2144/2529/2158 2143/2527/2157 2158/2551/2172 2159/2553/2173
f 2152/2530/2166 2151/2528/2165 2166/2552/2180 2167/2554/2181
f 2145/2531/2159 2144/2529/2158 2159/2553/2173 2160/2538/2174
f 2153/2532/2167 2152/2530/2166 2167/2554/2181 2168/2540/2182
f 2165/2550/2179 2164/2546/2178 2179/2555/2193 2180/2556/2194
f 2158/2551/2172 2157/2548/2171 2172/2557/2186 2173/2558/2187
f 2166/2552/2180 2165/2550/2179 2180/2556/2194 2181/2559/2195
f 2159/2553/2173 2158/2551/2172 2173/2558/2187 2174/2560/2188
f 2167/2554/2181 2166/2552/2180 2181/2559/2195 2182/2561/2196
f 2160/2538/2174 2159/2553/2173 2174/2560/2188 2175/2562/2189
f 2168/2540/2182 2167/2554/2181 2182/2561/2196 2183/2563/2197
f 2161/2539/2175 2160/2538/2174 2175/2562/2189 2176/2564/2190
f 2169/2541/2183 2168/2540/2182 2183/2563/2197 2184/2565/2198
f 2162/2542/2176 2161/2539/2175 2176/2564/2190 2177/2566/2191
f 2170/2543/2184 2169/2541/2183 2184/2565/2198 2185/2567/2199
f 2163/2544/2177 2162/2542/2176 2177/2566/2191 2178/2568/2192
f 2171/2545/2185 2170/2543/2184 2185/2567/2199 2186/2569/2200
f 2164/2546/2178 2163/2544/2177 2178/2568/2192 2179/2555/2193
f 2157/2548/2171 2119/2570/2133 2172/2557/2186
f 2126/2571/2140 2171/2545/2185 2186/2569/2200
f 2184/2565/2198 2183/2563/2197 2198/2572/2212 2199/2573/2213
f 2177/2566/2191 2176/2564/2190 2191/2574/2205 2192/2575/2206
f 2185/2567/2199 2184/2565/2198 2199/2573/2213 2200/2576/2214
f 2178/2568/2192 2177/2566/2191 2192/2575/2206 2193/2577/2207
f 2186/2569/2200 2185/2567/2199 2200/2576/2214 2201/2578/2215
f 2179/2555/2193 2178/2568/2192 2193/2577/2207 2194/2579/2208
f 2172/2557/2186 2119/2580/2133 2187/2581/2201
f 2126/2582/2140 2186/2569/2200 2201/2578/2215
f 2180/2556/2194 2179/2555/2193 2194/2579/2208 2195/2583/2209
f 2173/2558/2187 2172/2557/2186 2187/2581/2201 2188/2584/2202
f 2181/2559/2195 2180/2556/2194 2195/2583/2209 2196/2585/2210
f 2174/2560/2188 2173/2558/2187 2188/2584/2202 2189/2586/2203
f 2182/2561/2196 2181/2559/2195 2196/2585/2210 2197/2587/2211
f 2175/2562/2189 2174/2560/2188 2189/2586/2203 2190/2588/2204
f 2183/2563/2197 2182/2561/2196 2197/2587/2211 2198/2572/2212
f 2176/2564/2190 2175/2562/2189 2190/2588/2204 2191/2574/2205
f 2188/2584/2202 2187/2581/2201 2202/2589/2216 2203/2590/2217
f 2196/2585/2210 2195/2583/2209 2210/2591/2224 2211/2592/2225
f 2189/2586/2203 2188/2584/2202 2203/2590/2217 2204/2593/2218
f 2197/2587/2211 2196/2585/2210 2211/2592/2225 2212/2594/2226
f 2190/2588/2204 2189/2586/2203 2204/2593/2218 2205/2595/2219
f 2198/2572/2212 2197/2587/2211 2212/2594/2226 2213/2596/2227
f 2191/2574/2205 2190/2588/2204 2205/2595/2219 2206/2597/2220
f 2199/2573/2213 2198/2572/2212 2213/2596/2227 2214/2598/2228
f 2192/2575/2206 2191/2574/2205 2206/2597/2220 2207/2599/2221
f 2200/2576/2214 2199/2573/2213 2214/2598/2228 2215/2600/2229
f 2193/2577/2207 2192/2575/2206 2207/2599/2221 2208/2601/2222
f 2201/2578/2215 2200/2576/2214 2215/2600/2229 2216/2602/2230
f 2194/2579/2208 2193/2577/2207 2208/2601/2222 2209/2603/2223
f 2187/2581/2201 2119/2604/2133 2202/2589/2216
f 2126/2605/2140 2201/2578/2215 2216/2602/2230
f 2195/2583/2209 2194/2579/2208 2209/2603/2223 2210/2591/2224
f 2207/2599/2221 2206/2597/2220 2221/2606/2235 2222/2607/2236
f 2215/2600/2229 2214/2598/2228 2229/2608/2243 2230/2609/2244
f 2208/2601/2222 2207/2599/2221 2222/2607/2236 2223/2610/2237
f 2216/2602/2230 2215/2600/2229 2230/2609/2244 2231/2611/2245
f 2209/2603/2223 2208/2601/2222 2223/2610/2237 2224/2612/2238
f 2202/2589/2216 2119/2613/2133 2217/2614/2231
f 2126/2615/2140 2216/2602/2230 2231/2611/2245
f 2210/2591/2224 2209/2603/2223 2224/2612/2238 2225/2616/2239
f 2203/2590/2217 2202/2589/2216 2217/2614/2231 2218/2617/2232
f 2211/2592/2225 2210/2591/2224 2225/2616/2239 2226/2618/2240
f 2204/2593/2218 2203/2590/2217 2218/2617/2232 2219/2619/2233
f 2212/2594/2226 2211/2592/2225 2226/2618/2240 2227/2620/2241
f 2205/2595/2219 2204/2593/2218 2219/2619/2233 2220/2621/2234
f 2213/2596/2227 2212/2594/2226 2227/2620/2241 2228/2622/2242
f 2206/2597/2220 2205/2595/2219 2220/2621/2234 2221/2606/2235
f 2214/2598/2228 2213/2596/2227 2228/2622/2242 2229/2608/2243
f 2226/2618/2240 2225/2616/2239 2240/2623/2254 2241/2624/2255
f 2219/2619/2233 2218/2617/2232 2233/2625/2247 2234/2626/2248
f 2227/2620/2241 2226/2618/2240 2241/2624/2255 2242/2627/2256
f 2220/2621/2234 2219/2619/2233 2234/2626/2248 2235/2628/2249
f 2228/2622/2242 2227/2620/2241 2242/2627/2256 2243/2629/2257
f 2221/2606/2235 2220/2621/2234 2235/2628/2249 2236/2630/2250
f 2229/2608/2243 2228/2622/2242 2243/2629/2257 2244/2631/2258
f 2222/2607/2236 2221/2606/2235 2236/2630/2250 2237/2632/2251
f 2230/2609/2244 2229/2608/2243 2244/2631/2258 2245/2633/2259
f 2223/2610/2237 2222/2607/2236 2237/2632/2251 2238/2634/2252
f 2231/2611/2245 2230/2609/2244 2245/2633/2259 2246/2635/2260
f 2224/2612/2238 2223/2610/2237 2238/2634/2252 2239/2636/2253
f 2217/2614/2231 2119/2637/2133 2232/2638/2246
f 2126/2639/2140 2231/2611/2245 2246/2635/2260
f 2225/2616/2239 2224/2612/2238 2239/2636/2253 2240/2623/2254
f 2218/2617/2232 2217/2614/2231 2232/2638/2246 2233/2625/2247
f 2245/2633/2259 2244/2631/2258 2259/2640/2273 2260/2641/2274
f 2238/2634/2252 2237/2632/2251 2252/2642/2266 2253/2643/2267
f 2246/2635/2260 2245/2633/2259 2260/2641/2274 2261/2644/2275
f 2239/2636/2253 2238/2634/2252 2253/2643/2267 2254/2645/2268
f 2232/2638/2246 2119/2646/2133 2247/2647/2261
f 2126/2648/2140 2246/2635/2260 2261/2644/2275
f 2240/2623/2254 2239/2636/2253 2254/2645/2268 2255/2649/2269
f 2233/2625/2247 2232/2638/2246 2247/2647/2261 2248/2650/2262
f 2241/2624/2255 2240/2623/2254 2255/2649/2269 2256/2651/2270
f 2234/2626/2248 2233/2625/2247 2248/2650/2262 2249/2652/2263
f 2242/2627/2256 2241/2624/2255 2256/2651/2270 2257/2653/2271
f 2235/2628/2249 2234/2626/2248 2249/2652/2263 2250/2654/2264
f 2243/2629/2257 2242/2627/2256 2257/2653/2271 2258/2655/2272
f 2236/2630/2250 2235/2628/2249 2250/2654/2264 2251/2656/2265
f 2244/2631/2258 2243/2629/2257 2258/2655/2272 2259/2640/2273
f 2237/2632/2251 2236/2630/2250 2251/2656/2265 2252/2642/2266
f 2257/2653/2271 2256/2651/2270 2271/2657/2285 2272/2658/2286
f 2250/2654/2264 2249/2652/2263 2264/2659/2278 2265/2660/2279
f 2258/2655/2272 2257/2653/2271 2272/2658/2286 2273/2661/2287
f 2251/2656/2265 2250/2654/2264 2265/2660/2279 2266/2662/2280
f 2259/2640/2273 2258/2655/2272 2273/2661/2287 2274/2663/2288
f 2252/2642/2266 2251/2656/2265 2266/2662/2280 2267/2664/2281
f 2260/2641/2274 2259/2640/2273 2274/2663/2288 2275/2665/2289
f 2253/2643/2267 2252/2642/2266 2267/2664/2281 2268/2666/2282
f 2261/2644/2275 2260/2641/2274 2275/2665/2289 2276/2667/2290
f 2254/2645/2268 2253/2643/2267 2268/2666/2282 2269/2668/2283
f 2247/2647/2261 2119/2669/2133 2262/2670/2276
f 2126/2671/2140 2261/2644/2275 2276/2667/2290
f 2255/2649/2269 2254/2645/2268 2269/2668/2283 2270/2672/2284
f 2248/2650/2262 2247/2647/2261 2262/2670/2276 2263/2673/2277
f 2256/2651/2270 2255/2649/2269 2270/2672/2284 2271/2657/2285
f 2249/2652/2263 2248/2650/2262 2263/2673/2277 2264/2659/2278
f 2276/2667/2290 2275/2665/2289 2290/2674/2304 2291/2675/2305
f 2269/2668/2283 2268/2666/2282 2283/2676/2297 2284/2677/2298
f 2262/2670/2276 2119/2678/2133 2277/2679/2291
f 2126/2680/2140 2276/2667/2290 2291/2675/2305
f 2270/2672/2284 2269/2668/2283 2284/2677/2298 2285/2681/2299
f 2263/2673/2277 2262/2670/2276 2277/2679/2291 2278/2682/2292
f 2271/2657/2285 2270/2672/2284 2285/2681/2299 2286/2683/2300
f 2264/2659/2278 2263/2673/2277 2278/2682/2292 2279/2684/2293
f 2272/2658/2286 2271/2657/2285 2286/2683/2300 2287/2685/2301
f 2265/2660/2279 2264/2659/2278 2279/2684/2293 2280/2686/2294
f 2273/2661/2287 2272/2658/2286 2287/2685/2301 2288/2687/2302
f 2266/2662/2280 2265/2660/2279 2280/2686/2294 2281/2688/2295
f 2274/2663/2288 2273/2661/2287 2288/2687/2302 2289/2689/2303
f 2267/2664/2281 2266/2662/2280 2281/2688/2295 2282/2690/2296
f 2275/2665/2289 2274/2663/2288 2289/2689/2303 2290/2674/2304
f 2268/2666/2282 2267/2664/2281 2282/2690/2296 2283/2676/2297
f 2280/2686/2294 2279/2684/2293 2294/2691/2308 2295/2692/2309
f 2288/2687/2302 2287/2685/2301 2302/2693/2316 2303/2694/2317
f 2281/2688/2295 2280/2686/2294 2295/2692/2309 2296/2695/2310
f 2289/2689/2303 2288/2687/2302 2303/2694/2317 2304/2696/2318
f 2282/2690/2296 2281/2688/2295 2296/2695/2310 2297/2697/2311
f 2290/2674/2304 2289/2689/2303 2304/2696/2318 2305/2698/2319
f 2283/2676/2297 2282/2690/2296 2297/2697/2311 2298/2699/2312
f 2291/2675/2305 2290/2674/2304 2305/2698/2319 2306/2700/2320
f 2284/2677/2298 2283/2676/2297 2298/2699/2312 2299/2701/2313
f 2277/2679/2291 2119/2702/2133 2292/2703/2306
f 2126/2704/2140 2291/2675/2305 2306/2700/2320
f 2285/2681/2299 2284/2677/2298 2299/2701/2313 2300/2705/2314
f 2278/2682/2292 2277/2679/2291 2292/2703/2306 2293/2706/2307
f 2286/2683/2300 2285/2681/2299 2300/2705/2314 2301/2707/2315
f 2279/2684/2293 2278/2682/2292 2293/2706/2307 2294/2691/2308
f 2287/2685/2301 2286/2683/2300 2301/2707/2315 2302/2693/2316
f 2299/2701/2313 2298/2699/2312 2313/2708/2327 2314/2709/2328
f 2292/2703/2306 2119/2710/2133 2307/2711/2321
f 2126/2712/2140 2306/2700/2320 2321/2713/2335
f 2300/2705/2314 2299/2701/2313 2314/2709/2328 2315/2714/2329
f 2293/2706/2307 2292/2703/2306 2307/2711/2321 2308/2715/2322
f 2301/2707/2315 2300/2705/2314 2315/2714/2329 2316/2716/2330
f 2294/2691/2308 2293/2706/2307 2308/2715/2322 2309/2717/2323
f 2302/2693/2316 2301/2707/2315 2316/2716/2330 2317/2718/2331
f 2295/2692/2309 2294/2691/2308 2309/2717/2323 2310/2719/2324
f 2303/2694/2317 2302/2693/2316 2317/2718/2331 2318/2720/2332
f 2296/2695/2310 2295/2692/2309 2310/2719/2324 2311/2721/2325
f 2304/2696/2318 2303/2694/2317 2318/2720/2332 2319/2722/2333
f 2297/2697/2311 2296/2695/2310 2311/2721/2325 2312/2723/2326
f 2305/2698/2319 2304/2696/2318 2319/2722/2333 2320/2724/2334
f 2298/2699/2312 2297/2697/2311 2312/2723/2326 2313/2708/2327
f 2306/2700/2320 2305/2698/2319 2320/2724/2334 2321/2713/2335
f 2318/2720/2332 2317/2718/2331 2332/2725/2346 2333/2726/2347
f 2311/2721/2325 2310/2719/2324 2325/2727/2339 2326/2728/2340
f 2319/2722/2333 2318/2720/2332 2333/2726/2347 2334/2729/2348
f 2312/2723/2326 2311/2721/2325 2326/2728/2340 2327/2730/2341
f 2320/2724/2334 2319/2722/2333 2334/2729/2348 2335/2731/2349
f 2313/2708/2327 2312/2723/2326 2327/2730/2341 2328/2732/2342
f 2321/2713/2335 2320/2724/2334 2335/2731/2349 2336/2733/2350
f 2314/2709/2328 2313/2708/2327 2328/2732/2342 2329/2734/2343
f 2307/2711/2321 2119/2735/2133 2322/2736/2336
f 2126/2737/2140 2321/2713/2335 2336/2733/2350
f 2315/2714/2329 2314/2709/2328 2329/2734/2343 2330/2738/2344
f 2308/2715/2322 2307/2711/2321 2322/2736/2336 2323/2739/2337
f 2316/2716/2330 2315/2714/2329 2330/2738/2344 2331/2740/2345
f 2309/2717/2323 2308/2715/2322 2323/2739/2337 2324/2741/2338
f 2317/2718/2331 2316/2716/2330 2331/2740/2345 2332/2725/2346
f 2310/2719/2324 2309/2717/2323 2324/2741/2338 2325/2727/2339
f 2322/2736/2336 2119/2742/2133 2337/2743/2351
f 2126/2744/2140 2336/2733/2350 2351/2745/2365
f 2330/2738/2344 2329/2734/2343 2344/2746/2358 2345/2747/2359
f 2323/2739/2337 2322/2736/2336 2337/2743/2351 2338/2748/2352
f 2331/2740/2345 2330/2738/2344 2345/2747/2359 2346/2749/2360
f 2324/2741/2338 2323/2739/2337 2338/2748/2352 2339/2750/2353
f 2332/2725/2346 2331/2740/2345 2346/2749/2360 2347/2751/2361
f 2325/2727/2339 2324/2741/2338 2339/2750/2353 2340/2752/2354
f 2333/2726/2347 2332/2725/2346 2347/2751/2361 2348/2753/2362
f 2326/2728/2340 2325/2727/2339 2340/2752/2354 2341/2754/2355
f 2334/2729/2348 2333/2726/2347 2348/2753/2362 2349/2755/2363
f 2327/2730/2341 2326/2728/2340 2341/2754/2355 2342/2756/2356
f 2335/2731/2349 2334/2729/2348 2349/2755/2363 2350/2757/2364
f 2328/2732/2342 2327/2730/2341 2342/2756/2356 2343/2758/2357
f 2336/2733/2350 2335/2731/2349 2350/2757/2364 2351/2745/2365
f 2329/2734/2343 2328/2732/2342 2343/2758/2357 2344/2746/2358
f 2341/2754/2355 2340/2752/2354 2355/2759/2369 2356/2760/2370
f 2349/2755/2363 2348/2753/2362 2363/2761/2377 2364/2762/2378
f 2342/2756/2356 2341/2754/2355 2356/2760/2370 2357/2763/2371
f 2350/2757/2364 2349/2755/2363 2364/2762/2378 2365/2764/2379
f 2343/2758/2357 2342/2756/2356 2357/2763/2371 2358/2765/2372
f 2351/2745/2365 2350/2757/2364 2365/2764/2379 2366/2766/2380
f 2344/2746/2358 2343/2758/2357 2358/2765/2372 2359/2767/2373
f 2337/2743/2351 2119/2768/2133 2352/2769/2366
f 2126/2770/2140 2351/2745/2365 2366/2766/2380
f 2345/2747/2359 2344/2746/2358 2359/2767/2373 2360/2771/2374
f 2338/2748/2352 2337/2743/2351 2352/2769/2366 2353/2772/2367
f 2346/2749/2360 2345/2747/2359 2360/2771/2374 2361/2773/2375
f 2339/2750/2353 2338/2748/2352 2353/2772/2367 2354/2774/2368
f 2347/2751/2361 2346/2749/2360 2361/2773/2375 2362/2775/2376
f 2340/2752/2354 2339/2750/2353 2354/2774/2368 2355/2759/2369
f 2348/2753/2362 2347/2751/2361 2362/2775/2376 2363/2761/2377
f 2360/2771/2374 2359/2767/2373 2374/2776/2388 2375/2777/2389
f 2353/2772/2367 2352/2769/2366 2367/2778/2381 2368/2779/2382
f 2361/2773/2375 2360/2771/2374 2375/2777/2389 2376/2780/2390
f 2354/2774/2368 2353/2772/2367 2368/2779/2382 2369/2781/2383
f 2362/2775/2376 2361/2773/2375 2376/2780/2390 2377/2782/2391
f 2355/2759/2369 2354/2774/2368 2369/2781/2383 2370/2783/2384
f 2363/2761/2377 2362/2775/2376 2377/2782/2391 2378/2784/2392
f 2356/2760/2370 2355/2759/2369 2370/2783/2384 2371/2785/2385
f 2364/2762/2378 2363/2761/2377 2378/2784/2392 2379/2786/2393
f 2357/2763/2371 2356/2760/2370 2371/2785/2385 2372/2787/2386
f 2365/2764/2379 2364/2762/2378 2379/2786/2393 2380/2788/2394
f 2358/2765/2372 2357/2763/2371 2372/2787/2386 2373/2789/2387
f 2366/2766/2380 2365/2764/2379 2380/2788/2394 2381/2790/2395
f 2359/2767/2373 2358/2765/2372 2373/2789/2387 2374/2776/2388
f 2352/2769/2366 2119/2791/2133 2367/2778/2381
f 2126/2792/2140 2366/2766/2380 2381/2790/2395
f 2379/2786/2393 2378/2784/2392 2393/2793/2407 2394/2794/2408
f 2372/2787/2386 2371/2785/2385 2386/2795/2400 2387/2796/2401
f 2380/2788/2394 2379/2786/2393 2394/2794/2408 2395/2797/2409
f 2373/2789/2387 2372/2787/2386 2387/2796/2401 2388/2798/2402
f 2381/2790/2395 2380/2788/2394 2395/2797/2409 2396/2799/2410
f 2374/2776/2388 2373/2789/2387 2388/2798/2402 2389/2800/2403
f 2367/2778/2381 2119/2801/2133 2382/2802/2396
f 2126/2803/2140 2381/2790/2395 2396/2799/2410
f 2375/2777/2389 2374/2776/2388 2389/2800/2403 2390/2804/2404
f 2368/2779/2382 2367/2778/2381 2382/2802/2396 2383/2805/2397
f 2376/2780/2390 2375/2777/2389 2390/2804/2404 2391/2806/2405
f 2369/2781/2383 2368/2779/2382 2383/2805/2397 2384/2807/2398
f 2377/2782/2391 2376/2780/2390 2391/2806/2405 2392/2808/2406
f 2370/2783/2384 2369/2781/2383 2384/2807/2398 2385/2809/2399
f 2378/2784/2392 2377/2782/2391 2392/2808/2406 2393/2793/2407
f 2371/2785/2385 2370/2783/2384 2385/2809/2399 2386/2795/2400
f 2391/2806/2405 2390/2804/2404 2405/2810/2419 2406/2811/2420
f 2384/2807/2398 2383/2805/2397 2398/2812/2412 2399/2813/2413
f 2392/2808/2406 2391/2806/2405 2406/2811/2420 2407/2814/2421
f 2385/2809/2399 2384/2807/2398 2399/2813/2413 2400/2815/2414
f 2393/2793/2407 2392/2808/2406 2407/2814/2421 2408/2816/2422
f 2386/2795/2400 2385/2809/2399 2400/2815/2414 2401/2817/2415
f 2394/2794/2408 2393/2793/2407 2408/2816/2422 2409/2818/2423
f 2387/2796/2401 2386/2795/2400 2401/2817/2415 2402/2819/2416
f 2395/2797/2409 2394/2794/2408 2409/2818/2423 2410/2820/2424
f 2388/2798/2402 2387/2796/2401 2402/2819/2416 2403/2821/2417
f 2396/2799/2410 2395/2797/2409 2410/2820/2424 2411/2822/2425
f 2389/2800/2403 2388/2798/2402 2403/2821/2417 2404/2823/2418
f 2382/2802/2396 2119/2824/2133 2397/2825/2411
f 2126/2826/2140 2396/2799/2410 2411/2822/2425
f 2390/2804/2404 2389/2800/2403 2404/2823/2418 2405/2810/2419
f 2383/2805/2397 2382/2802/2396 2397/2825/2411 2398/2812/2412
f 2410/2820/2424 2409/2818/2423 2424/2827/2438 2425/2828/2439
f 2403/2821/2417 2402/2819/2416 2417/2829/2431 2418/2830/2432
f 2411/2822/2425 2410/2820/2424 2425/2828/2439 2426/2831/2440
f 2404/2823/2418 2403/2821/2417 2418/2830/2432 2419/2832/2433
f 2397/2825/2411 2119/2833/2133 2412/2834/2426
f 2126/2835/2140 2411/2822/2425 2426/2831/2440
f 2405/2810/2419 2404/2823/2418 2419/2832/2433 2420/2836/2434
f 2398/2812/2412 2397/2825/2411 2412/2834/2426 2413/2837/2427
f 2406/2811/2420 2405/2810/2419 2420/2836/2434 2421/2838/2435
f 2399/2813/2413 2398/2812/2412 2413/2837/2427 2414/2839/2428
f 2407/2814/2421 2406/2811/2420 2421/2838/2435 2422/2840/2436
f 2400/2815/2414 2399/2813/2413 2414/2839/2428 2415/2841/2429
f 2408/2816/2422 2407/2814/2421 2422/2840/2436 2423/2842/2437
f 2401/2817/2415 2400/2815/2414 2415/2841/2429 2416/2843/2430
f 2409/2818/2423 2408/2816/2422 2423/2842/2437 2424/2827/2438
f 2402/2819/2416 2401/2817/2415 2416/2843/2430 2417/2829/2431
f 2414/2839/2428 2413/2837/2427 2428/2844/2442 2429/2845/2443
f 2422/2840/2436 2421/2838/2435 2436/2846/2450 2437/2847/2451
f 2415/2841/2429 2414/2839/2428 2429/2845/2443 2430/2848/2444
f 2423/2842/2437 2422/2840/2436 2437/2847/2451 2438/2849/2452
f 2416/2843/2430 2415/2841/2429 2430/2848/2444 2431/2850/2445
f 2424/2827/2438 2423/2842/2437 2438/2849/2452 2439/2851/2453
f 2417/2829/2431 2416/2843/2430 2431/2850/2445 2432/2852/2446
f 2425/2828/2439 2424/2827/2438 2439/2851/2453 2440/2853/2454
f 2418/2830/2432 2417/2829/2431 2432/2852/2446 2433/2854/2447
f 2426/2831/2440 2425/2828/2439 2440/2853/2454 2441/2855/2455
f 2419/2832/2433 2418/2830/2432 2433/2854/2447 2434/2856/2448
f 2412/2834/2426 2119/2857/2133 2427/2858/2441
f 2126/2859/2140 2426/2831/2440 2441/2855/2455
f 2420/2836/2434 2419/2832/2433 2434/2856/2448 2435/2860/2449
f 2413/2837/2427 2412/2834/2426 2427/2858/2441 2428/2844/2442
f 2421/2838/2435 2420/2836/2434 2435/2860/2449 2436/2846/2450
f 2433/2854/2447 2432/2852/2446 2447/2861/2461 2448/2862/2462
f 2441/2855/2455 2440/2853/2454 2455/2863/2469 2456/2864/2470
f 2434/2856/2448 2433/2854/2447 2448/2862/2462 2449/2865/2463
f 2427/2858/2441 2119/2866/2133 2442/2867/2456
f 2126/2868/2140 2441/2855/2455 2456/2864/2470
f 2435/2860/2449 2434/2856/2448 2449/2865/2463 2450/2869/2464
f 2428/2844/2442 2427/2858/2441 2442/2867/2456 2443/2870/2457
f 2436/2846/2450 2435/2860/2449 2450/2869/2464 2451/2871/2465
f 2429/2845/2443 2428/2844/2442 2443/2870/2457 2444/2872/2458
f 2437/2847/2451 2436/2846/2450 2451/2871/2465 2452/2873/2466
f 2430/2848/2444 2429/2845/2443 2444/2872/2458 2445/2874/2459
f 2438/2849/2452 2437/2847/2451 2452/2873/2466 2453/2875/2467
f 2431/2850/2445 2430/2848/2444 2445/2874/2459 2446/2876/2460
f 2439/2851/2453 2438/2849/2452 2453/2875/2467 2454/2877/2468
f 2432/2852/2446 2431/2850/2445 2446/2876/2460 2447/2861/2461
f 2440/2853/2454 2439/2851/2453 2454/2877/2468 2455/2863/2469
f 2452/2873/2466 2451/2871/2465 2466/2878/2480 2467/2879/2481
f 2445/2874/2459 2444/2872/2458 2459/2880/2473 2460/2881/2474
f 2453/2875/2467 2452/2873/2466 2467/2879/2481 2468/2882/2482
f 2446/2876/2460 2445/2874/2459 2460/2881/2474 2461/2883/2475
f 2454/2877/2468 2453/2875/2467 2468/2882/2482 2469/2884/2483
f 2447/2861/2461 2446/2876/2460 2461/2883/2475 2462/2885/2476
f 2455/2863/2469 2454/2877/2468 2469/2884/2483 2470/2886/2484
f 2448/2862/2462 2447/2861/2461 2462/2885/2476 2463/2887/2477
f 2456/2864/2470 2455/2863/2469 2470/2886/2484 2471/2888/2485
f 2449/2865/2463 2448/2862/2462 2463/2887/2477 2464/2889/2478
f 2442/2867/2456 2119/2890/2133 2457/2891/2471
f 2126/2892/2140 2456/2864/2470 2471/2888/2485
f 2450/2869/2464 2449/2865/2463 2464/2889/2478 2465/2893/2479
f 2443/2870/2457 2442/2867/2456 2457/2891/2471 2458/2894/2472
f 2451/2871/2465 2450/2869/2464 2465/2893/2479 2466/2878/2480
f 2444/2872/2458 2443/2870/2457 2458/2894/2472 2459/2880/2473
f 2471/2888/2485 2470/2886/2484 2485/2895/2499 2486/2896/2500
f 2464/2889/2478 2463/2887/2477 2478/2897/2492 2479/2898/2493
f 2457/2891/2471 2119/2899/2133 2472/2900/2486
f 2126/2901/2140 2471/2888/2485 2486/2896/2500
f 2465/2893/2479 2464/2889/2478 2479/2898/2493 2480/2902/2494
f 2458/2894/2472 2457/2891/2471 2472/2900/2486 2473/2903/2487
f 2466/2878/2480 2465/2893/2479 2480/2902/2494 2481/2904/2495
f 2459/2880/2473 2458/2894/2472 2473/2903/2487 2474/2905/2488
f 2467/2879/2481 2466/2878/2480 2481/2904/2495 2482/2906/2496
f 2460/2881/2474 2459/2880/2473 2474/2905/2488 2475/2907/2489
f 2468/2882/2482 2467/2879/2481 2482/2906/2496 2483/2908/2497
f 2461/2883/2475 2460/2881/2474 2475/2907/2489 2476/2909/2490
f 2469/2884/2483 2468/2882/2482 2483/2908/2497 2484/2910/2498
f 2462/2885/2476 2461/2883/2475 2476/2909/2490 2477/2911/2491
f 2470/2886/2484 2469/2884/2483 2484/2910/2498 2485/2895/2499
f 2463/2887/2477 2462/2885/2476 2477/2911/2491 2478/2897/2492
f 2475/2912/2489 2474/2913/2488 2489/2914/2503 2490/2915/2504
f 2483/2916/2497 2482/2917/2496 2497/2918/2511 2498/2919/2512
f 2476/2920/2490 2475/2912/2489 2490/2915/2504 2491/2921/2505
f 2484/2922/2498 2483/2916/2497 2498/2919/2512 2499/2923/2513
f 2477/2924/2491 2476/2920/2490 2491/2921/2505 2492/2925/2506
f 2485/2926/2499 2484/2922/2498 2499/2923/2513 2500/2927/2514
f 2478/2928/2492 2477/2924/2491 2492/2925/2506 2493/2929/2507
f 2486/2930/2500 2485/2926/2499 2500/2927/2514 2501/2931/2515
f 2479/2932/2493 2478/2928/2492 2493/2929/2507 2494/2933/2508
f 2472/2934/2486 2119/2935/2133 2487/2936/2501
f 2126/2937/2140 2486/2930/2500 2501/2931/2515
f 2480/2938/2494 2479/2932/2493 2494/2933/2508 2495/2939/2509
f 2473/2940/2487 2472/2934/2486 2487/2936/2501 2488/2941/2502
f 2481/2942/2495 2480/2938/2494 2495/2939/2509 2496/2943/2510
f 2474/2913/2488 2473/2940/2487 2488/2941/2502 2489/2914/2503
f 2482/2917/2496 2481/2942/2495 2496/2943/2510 2497/2918/2511
f 2494/2933/2508 2493/2929/2507 2508/2944/2522 2509/2945/2523
f 2487/2936/2501 2119/2946/2133 2502/2947/2516
f 2126/2948/2140 2501/2931/2515 2516/2949/2530
f 2495/2939/2509 2494/2933/2508 2509/2945/2523 2510/2950/2524
f 2488/2941/2502 2487/2936/2501 2502/2947/2516 2503/2951/2517
f 2496/2943/2510 2495/2939/2509 2510/2950/2524 2511/2952/2525
f 2489/2914/2503 2488/2941/2502 2503/2951/2517 2504/2953/2518
f 2497/2918/2511 2496/2943/2510 2511/2952/2525 2512/2954/2526
f 2490/2915/2504 2489/2914/2503 2504/2953/2518 2505/2955/2519
f 2498/2919/2512 2497/2918/2511 2512/2954/2526 2513/2956/2527
f 2491/2921/2505 2490/2915/2504 2505/2955/2519 2506/2957/2520
f 2499/2923/2513 2498/2919/2512 2513/2956/2527 2514/2958/2528
f 2492/2925/2506 2491/2921/2505 2506/2957/2520 2507/2959/2521
f 2500/2927/2514 2499/2923/2513 2514/2958/2528 2515/2960/2529
f 2493/2929/2507 2492/2925/2506 2507/2959/2521 2508/2944/2522
f 2501/2931/2515 2500/2927/2514 2515/2960/2529 2516/2949/2530
f 2513/2956/2527 2512/2954/2526 2527/2961/2541 2528/2962/2542
f 2506/2957/2520 2505/2955/2519 2520/2963/2534 2521/2964/2535
f 2514/2958/2528 2513/2956/2527 2528/2962/2542 2529/2965/2543
f 2507/2959/2521 2506/2957/2520 2521/2964/2535 2522/2966/2536
f 2515/2960/2529 2514/2958/2528 2529/2965/2543 2530/2967/2544
f 2508/2944/2522 2507/2959/2521 2522/2966/2536 2523/2968/2537
f 2516/2949/2530 2515/2960/2529 2530/2967/2544 2531/2969/2545
f 2509/2945/2523 2508/2944/2522 2523/2968/2537 2524/2970/2538
f 2502/2947/2516 2119/2971/2133 2517/2972/2531
f 2126/2973/2140 2516/2949/2530 2531/2969/2545
f 2510/2950/2524 2509/2945/2523 2524/2970/2538 2525/2974/2539
f 2503/2951/2517 2502/2947/2516 2517/2972/2531 2518/2975/2532
f 2511/2952/2525 2510/2950/2524 2525/2974/2539 2526/2976/2540
f 2504/2953/2518 2503/2951/2517 2518/2975/2532 2519/2977/2533
f 2512/2954/2526 2511/2952/2525 2526/2976/2540 2527/2961/2541
f 2505/2955/2519 2504/2953/2518 2519/2977/2533 2520/2963/2534
f 2126/2978/2140 2531/2969/2545 2546/2979/2560
f 2525/2974/2539 2524/2970/2538 2539/2980/2553 2540/2981/2554
f 2518/2975/2532 2517/2972/2531 2532/2982/2546 2533/2983/2547
f 2526/2976/2540 2525/2974/2539 2540/2981/2554 2541/2984/2555
f 2519/2977/2533 2518/2975/2532 2533/2983/2547 2534/2985/2548
f 2527/2961/2541 2526/2976/2540 2541/2984/2555 2542/2986/2556
f 2520/2963/2534 2519/2977/2533 2534/2985/2548 2535/2987/2549
f 2528/2962/2542 2527/2961/2541 2542/2986/2556 2543/2988/2557
f 2521/2964/2535 2520/2963/2534 2535/2987/2549 2536/2989/2550
f 2529/2965/2543 2528/2962/2542 2543/2988/2557 2544/2990/2558
f 2522/2966/2536 2521/2964/2535 2536/2989/2550 2537/2991/2551
f 2530/2967/2544 2529/2965/2543 2544/2990/2558 2545/2992/2559
f 2523/2968/2537 2522/2966/2536 2537/2991/2551 2538/2993/2552
f 2531/2969/2545 2530/2967/2544 2545/2992/2559 2546/2979/2560
f 2524/2970/2538 2523/2968/2537 2538/2993/2552 2539/2980/2553
f 2517/2972/2531 2119/2994/2133 2532/2982/2546
f 2544/2990/2558 2543/2988/2557 2558/2995/2572 2559/2996/2573
f 2537/2991/2551 2536/2989/2550 2551/2997/2565 2552/2998/2566
f 2545/2992/2559 2544/2990/2558 2559/2996/2573 2560/2999/2574
f 2538/2993/2552 2537/2991/2551 2552/2998/2566 2553/3000/2567
f 2546/2979/2560 2545/2992/2559 2560/2999/2574 2561/3001/2575
f 2539/2980/2553 2538/2993/2552 2553/3000/2567 2554/3002/2568
f 2532/2982/2546 2119/3003/2133 2547/3004/2561
f 2126/3005/2140 2546/2979/2560 2561/3001/2575
f 2540/2981/2554 2539/2980/2553 2554/3002/2568 2555/3006/2569
f 2533/2983/2547 2532/2982/2546 2547/3004/2561 2548/3007/2562
f 2541/2984/2555 2540/2981/2554 2555/3006/2569 2556/3008/2570
f 2534/2985/2548 2533/2983/2547 2548/3007/2562 2549/3009/2563
f 2542/2986/2556 2541/2984/2555 2556/3008/2570 2557/3010/2571
f 2535/2987/2549 2534/2985/2548 2549/3009/2563 2550/3011/2564
f 2543/2988/2557 2542/2986/2556 2557/3010/2571 2558/2995/2572
f 2536/2989/2550 2535/2987/2549 2550/3011/2564 2551/2997/2565
f 2548/3007/2562 2547/3004/2561 2562/3012/2576 2563/3013/2577
f 2556/3008/2570 2555/3006/2569 2570/3014/2584 2571/3015/2585
f 2549/3009/2563 2548/3007/2562 2563/3013/2577 2564/3016/2578
f 2557/3010/2571 2556/3008/2570 2571/3015/2585 2572/3017/2586
f 2550/3011/2564 2549/3009/2563 2564/3016/2578 2565/3018/2579
f 2558/2995/2572 2557/3010/2571 2572/3017/2586 2573/3019/2587
f 2551/2997/2565 2550/3011/2564 2565/3018/2579 2566/3020/2580
f 2559/2996/2573 2558/2995/2572 2573/3019/2587 2574/3021/2588
f 2552/2998/2566 2551/2997/2565 2566/3020/2580 2567/3022/2581
f 2560/2999/2574 2559/2996/2573 2574/3021/2588 2575/3023/2589
f 2553/3000/2567 2552/2998/2566 2567/3022/2581 2568/3024/2582
f 2561/3001/2575 2560/2999/2574 2575/3023/2589 2576/3025/2590
f 2554/3002/2568 2553/3000/2567 2568/3024/2582 2569/3026/2583
f 2547/3004/2561 2119/3027/2133 2562/3012/2576
f 2126/3028/2140 2561/3001/2575 2576/3025/2590
f 2555/3006/2569 2554/3002/2568 2569/3026/2583 2570/3014/2584
f 2567/3022/2581 2566/3020/2580 2581/3029/2595 2582/3030/2596
f 2575/3023/2589 2574/3021/2588 2589/3031/2603 2590/3032/2604
f 2568/3024/2582 2567/3022/2581 2582/3030/2596 2583/3033/2597
f 2576/3025/2590 2575/3023/2589 2590/3032/2604 2591/3034/2605
f 2569/3026/2583 2568/3024/2582 2583/3033/2597 2584/3035/2598
f 2562/3012/2576 2119/3036/2133 2577/3037/2591
f 2126/3038/2140 2576/3025/2590 2591/3034/2605
f 2570/3014/2584 2569/3026/2583 2584/3035/2598 2585/3039/2599
f 2563/3013/2577 2562/3012/2576 2577/3037/2591 2578/3040/2592
f 2571/3015/2585 2570/3014/2584 2585/3039/2599 2586/3041/2600
f 2564/3016/2578 2563/3013/2577 2578/3040/2592 2579/3042/2593
f 2572/3017/2586 2571/3015/2585 2586/3041/2600 2587/3043/2601
f 2565/3018/2579 2564/3016/2578 2579/3042/2593 2580/3044/2594
f 2573/3019/2587 2572/3017/2586 2587/3043/2601 2588/3045/2602
f 2566/3020/2580 2565/3018/2579 2580/3044/2594 2581/3029/2595
f 2574/3021/2588 2573/3019/2587 2588/3045/2602 2589/3031/2603
f 2586/3041/2600 2585/3039/2599 2124/2494/2138 2596/2493/2610
f 2579/3042/2593 2578/3040/2592 2593/2489/2607 2120/2497/2134
f 2587/3043/2601 2586/3041/2600 2596/2493/2610 2125/2499/2139
f 2580/3044/2594 2579/3042/2593 2120/2497/2134 2594/2501/2608
f 2588/3045/2602 2587/3043/2601 2125/2499/2139 2597/2503/2611
f 2581/3029/2595 2580/3044/2594 2594/2501/2608 2121/2505/2135
f 2589/3031/2603 2588/3045/2602 2597/2503/2611 2598/2507/2612
f 2582/3030/2596 2581/3029/2595 2121/2505/2135 2595/2509/2609
f 2590/3032/2604 2589/3031/2603 2598/2507/2612 2599/2511/2613
f 2583/3033/2597 2582/3030/2596 2595/2509/2609 2122/2513/2136
f 2591/3034/2605 2590/3032/2604 2599/2511/2613 2600/2515/2614
f 2584/3035/2598 2583/3033/2597 2122/2513/2136 2123/2517/2137
f 2577/3037/2591 2119/3046/2133 2592/2490/2606
f 2126/3047/2140 2591/3034/2605 2600/2515/2614
f 2585/3039/2599 2584/3035/2598 2123/2517/2137 2124/2494/2138
f 2578/3040/2592 2577/3037/2591 2592/2490/2606 2593/2489/2607
o upper_arm
v -0.784700 4.981975 -0.023267
v -0.854331 4.935342 -0.038740
v -0.815212 4.980173 -0.030047
v -0.840699 4.963104 -0.035711
v -0.964700 4.081975 -0.063267
v -1.010819 4.152900 -0.073515
v -0.992063 4.095922 -0.069347
v -1.008943 4.121883 -0.073099
v -0.787280 4.981225 0.005187
v -0.858336 4.934179 0.005442
v -0.818505 4.979217 0.006271
v -0.844513 4.961997 0.006364
v -0.967280 4.081225 -0.034813
v -1.014824 4.151737 -0.029333
v -0.995355 4.094967 -0.033029
v -1.012757 4.120776 -0.031023
v -0.782548 4.979031 0.033288
v -0.850989 4.930770 0.049076
v -0.812466 4.976415 0.042138
v -0.837517 4.958751 0.047917
v -0.962548 4.079031 -0.006712
v -1.007477 4.148329 0.014301
v -0.989316 4.092165 0.002838
v -1.005761 4.117530 0.010529
v -0.770828 4.975538 0.059120
v -0.832790 4.925348 0.089187
v -0.797506 4.971958 0.075110
v -0.820186 4.953587 0.086115
v -0.950828 4.075538 0.019120
v -0.989279 4.142906 0.054412
v -0.974356 4.087708 0.035810
v -0.988430 4.112366 0.048727
v -0.752918 4.970987 0.080923
v -0.804981 4.918282 0.123042
v -0.774647 4.966149 0.102939
v -0.793703 4.946857 0.118356
v -0.932918 4.070987 0.040923
v -0.961469 4.135839 0.088267
v -0.951497 4.081899 0.063639
v -0.961947 4.105636 0.080968
v -0.730039 4.965688 0.097212
v -0.769455 4.910052 0.148334
v -0.745444 4.959384 0.123729
v -0.759871 4.939021 0.142441
v -0.910039 4.065688 0.057212
v -0.925943 4.127610 0.113559
v -0.922294 4.075134 0.084429
v -0.928115 4.097799 0.105054
v -0.703750 4.960000 0.106875
v -0.728634 4.901221 0.163339
v -0.711889 4.952126 0.136064
v -0.720997 4.930611 0.156731
v -0.883750 4.060000 0.066875
v -0.885122 4.118779 0.128564
v -0.888739 4.067875 0.096763
v -0.889241 4.089390 0.119343
v -0.675842 4.954313 0.109255
v -0.685300 4.892390 0.167035
v -0.676268 4.944866 0.139102
v -0.679730 4.922201 0.160250
v -0.855842 4.054313 0.069255
v -0.841788 4.109948 0.132260
v -0.853118 4.060616 0.099801
v -0.847974 4.080980 0.122863
v -0.648218 4.949013 0.104190
v -0.642406 4.884161 0.159170
v -0.641009 4.938102 0.132636
v -0.638882 4.914364 0.152760
v -0.828218 4.049013 0.064190
v -0.798894 4.101719 0.124395
v -0.817859 4.053851 0.093336
v -0.807126 4.073143 0.115373
v -0.622759 4.944462 0.092024
v -0.602875 4.877094 0.140279
v -0.608514 4.932293 0.117108
v -0.601236 4.907635 0.134771
v -0.802759 4.044462 0.052024
v -0.759363 4.094652 0.105504
v -0.785364 4.048042 0.077808
v -0.769480 4.066413 0.097383
v -0.601202 4.940970 0.073587
v -0.569401 4.871672 0.111651
v -0.580998 4.927835 0.093575
v -0.569359 4.902471 0.107508
v -0.781202 4.040970 0.033587
v -0.725889 4.089230 0.076876
v -0.757849 4.043585 0.054275
v -0.737603 4.061250 0.070120
v -0.585014 4.938775 0.050135
v -0.544265 4.868263 0.075236
v -0.560337 4.925034 0.063642
v -0.545422 4.899225 0.072829
v -0.765014 4.038775 0.010135
v -0.700754 4.085821 0.040461
v -0.737187 4.040783 0.024342
v -0.713666 4.058003 0.035441
v -0.575300 4.938026 0.023267
v -0.529181 4.867101 0.033515
v -0.547937 4.924078 0.029347
v -0.531057 4.898118 0.033099
v -0.755300 4.038026 -0.016733
v -0.685669 4.084659 -0.001260
v -0.724787 4.039828 -0.009953
v -0.699301 4.056896 -0.004289
v -0.572720 4.938775 -0.005187
v -0.525176 4.868263 -0.010667
v -0.544645 4.925034 -0.006971
v -0.527243 4.899225 -0.008977
v -0.752720 4.038775 -0.045187
v -0.681664 4.085821 -0.045442
v -0.721495 4.040783 -0.046271
v -0.695487 4.058003 -0.046364
v -0.577452 4.940970 -0.033288
v -0.532523 4.871672 -0.054301
v -0.550684 4.927835 -0.042838
v -0.534239 4.902471 -0.050529
v -0.757452 4.040970 -0.073288
v -0.689011 4.089230 -0.089076
v -0.727534 4.043585 -0.082138
v -0.702483 4.061250 -0.087917
v -0.589172 4.944462 -0.059120
v -0.550721 4.877094 -0.094412
v -0.565644 4.932293 -0.075810
v -0.551570 4.907635 -0.088727
v -0.769172 4.044462 -0.099120
v -0.707210 4.094652 -0.129187
v -0.742494 4.048042 -0.115110
v -0.719814 4.066413 -0.126115
v -0.607082 4.949013 -0.080923
v -0.578531 4.884161 -0.128267
v -0.588503 4.938102 -0.103639
v -0.578053 4.914364 -0.120968
v -0.787082 4.049013 -0.120923
v -0.735019 4.101719 -0.163042
v -0.765353 4.053851 -0.142939
v -0.746297 4.073143 -0.158356
v -0.629961 4.954313 -0.097212
v -0.614057 4.892390 -0.153559
v -0.617706 4.944866 -0.124429
v -0.611885 4.922201 -0.145054
v -0.809961 4.054313 -0.137212
v -0.770545 4.109948 -0.188334
v -0.794556 4.060616 -0.163729
v -0.780129 4.080980 -0.182441
v -0.656250 4.960001 -0.106875
v -0.654878 4.901221 -0.168564
v -0.651261 4.952126 -0.136763
v -0.650759 4.930611 -0.159343
v -0.836250 4.060000 -0.146875
v -0.811366 4.118779 -0.203339
v -0.828111 4.067875 -0.176064
v -0.819003 4.089390 -0.196731
v -0.684158 4.965688 -0.109255
v -0.698212 4.910052 -0.172260
v -0.686882 4.959384 -0.139801
v -0.692026 4.939021 -0.162863
v -0.864158 4.065688 -0.149255
v -0.854700 4.127610 -0.207035
v -0.863732 4.075134 -0.179102
v -0.860270 4.097800 -0.200250
v -0.711782 4.970987 -0.104190
v -0.741106 4.918282 -0.164395
v -0.722141 4.966149 -0.133336
v -0.732874 4.946857 -0.155373
v -0.891782 4.070987 -0.144190
v -0.897594 4.135839 -0.199170
v -0.898991 4.081899 -0.172636
v -0.901118 4.105637 -0.192760
v -0.737240 4.975538 -0.092024
v -0.780637 4.925348 -0.145504
v -0.754636 4.971958 -0.117808
v -0.770520 4.953587 -0.137383
v -0.917241 4.075538 -0.132024
v -0.937125 4.142906 -0.180279
v -0.931486 4.087708 -0.157108
v -0.938764 4.112366 -0.174771
v -0.758798 4.979031 -0.073587
v -0.814111 4.930770 -0.116876
v -0.782151 4.976415 -0.094275
v -0.802397 4.958751 -0.110120
v -0.938798 4.079031 -0.113587
v -0.970599 4.148329 -0.151651
v -0.959002 4.092165 -0.133575
v -0.970641 4.117530 -0.147508
v -0.774986 4.981225 -0.050135
v -0.839246 4.934179 -0.080461
v -0.802813 4.979217 -0.064342
v -0.826334 4.961997 -0.075441
v -0.954986 4.081225 -0.090135
v -0.995735 4.151737 -0.115236
v -0.979663 4.094967 -0.103642
v -0.994578 4.120776 -0.112829
vn -0.8925 0.4458 -0.0692
vn -0.5519 0.8334 -0.0281
vn -0.0635 0.9978 0.0205
vn -0.9939 -0.0613 -0.0917
vn -0.8290 -0.5520 -0.0897
vn -0.4420 -0.8948 -0.0636
vn -0.8829 0.4327 0.1825
vn -0.5449 0.8238 0.1561
vn -0.0609 0.9943 0.0879
vn -0.9843 -0.0744 0.1599
vn -0.8220 -0.5616 0.0945
vn -0.4394 -0.8983 0.0038
vn -0.8097 0.4074 0.4224
vn -0.4913 0.8053 0.3318
vn -0.0413 0.9875 0.1522
vn -0.9111 -0.0997 0.3999
vn -0.7684 -0.5801 0.2702
vn -0.4198 -0.9051 0.0681
vn -0.6779 0.3716 0.6344
vn -0.3948 0.7791 0.4869
vn -0.0060 0.9779 0.2090
vn -0.7793 -0.1355 0.6118
vn -0.6719 -0.6063 0.4254
vn -0.3845 -0.9146 0.1249
vn -0.4964 0.3277 0.8039
vn -0.2620 0.7470 0.6110
vn 0.0427 0.9661 0.2544
vn -0.5978 -0.1794 0.7813
vn -0.5390 -0.6384 0.5494
vn -0.3358 -0.9264 0.1703
vn -0.2776 0.2789 0.9193
vn -0.1018 0.7112 0.6955
vn 0.1013 0.9531 0.2854
vn -0.3790 -0.2282 0.8968
vn -0.3789 -0.6742 0.6340
vn -0.2772 -0.9395 0.2013
vn -0.0365 0.2282 0.9729
vn 0.0747 0.6742 0.7348
vn 0.1659 0.9395 0.2997
vn -0.1379 -0.2789 0.9504
vn -0.2024 -0.7112 0.6732
vn -0.2126 -0.9531 0.2156
vn 0.2106 0.1794 0.9610
vn 0.2556 0.6384 0.7260
vn 0.2321 0.9264 0.2965
vn 0.1092 -0.3277 0.9384
vn -0.0215 -0.7470 0.6644
vn -0.1464 -0.9661 0.2124
vn 0.4468 0.1355 0.8843
vn 0.4285 0.6063 0.6699
vn 0.2954 0.9146 0.2760
vn 0.3454 -0.3716 0.8618
vn 0.1514 -0.7791 0.6083
vn -0.0831 -0.9779 0.1919
vn 0.6560 0.0997 0.7481
vn 0.5816 0.5801 0.5702
vn 0.3514 0.9051 0.2395
vn 0.5546 -0.4074 0.7256
vn 0.3046 -0.8053 0.5086
vn -0.0271 -0.9875 0.1554
vn 0.8239 0.0744 0.5618
vn 0.7046 0.5616 0.4338
vn 0.3964 0.8983 0.1896
vn 0.7225 -0.4327 0.5392
vn 0.4275 -0.8238 0.3722
vn 0.0179 -0.9943 0.1054
vn 0.9392 0.0613 0.3379
vn 0.7890 0.5520 0.2699
vn 0.4273 0.8948 0.1296
vn 0.8378 -0.4458 0.3153
vn 0.5119 -0.8334 0.2083
vn 0.0488 -0.9978 0.0455
vn 0.9939 0.0613 0.0917
vn 0.8290 0.5520 0.0897
vn 0.4420 0.8948 0.0636
vn 0.8925 -0.4458 0.0692
vn 0.5519 -0.8334 0.0281
vn 0.0635 -0.9978 -0.0205
vn 0.9843 0.0744 -0.1599
vn 0.8220 0.5616 -0.0945
vn 0.4394 0.8983 -0.0038
vn 0.8829 -0.4327 -0.1825
vn 0.5449 -0.8238 -0.1561
vn 0.0609 -0.9943 -0.0879
vn 0.9111 0.0997 -0.3999
vn 0.7684 0.5801 -0.2702
vn 0.4198 0.9051 -0.0681
vn 0.8097 -0.4074 -0.4224
vn 0.4913 -0.8053 -0.3318
vn 0.0413 -0.9875 -0.1522
vn 0.7793 0.1355 -0.6118
vn 0.6719 0.6063 -0.4254
vn 0.3845 0.9146 -0.1249
vn 0.6779 -0.3716 -0.6344
vn 0.3948 -0.7791 -0.4869
vn 0.0060 -0.9779 -0.2090
vn 0.5978 0.1794 -0.7813
vn 0.5390 0.6384 -0.5494
vn 0.3358 0.9264 -0.1703
vn 0.4964 -0.3277 -0.8039
vn 0.2620 -0.7470 -0.6110
vn -0.0427 -0.9661 -0.2544
vn 0.3790 0.2282 -0.8968
vn 0.3789 0.6742 -0.6340
vn 0.2772 0.9395 -0.2013
vn 0.2776 -0.2789 -0.9193
vn 0.1018 -0.7112 -0.6955
vn -0.1013 -0.9531 -0.2854
vn 0.1379 0.2789 -0.9504
vn 0.2024 0.7112 -0.6732
vn 0.2126 0.9531 -0.2156
vn 0.0365 -0.2282 -0.9729
vn -0.0747 -0.6742 -0.7348
vn -0.1659 -0.9395 -0.2997
vn -0.1092 0.3277 -0.9384
vn 0.0215 0.7470 -0.6644
vn 0.1464 0.9661 -0.2124
vn -0.2106 -0.1794 -0.9610
vn -0.2556 -0.6384 -0.7260
vn -0.2321 -0.9264 -0.2965
vn -0.3454 0.3716 -0.8618
vn -0.1514 0.7791 -0.6083
vn 0.0831 0.9779 -0.1919
vn -0.4468 -0.1355 -0.8843
vn -0.4285 -0.6063 -0.6699
vn -0.2954 -0.9146 -0.2760
vn -0.5546 0.4074 -0.7256
vn -0.3046 0.8053 -0.5086
vn 0.0271 0.9875 -0.1554
vn -0.6560 -0.0997 -0.7481
vn -0.5816 -0.5801 -0.5702
vn -0.3514 -0.9051 -0.2395
vn -0.7225 0.4327 -0.5392
vn -0.4275 0.8238 -0.3722
vn -0.0179 0.9943 -0.1054
vn -0.8239 -0.0744 -0.5618
vn -0.7046 -0.5616 -0.4338
vn -0.3964 -0.8983 -0.1896
vn -0.8378 0.4458 -0.3153
vn -0.5119 0.8334 -0.2083
vn -0.0488 0.9978 -0.0455
vn -0.9392 -0.0613 -0.3379
vn -0.7890 -0.5520 -0.2699
vn -0.4273 -0.8948 -0.1296
vn 0.1959 0.9797 0.0435
vn -0.9765 0.1990 -0.0833
vn -0.9198 0.1990 -0.3381
vn -0.1959 -0.9797 -0.0435
vn -0.9665 0.1854 0.1772
vn -0.8908 0.1592 0.4257
vn -0.7543 0.1222 0.6451
vn -0.5664 0.0768 0.8206
vn -0.3399 0.0262 0.9401
vn -0.0902 -0.0262 0.9956
vn 0.1656 -0.0768 0.9832
vn 0.4101 -0.1222 0.9038
vn 0.6266 -0.1592 0.7629
vn 0.8005 -0.1854 0.5699
vn 0.9198 -0.1990 0.3381
vn 0.9765 -0.1990 0.0833
vn 0.9665 -0.1854 -0.1772
vn 0.8908 -0.1592 -0.4257
vn 0.7543 -0.1222 -0.6451
vn 0.5664 -0.0768 -0.8206
vn 0.3399 -0.0262 -0.9401
vn 0.0902 0.0262 -0.9956
vn -0.1656 0.0768 -0.9832
vn -0.4101 0.1222 -0.9038
vn -0.6266 0.1592 -0.7629
vn -0.8005 0.1854 -0.5699
vt 1.000000 0.532655
vt 0.958333 0.532655
vt 0.958333 0.500000
vt 0.999006 0.500000
vt 0.750000 0.489805
vt 0.812066 0.481634
vt 0.801060 0.440559
vt 0.750000 0.447282
vt 0.790004 0.399297
vt 0.750000 0.404563
vt 0.958333 0.967345
vt 1.000000 0.967345
vt 0.999006 1.000000
vt 0.958333 1.000000
vt 0.312066 0.481634
vt 0.250000 0.489805
vt 0.250000 0.447282
vt 0.301060 0.440559
vt 0.250000 0.404563
vt 0.290004 0.399296
vt 0.916667 0.532655
vt 0.916667 0.500000
vt 0.869902 0.457677
vt 0.848641 0.420851
vt 0.827281 0.383856
vt 0.916667 0.967345
vt 0.916667 1.000000
vt 0.369902 0.457677
vt 0.348641 0.420851
vt 0.327282 0.383856
vt 0.875000 0.532655
vt 0.875000 0.500000
vt 0.919568 0.419568
vt 0.889499 0.389499
vt 0.859292 0.359293
vt 0.875000 0.967345
vt 0.875000 1.000000
vt 0.419568 0.419568
vt 0.389499 0.389499
vt 0.359293 0.359293
vt 0.833333 0.532655
vt 0.833333 0.500000
vt 0.957677 0.369902
vt 0.920851 0.348641
vt 0.883856 0.327282
vt 0.833333 0.967345
vt 0.833333 1.000000
vt 0.457677 0.369902
vt 0.420851 0.348641
vt 0.383856 0.327282
vt 0.791667 0.532655
vt 0.791667 0.500000
vt 0.981634 0.312066
vt 0.940559 0.301060
vt 0.899296 0.290004
vt 0.791667 0.967345
vt 0.791667 1.000000
vt 0.481634 0.312066
vt 0.440559 0.301060
vt 0.399297 0.290004
vt 0.750000 0.532655
vt 0.750000 0.500000
vt 0.989805 0.250000
vt 0.947282 0.250000
vt 0.904563 0.250000
vt 0.750000 0.967345
vt 0.750000 1.000000
vt 0.489805 0.250000
vt 0.447282 0.250000
vt 0.404563 0.250000
vt 0.708333 0.532655
vt 0.708333 0.500000
vt 0.981634 0.187934
vt 0.940559 0.198940
vt 0.899296 0.209996
vt 0.708333 0.967345
vt 0.708333 1.000000
vt 0.481634 0.187934
vt 0.440559 0.198940
vt 0.399297 0.209996
vt 0.666667 0.532655
vt 0.666667 0.500000
vt 0.957677 0.130098
vt 0.920851 0.151359
vt 0.883856 0.172718
vt 0.666667 0.967345
vt 0.666667 1.000000
vt 0.457677 0.130097
vt 0.420851 0.151359
vt 0.383856 0.172718
vt 0.625000 0.532655
vt 0.625000 0.500000
vt 0.919568 0.080432
vt 0.889499 0.110501
vt 0.859293 0.140707
vt 0.625000 0.967345
vt 0.625000 1.000000
vt 0.419568 0.080432
vt 0.389499 0.110501
vt 0.359293 0.140707
vt 0.583333 0.532655
vt 0.583333 0.500000
vt 0.869903 0.042323
vt 0.848641 0.079149
vt 0.827281 0.116144
vt 0.583333 0.967345
vt 0.583333 1.000000
vt 0.369902 0.042323
vt 0.348641 0.079149
vt 0.327282 0.116144
vt 0.541666 0.532655
vt 0.541666 0.500000
vt 0.812066 0.018366
vt 0.801060 0.059441
vt 0.790004 0.100703
vt 0.541666 0.967345
vt 0.541666 1.000000
vt 0.312066 0.018366
vt 0.301060 0.059441
vt 0.290004 0.100703
vt 0.500000 0.532655
vt 0.500000 0.500000
vt 0.750000 0.010195
vt 0.750000 0.052718
vt 0.750000 0.095437
vt 0.500000 0.967345
vt 0.500000 1.000000
vt 0.250000 0.010195
vt 0.250000 0.052718
vt 0.250000 0.095437
vt 0.458333 0.532655
vt 0.458333 0.500000
vt 0.687934 0.018366
vt 0.698940 0.059441
vt 0.709996 0.100703
vt 0.458333 0.967345
vt 0.458333 1.000000
vt 0.187934 0.018366
vt 0.198940 0.059441
vt 0.209996 0.100703
vt 0.416666 0.532655
vt 0.416666 0.500000
vt 0.630098 0.042323
vt 0.651359 0.079149
vt 0.672718 0.116144
vt 0.416666 0.967345
vt 0.416666 1.000000
vt 0.130097 0.042323
vt 0.151359 0.079149
vt 0.172718 0.116144
vt 0.375000 0.532655
vt 0.375000 0.500000
vt 0.580432 0.080432
vt 0.610501 0.110501
vt 0.640707 0.140707
vt 0.375000 0.967345
vt 0.375000 1.000000
vt 0.080432 0.080432
vt 0.110501 0.110501
vt 0.140707 0.140707
vt 0.333333 0.532655
vt 0.333333 0.500000
vt 0.542323 0.130097
vt 0.579149 0.151359
vt 0.616144 0.172718
vt 0.333333 0.967345
vt 0.333333 1.000000
vt 0.042323 0.130098
vt 0.079149 0.151359
vt 0.116144 0.172718
vt 0.291667 0.532655
vt 0.291667 0.500000
vt 0.518366 0.187934
vt 0.559441 0.198940
vt 0.600703 0.209996
vt 0.291667 0.967345
vt 0.291667 1.000000
vt 0.018366 0.187934
vt 0.059441 0.198940
vt 0.100703 0.209996
vt 0.250000 0.532655
vt 0.250000 0.500000
vt 0.510195 0.250000
vt 0.552718 0.250000
vt 0.595437 0.250000
vt 0.250000 0.967345
vt 0.250000 1.000000
vt 0.010195 0.250000
vt 0.052718 0.250000
vt 0.095437 0.250000
vt 0.208333 0.532655
vt 0.208333 0.500000
vt 0.518366 0.312066
vt 0.559441 0.301060
vt 0.600703 0.290004
vt 0.208333 0.967345
vt 0.208333 1.000000
vt 0.018366 0.312066
vt 0.059441 0.301060
vt 0.100703 0.290004
vt 0.166666 0.532655
vt 0.166666 0.500000
vt 0.542323 0.369902
vt 0.579149 0.348641
vt 0.616144 0.327282
vt 0.166666 0.967345
vt 0.166666 1.000000
vt 0.042323 0.369902
vt 0.079149 0.348641
vt 0.116144 0.327282
vt 0.125000 0.532655
vt 0.125000 0.500000
vt 0.580432 0.419568
vt 0.610501 0.389499
vt 0.640707 0.359293
vt 0.125000 0.967345
vt 0.125000 1.000000
vt 0.080432 0.419568
vt 0.110501 0.389499
vt 0.140707 0.359293
vt 0.083333 0.532655
vt 0.083333 0.500000
vt 0.630098 0.457677
vt 0.651359 0.420851
vt 0.672718 0.383856
vt 0.083333 0.967345
vt 0.083333 1.000000
vt 0.130098 0.457677
vt 0.151359 0.420851
vt 0.172718 0.383856
vt 0.041666 0.532655
vt 0.041666 0.500000
vt 0.687934 0.481634
vt 0.698940 0.440559
vt 0.709996 0.399297
vt 0.041666 0.967345
vt 0.041666 1.000000
vt 0.187934 0.481634
vt 0.198940 0.440559
vt 0.209996 0.399297
vt -0.000000 0.532655
vt 0.000993 0.500000
vt -0.000000 0.967345
vt 0.000993 1.000000
s 0
usemtl shirt
f 2602/3048/2615 2610/3049/2615 2612/3050/2615 2604/3051/2615
f 2604/3052/2616 2612/3053/2616 2611/3054/2616 2603/3055/2616
f 2603/3055/2617 2611/3054/2617 2609/3056/2617 2601/3057/2617
f 2614/3058/2618 2606/3059/2618 2608/3060/2618 2616/3061/2618
f 2616/3062/2619 2608/3063/2619 2607/3064/2619 2615/3065/2619
f 2615/3065/2620 2607/3064/2620 2605/3066/2620 2613/3067/2620
f 2610/3049/2621 2618/3068/2621 2620/3069/2621 2612/3050/2621
f 2612/3053/2622 2620/3070/2622 2619/3071/2622 2611/3054/2622
f 2611/3054/2623 2619/3071/2623 2617/3072/2623 2609/3056/2623
f 2622/3073/2624 2614/3058/2624 2616/3061/2624 2624/3074/2624
f 2624/3075/2625 2616/3062/2625 2615/3065/2625 2623/3076/2625
f 2623/3076/2626 2615/3065/2626 2613/3067/2626 2621/3077/2626
f 2618/3068/2627 2626/3078/2627 2628/3079/2627 2620/3069/2627
f 2620/3070/2628 2628/3080/2628 2627/3081/2628 2619/3071/2628
f 2619/3071/2629 2627/3081/2629 2625/3082/2629 2617/3072/2629
f 2630/3083/2630 2622/3073/2630 2624/3074/2630 2632/3084/2630
f 2632/3085/2631 2624/3075/2631 2623/3076/2631 2631/3086/2631
f 2631/3086/2632 2623/3076/2632 2621/3077/2632 2629/3087/2632
f 2626/3078/2633 2634/3088/2633 2636/3089/2633 2628/3079/2633
f 2628/3080/2634 2636/3090/2634 2635/3091/2634 2627/3081/2634
f 2627/3081/2635 2635/3091/2635 2633/3092/2635 2625/3082/2635
f 2638/3093/2636 2630/3083/2636 2632/3084/2636 2640/3094/2636
f 2640/3095/2637 2632/3085/2637 2631/3086/2637 2639/3096/2637
f 2639/3096/2638 2631/3086/2638 2629/3087/2638 2637/3097/2638
f 2634/3088/2639 2642/3098/2639 2644/3099/2639 2636/3089/2639
f 2636/3090/2640 2644/3100/2640 2643/3101/2640 2635/3091/2640
f 2635/3091/2641 2643/3101/2641 2641/3102/2641 2633/3092/2641
f 2646/3103/2642 2638/3093/2642 2640/3094/2642 2648/3104/2642
f 2648/3105/2643 2640/3095/2643 2639/3096/2643 2647/3106/2643
f 2647/3106/2644 2639/3096/2644 2637/3097/2644 2645/3107/2644
f 2642/3098/2645 2650/3108/2645 2652/3109/2645 2644/3099/2645
f 2644/3100/2646 2652/3110/2646 2651/3111/2646 2643/3101/2646
f 2643/3101/2647 2651/3111/2647 2649/3112/2647 2641/3102/2647
f 2654/3113/2648 2646/3103/2648 2648/3104/2648 2656/3114/2648
f 2656/3115/2649 2648/3105/2649 2647/3106/2649 2655/3116/2649
f 2655/3116/2650 2647/3106/2650 2645/3107/2650 2653/3117/2650
f 2650/3108/2651 2658/3118/2651 2660/3119/2651 2652/3109/2651
f 2652/3110/2652 2660/3120/2652 2659/3121/2652 2651/3111/2652
f 2651/3111/2653 2659/3121/2653 2657/3122/2653 2649/3112/2653
f 2662/3123/2654 2654/3113/2654 2656/3114/2654 2664/3124/2654
f 2664/3125/2655 2656/3115/2655 2655/3116/2655 2663/3126/2655
f 2663/3126/2656 2655/3116/2656 2653/3117/2656 2661/3127/2656
f 2658/3118/2657 2666/3128/2657 2668/3129/2657 2660/3119/2657
f 2660/3120/2658 2668/3130/2658 2667/3131/2658 2659/3121/2658
f 2659/3121/2659 2667/3131/2659 2665/3132/2659 2657/3122/2659
f 2670/3133/2660 2662/3123/2660 2664/3124/2660 2672/3134/2660
f 2672/3135/2661 2664/3125/2661 2663/3126/2661 2671/3136/2661
f 2671/3136/2662 2663/3126/2662 2661/3127/2662 2669/3137/2662
f 2666/3128/2663 2674/3138/2663 2676/3139/2663 2668/3129/2663
f 2668/3130/2664 2676/3140/2664 2675/3141/2664 2667/3131/2664
f 2667/3131/2665 2675/3141/2665 2673/3142/2665 2665/3132/2665
f 2678/3143/2666 2670/3133/2666 2672/3134/2666 2680/3144/2666
f 2680/3145/2667 2672/3135/2667 2671/3136/2667 2679/3146/2667
f 2679/3146/2668 2671/3136/2668 2669/3137/2668 2677/3147/2668
f 2674/3138/2669 2682/3148/2669 2684/3149/2669 2676/3139/2669
f 2676/3140/2670 2684/3150/2670 2683/3151/2670 2675/3141/2670
f 2675/3141/2671 2683/3151/2671 2681/3152/2671 2673/3142/2671
f 2686/3153/2672 2678/3143/2672 2680/3144/2672 2688/3154/2672
f 2688/3155/2673 2680/3145/2673 2679/3146/2673 2687/3156/2673
f 2687/3156/2674 2679/3146/2674 2677/3147/2674 2685/3157/2674
f 2682/3148/2675 2690/3158/2675 2692/3159/2675 2684/3149/2675
f 2684/3150/2676 2692/3160/2676 2691/3161/2676 2683/3151/2676
f 2683/3151/2677 2691/3161/2677 2689/3162/2677 2681/3152/2677
f 2694/3163/2678 2686/3153/2678 2688/3154/2678 2696/3164/2678
f 2696/3165/2679 2688/3155/2679 2687/3156/2679 2695/3166/2679
f 2695/3166/2680 2687/3156/2680 2685/3157/2680 2693/3167/2680
f 2690/3158/2681 2698/3168/2681 2700/3169/2681 2692/3159/2681
f 2692/3160/2682 2700/3170/2682 2699/3171/2682 2691/3161/2682
f 2691/3161/2683 2699/3171/2683 2697/3172/2683 2689/3162/2683
f 2702/3173/2684 2694/3163/2684 2696/3164/2684 2704/3174/2684
f 2704/3175/2685 2696/3165/2685 2695/3166/2685 2703/3176/2685
f 2703/3176/2686 2695/3166/2686 2693/3167/2686 2701/3177/2686
f 2698/3168/2687 2706/3178/2687 2708/3179/2687 2700/3169/2687
f 2700/3170/2688 2708/3180/2688 2707/3181/2688 2699/3171/2688
f 2699/3171/2689 2707/3181/2689 2705/3182/2689 2697/3172/2689
f 2710/3183/2690 2702/3173/2690 2704/3174/2690 2712/3184/2690
f 2712/3185/2691 2704/3175/2691 2703/3176/2691 2711/3186/2691
f 2711/3186/2692 2703/3176/2692 2701/3177/2692 2709/3187/2692
f 2706/3178/2693 2714/3188/2693 2716/3189/2693 2708/3179/2693
f 2708/3180/2694 2716/3190/2694 2715/3191/2694 2707/3181/2694
f 2707/3181/2695 2715/3191/2695 2713/3192/2695 2705/3182/2695
f 2718/3193/2696 2710/3183/2696 2712/3184/2696 2720/3194/2696
f 2720/3195/2697 2712/3185/2697 2711/3186/2697 2719/3196/2697
f 2719/3196/2698 2711/3186/2698 2709/3187/2698 2717/3197/2698
f 2714/3188/2699 2722/3198/2699 2724/3199/2699 2716/3189/2699
f 2716/3190/2700 2724/3200/2700 2723/3201/2700 2715/3191/2700
f 2715/3191/2701 2723/3201/2701 2721/3202/2701 2713/3192/2701
f 2726/3203/2702 2718/3193/2702 2720/3194/2702 2728/3204/2702
f 2728/3205/2703 2720/3195/2703 2719/3196/2703 2727/3206/2703
f 2727/3206/2704 2719/3196/2704 2717/3197/2704 2725/3207/2704
f 2722/3198/2705 2730/3208/2705 2732/3209/2705 2724/3199/2705
f 2724/3200/2706 2732/3210/2706 2731/3211/2706 2723/3201/2706
f 2723/3201/2707 2731/3211/2707 2729/3212/2707 2721/3202/2707
f 2734/3213/2708 2726/3203/2708 2728/3204/2708 2736/3214/2708
f 2736/3215/2709 2728/3205/2709 2727/3206/2709 2735/3216/2709
f 2735/3216/2710 2727/3206/2710 2725/3207/2710 2733/3217/2710
f 2730/3208/2711 2738/3218/2711 2740/3219/2711 2732/3209/2711
f 2732/3210/2712 2740/3220/2712 2739/3221/2712 2731/3211/2712
f 2731/3211/2713 2739/3221/2713 2737/3222/2713 2729/3212/2713
f 2742/3223/2714 2734/3213/2714 2736/3214/2714 2744/3224/2714
f 2744/3225/2715 2736/3215/2715 2735/3216/2715 2743/3226/2715
f 2743/3226/2716 2735/3216/2716 2733/3217/2716 2741/3227/2716
f 2738/3218/2717 2746/3228/2717 2748/3229/2717 2740/3219/2717
f 2740/3220/2718 2748/3230/2718 2747/3231/2718 2739/3221/2718
f 2739/3221/2719 2747/3231/2719 2745/3232/2719 2737/3222/2719
f 2750/3233/2720 2742/3223/2720 2744/3224/2720 2752/3234/2720
f 2752/3235/2721 2744/3225/2721 2743/3226/2721 2751/3236/2721
f 2751/3236/2722 2743/3226/2722 2741/3227/2722 2749/3237/2722
f 2746/3228/2723 2754/3238/2723 2756/3239/2723 2748/3229/2723
f 2748/3230/2724 2756/3240/2724 2755/3241/2724 2747/3231/2724
f 2747/3231/2725 2755/3241/2725 2753/3242/2725 2745/3232/2725
f 2758/3243/2726 2750/3233/2726 2752/3234/2726 2760/3244/2726
f 2760/3245/2727 2752/3235/2727 2751/3236/2727 2759/3246/2727
f 2759/3246/2728 2751/3236/2728 2749/3237/2728 2757/3247/2728
f 2754/3238/2729 2762/3248/2729 2764/3249/2729 2756/3239/2729
f 2756/3240/2730 2764/3250/2730 2763/3251/2730 2755/3241/2730
f 2755/3241/2731 2763/3251/2731 2761/3252/2731 2753/3242/2731
f 2766/3253/2732 2758/3243/2732 2760/3244/2732 2768/3254/2732
f 2768/3255/2733 2760/3245/2733 2759/3246/2733 2767/3256/2733
f 2767/3256/2734 2759/3246/2734 2757/3247/2734 2765/3257/2734
f 2762/3248/2735 2770/3258/2735 2772/3259/2735 2764/3249/2735
f 2764/3250/2736 2772/3260/2736 2771/3261/2736 2763/3251/2736
f 2763/3251/2737 2771/3261/2737 2769/3262/2737 2761/3252/2737
f 2774/3263/2738 2766/3253/2738 2768/3254/2738 2776/3264/2738
f 2776/3265/2739 2768/3255/2739 2767/3256/2739 2775/3266/2739
f 2775/3266/2740 2767/3256/2740 2765/3257/2740 2773/3267/2740
f 2770/3258/2741 2778/3268/2741 2780/3269/2741 2772/3259/2741
f 2772/3260/2742 2780/3270/2742 2779/3271/2742 2771/3261/2742
f 2771/3261/2743 2779/3271/2743 2777/3272/2743 2769/3262/2743
f 2782/3273/2744 2774/3263/2744 2776/3264/2744 2784/3274/2744
f 2784/3275/2745 2776/3265/2745 2775/3266/2745 2783/3276/2745
f 2783/3276/2746 2775/3266/2746 2773/3267/2746 2781/3277/2746
f 2778/3268/2747 2786/3278/2747 2788/3279/2747 2780/3269/2747
f 2780/3270/2748 2788/3280/2748 2787/3281/2748 2779/3271/2748
f 2779/3271/2749 2787/3281/2749 2785/3282/2749 2777/3272/2749
f 2790/3283/2750 2782/3273/2750 2784/3274/2750 2792/3284/2750
f 2792/3285/2751 2784/3275/2751 2783/3276/2751 2791/3286/2751
f 2791/3286/2752 2783/3276/2752 2781/3277/2752 2789/3287/2752
f 2786/3278/2753 2602/3288/2753 2604/3289/2753 2788/3279/2753
f 2788/3280/2754 2604/3052/2754 2603/3055/2754 2787/3281/2754
f 2787/3281/2755 2603/3055/2755 2601/3057/2755 2785/3282/2755
f 2606/3290/2756 2790/3283/2756 2792/3284/2756 2608/3291/2756
f 2608/3063/2757 2792/3285/2757 2791/3286/2757 2607/3064/2757
f 2607/3064/2758 2791/3286/2758 2789/3287/2758 2605/3066/2758
f 2601/3057/2759 2609/3056/2759 2617/3072/2759 2625/3082/2759 2633/3092/2759 2641/3102/2759 2649/3112/2759 2657/3122/2759 2665/3132/2759 2673/3142/2759 2681/3152/2759 2689/3162/2759 2697/3172/2759 2705/3182/2759 2713/3192/2759 2721/3202/2759 2729/3212/2759 2737/3222/2759 2745/3232/2759 2753/3242/2759 2761/3252/2759 2769/3262/2759 2777/3272/2759 2785/3282/2759
f 2602/3048/2760 2606/3059/2760 2614/3058/2760 2610/3049/2760
f 2786/3278/2761 2790/3283/2761 2606/3290/2761 2602/3288/2761
f 2613/3067/2762 2605/3066/2762 2789/3287/2762 2781/3277/2762 2773/3267/2762 2765/3257/2762 2757/3247/2762 2749/3237/2762 2741/3227/2762 2733/3217/2762 2725/3207/2762 2717/3197/2762 2709/3187/2762 2701/3177/2762 2693/3167/2762 2685/3157/2762 2677/3147/2762 2669/3137/2762 2661/3127/2762 2653/3117/2762 2645/3107/2762 2637/3097/2762 2629/3087/2762 2621/3077/2762
f 2610/3049/2763 2614/3058/2763 2622/3073/2763 2618/3068/2763
f 2618/3068/2764 2622/3073/2764 2630/3083/2764 2626/3078/2764
f 2626/3078/2765 2630/3083/2765 2638/3093/2765 2634/3088/2765
f 2634/3088/2766 2638/3093/2766 2646/3103/2766 2642/3098/2766
f 2642/3098/2767 2646/3103/2767 2654/3113/2767 2650/3108/2767
f 2650/3108/2768 2654/3113/2768 2662/3123/2768 2658/3118/2768
f 2658/3118/2769 2662/3123/2769 2670/3133/2769 2666/3128/2769
f 2666/3128/2770 2670/3133/2770 2678/3143/2770 2674/3138/2770
f 2674/3138/2771 2678/3143/2771 2686/3153/2771 2682/3148/2771
f 2682/3148/2772 2686/3153/2772 2694/3163/2772 2690/3158/2772
f 2690/3158/2773 2694/3163/2773 2702/3173/2773 2698/3168/2773
f 2698/3168/2774 2702/3173/2774 2710/3183/2774 2706/3178/2774
f 2706/3178/2775 2710/3183/2775 2718/3193/2775 2714/3188/2775
f 2714/3188/2776 2718/3193/2776 2726/3203/2776 2722/3198/2776
f 2722/3198/2777 2726/3203/2777 2734/3213/2777 2730/3208/2777
f 2730/3208/2778 2734/3213/2778 2742/3223/2778 2738/3218/2778
f 2738/3218/2779 2742/3223/2779 2750/3233/2779 2746/3228/2779
f 2746/3228/2780 2750/3233/2780 2758/3243/2780 2754/3238/2780
f 2754/3238/2781 2758/3243/2781 2766/3253/2781 2762/3248/2781
f 2762/3248/2782 2766/3253/2782 2774/3263/2782 2770/3258/2782
f 2770/3258/2783 2774/3263/2783 2782/3273/2783 2778/3268/2783
f 2778/3268/2784 2782/3273/2784 2790/3283/2784 2786/3278/2784
o forearm
v -0.793293 4.076749 -0.068589
v -0.726692 4.031894 -0.097132
v -0.764532 4.075720 -0.080915
v -0.740154 4.059302 -0.091362
v -0.653293 3.416749 -0.128589
v -0.611495 3.488821 -0.146502
v -0.627855 3.431386 -0.139491
v -0.612556 3.457766 -0.146048
v -0.803160 4.076178 -0.085333
v -0.744576 4.030860 -0.127482
v -0.778407 4.074918 -0.104462
v -0.756964 4.058331 -0.119890
v -0.663160 3.416178 -0.145333
v -0.629378 3.487787 -0.176852
v -0.641730 3.430583 -0.163038
v -0.629365 3.456794 -0.174575
v -0.816900 4.074505 -0.098988
v -0.769480 4.027827 -0.152232
v -0.797729 4.072565 -0.123665
v -0.780372 4.055480 -0.143153
v -0.676900 3.414505 -0.158989
v -0.654283 3.484754 -0.201602
v -0.661052 3.428230 -0.182241
v -0.652774 3.453943 -0.197839
v -0.833578 4.071843 -0.108624
v -0.799708 4.023003 -0.169696
v -0.821182 4.068822 -0.137214
v -0.808785 4.050945 -0.159569
v -0.693578 3.411843 -0.168624
v -0.684511 3.479929 -0.219067
v -0.684505 3.424487 -0.195790
v -0.681186 3.449409 -0.214254
v -0.852056 4.068375 -0.113582
v -0.833200 4.016716 -0.178684
v -0.847167 4.063944 -0.144188
v -0.840265 4.045035 -0.168016
v -0.712056 3.408375 -0.173582
v -0.718003 3.473642 -0.228054
v -0.710490 3.419609 -0.202764
v -0.712667 3.443499 -0.222702
v -0.871075 4.064335 -0.113526
v -0.867673 4.009394 -0.178583
v -0.873913 4.058263 -0.144109
v -0.872668 4.038154 -0.167921
v -0.731075 3.404335 -0.173527
v -0.752476 3.466321 -0.227953
v -0.737236 3.413929 -0.202685
v -0.745069 3.436617 -0.222607
v -0.889340 4.060000 -0.108460
v -0.900778 4.001537 -0.169399
v -0.899598 4.052167 -0.136984
v -0.903785 4.030768 -0.159290
v -0.749340 3.400000 -0.168460
v -0.785581 3.458463 -0.218770
v -0.762921 3.407833 -0.195560
v -0.776186 3.429232 -0.213975
v -0.905605 4.055665 -0.098728
v -0.930259 3.993680 -0.151760
v -0.922471 4.046072 -0.123299
v -0.931495 4.023383 -0.142710
v -0.765605 3.395665 -0.158728
v -0.815061 3.450606 -0.201130
v -0.785794 3.401737 -0.181875
v -0.803896 3.421847 -0.197395
v -0.918763 4.051626 -0.084994
v -0.954106 3.986358 -0.126867
v -0.940974 4.040391 -0.103985
v -0.953910 4.016501 -0.119311
v -0.778763 3.391626 -0.144994
v -0.838909 3.443285 -0.176237
v -0.804297 3.396056 -0.162561
v -0.826312 3.414965 -0.173997
v -0.927915 4.048157 -0.068193
v -0.970696 3.980071 -0.096416
v -0.953845 4.035513 -0.080359
v -0.969504 4.010592 -0.090689
v -0.787915 3.388157 -0.128193
v -0.855499 3.436997 -0.145786
v -0.817168 3.391178 -0.138935
v -0.841905 3.409055 -0.145374
v -0.932440 4.045495 -0.049472
v -0.978896 3.975246 -0.062482
v -0.960207 4.031770 -0.054031
v -0.977212 4.006057 -0.058794
v -0.792440 3.385495 -0.109472
v -0.863699 3.432173 -0.111853
v -0.823530 3.387435 -0.112607
v -0.849613 3.404520 -0.113479
v -0.932027 4.043822 -0.030104
v -0.978149 3.972214 -0.027379
v -0.959628 4.029417 -0.026796
v -0.976509 4.003206 -0.025799
v -0.792027 3.383822 -0.090104
v -0.862952 3.429140 -0.076749
v -0.822951 3.385082 -0.085372
v -0.848911 3.401670 -0.080484
v -0.926707 4.043251 -0.011411
v -0.968505 3.971179 0.006502
v -0.952145 4.028614 -0.000509
v -0.967445 4.002234 0.006048
v -0.786707 3.383251 -0.071411
v -0.853308 3.428106 -0.042868
v -0.815468 3.384279 -0.059085
v -0.839846 3.400697 -0.048638
v -0.916840 4.043822 0.005333
v -0.950622 3.972214 0.036852
v -0.938270 4.029417 0.023038
v -0.950635 4.003206 0.034575
v -0.776840 3.383822 -0.054667
v -0.835424 3.429140 -0.012518
v -0.801593 3.385082 -0.035538
v -0.823036 3.401670 -0.020110
v -0.903100 4.045495 0.018989
v -0.925717 3.975246 0.061602
v -0.918948 4.031770 0.042241
v -0.927226 4.006057 0.057839
v -0.763100 3.385495 -0.041012
v -0.810520 3.432173 0.012232
v -0.782271 3.387435 -0.016335
v -0.799628 3.404520 0.003153
v -0.886422 4.048157 0.028624
v -0.895489 3.980071 0.079066
v -0.895495 4.035513 0.055791
v -0.898814 4.010592 0.074254
v -0.746422 3.388157 -0.031376
v -0.780292 3.436997 0.029696
v -0.758818 3.391178 -0.002786
v -0.771215 3.409055 0.019569
v -0.867944 4.051625 0.033582
v -0.861997 3.986358 0.088054
v -0.869510 4.040391 0.062764
v -0.867333 4.016501 0.082702
v -0.727944 3.391626 -0.026418
v -0.746800 3.443285 0.038684
v -0.732833 3.396056 0.004188
v -0.739735 3.414965 0.028016
v -0.848925 4.055665 0.033527
v -0.827524 3.993680 0.087953
v -0.842764 4.046071 0.062685
v -0.834931 4.023383 0.082607
v -0.708925 3.395665 -0.026474
v -0.712327 3.450606 0.038583
v -0.706087 3.401737 0.004109
v -0.707332 3.421847 0.027921
v -0.830660 4.060000 0.028460
v -0.794420 4.001536 0.078770
v -0.817079 4.052167 0.055560
v -0.803814 4.030768 0.073975
v -0.690660 3.400000 -0.031540
v -0.679222 3.458463 0.029399
v -0.680402 3.407833 -0.003016
v -0.676215 3.429232 0.019290
v -0.814395 4.064335 0.018728
v -0.764939 4.009394 0.061130
v -0.794206 4.058263 0.041875
v -0.776104 4.038154 0.057395
v -0.674395 3.404335 -0.041272
v -0.649741 3.466321 0.011760
v -0.657529 3.413929 -0.016701
v -0.648505 3.436617 0.002710
v -0.801237 4.068374 0.004994
v -0.741091 4.016716 0.036237
v -0.775703 4.063944 0.022561
v -0.753688 4.045035 0.033997
v -0.661238 3.408375 -0.055006
v -0.625894 3.473642 -0.013133
v -0.639026 3.419609 -0.036015
v -0.626090 3.443499 -0.020689
v -0.792085 4.071843 -0.011807
v -0.724501 4.023003 0.005786
v -0.762832 4.068822 -0.001065
v -0.738095 4.050945 0.005374
v -0.652085 3.411843 -0.071807
v -0.609304 3.479929 -0.043584
v -0.626155 3.424487 -0.059641
v -0.610497 3.449409 -0.049311
v -0.787560 4.074505 -0.030528
v -0.716301 4.027827 -0.028147
v -0.756470 4.072565 -0.027393
v -0.730387 4.055480 -0.026521
v -0.647560 3.414505 -0.090528
v -0.601104 3.484754 -0.077518
v -0.619793 3.428230 -0.085969
v -0.602788 3.453943 -0.081206
v -0.787973 4.076178 -0.049896
v -0.717048 4.030860 -0.063251
v -0.757050 4.074918 -0.054628
v -0.731089 4.058330 -0.059516
v -0.647973 3.416178 -0.109896
v -0.601851 3.487787 -0.112621
v -0.620373 3.430583 -0.113204
v -0.603491 3.456794 -0.114201
vn 0.7545 0.4675 -0.4605
vn 0.4454 0.8466 -0.2913
vn 0.0169 0.9989 -0.0440
vn 0.8615 -0.0368 -0.5064
vn 0.7377 -0.5314 -0.4166
vn 0.4162 -0.8835 -0.2151
vn 0.6001 0.4529 -0.6594
vn 0.3323 0.8359 -0.4368
vn -0.0245 0.9950 -0.0973
vn 0.7071 -0.0515 -0.7052
vn 0.6246 -0.5421 -0.5621
vn 0.3748 -0.8874 -0.2684
vn 0.4012 0.4245 -0.8117
vn 0.1867 0.8151 -0.5483
vn -0.0778 0.9874 -0.1381
vn 0.5082 -0.0799 -0.8575
vn 0.4790 -0.5628 -0.6736
vn 0.3215 -0.8950 -0.3092
vn 0.1713 0.3844 -0.9071
vn 0.0184 0.7858 -0.6182
vn -0.1394 0.9766 -0.1636
vn 0.2783 -0.1200 -0.9530
vn 0.3107 -0.5922 -0.7435
vn 0.2599 -0.9058 -0.3348
vn -0.0740 0.3353 -0.9392
vn -0.1611 0.7498 -0.6417
vn -0.2051 0.9635 -0.1722
vn 0.0330 -0.1691 -0.9851
vn 0.1312 -0.6281 -0.7670
vn 0.1942 -0.9189 -0.3434
vn -0.3178 0.2805 -0.9057
vn -0.3397 0.7098 -0.6172
vn -0.2705 0.9488 -0.1633
vn -0.2108 -0.2238 -0.9515
vn -0.0473 -0.6682 -0.7424
vn 0.1288 -0.9336 -0.3344
vn -0.5437 0.2238 -0.8089
vn -0.5050 0.6682 -0.5463
vn -0.3310 0.9336 -0.1373
vn -0.4367 -0.2805 -0.8548
vn -0.2127 -0.7098 -0.6716
vn 0.0683 -0.9488 -0.3085
vn -0.7361 0.1691 -0.6554
vn -0.6458 0.6281 -0.4340
vn -0.3825 0.9189 -0.0962
vn -0.6291 -0.3353 -0.7013
vn -0.3535 -0.7498 -0.5592
vn 0.0167 -0.9635 -0.2673
vn -0.8820 0.1200 -0.4557
vn -0.7527 0.5922 -0.2878
vn -0.4216 0.9058 -0.0427
vn -0.7750 -0.3844 -0.5016
vn -0.4604 -0.7858 -0.4130
vn -0.0224 -0.9766 -0.2138
vn -0.9714 0.0799 -0.2234
vn -0.8181 0.5628 -0.1177
vn -0.4456 0.8950 0.0196
vn -0.8645 -0.4245 -0.2693
vn -0.5258 -0.8151 -0.2430
vn -0.0463 -0.9874 -0.1516
vn -0.9983 0.0515 0.0257
vn -0.8378 0.5421 0.0647
vn -0.4528 0.8874 0.0863
vn -0.8914 -0.4529 -0.0202
vn -0.5455 -0.8359 -0.0606
vn -0.0535 -0.9950 -0.0848
vn -0.9608 0.0368 0.2746
vn -0.8104 0.5314 0.2469
vn -0.4428 0.8835 0.1530
vn -0.8539 -0.4675 0.2288
vn -0.5181 -0.8466 0.1216
vn -0.0435 -0.9989 -0.0181
vn -0.8615 0.0368 0.5064
vn -0.7377 0.5314 0.4166
vn -0.4162 0.8835 0.2151
vn -0.7545 -0.4675 0.4605
vn -0.4454 -0.8466 0.2913
vn -0.0169 -0.9989 0.0440
vn -0.7071 0.0515 0.7052
vn -0.6246 0.5421 0.5621
vn -0.3748 0.8874 0.2684
vn -0.6001 -0.4529 0.6594
vn -0.3323 -0.8359 0.4368
vn 0.0245 -0.9950 0.0973
vn -0.5082 0.0799 0.8575
vn -0.4790 0.5628 0.6736
vn -0.3215 0.8950 0.3092
vn -0.4012 -0.4245 0.8117
vn -0.1867 -0.8151 0.5483
vn 0.0778 -0.9874 0.1381
vn -0.2783 0.1200 0.9530
vn -0.3107 0.5922 0.7435
vn -0.2599 0.9058 0.3348
vn -0.1713 -0.3844 0.9071
vn -0.0184 -0.7858 0.6182
vn 0.1394 -0.9766 0.1636
vn -0.0330 0.1691 0.9851
vn -0.1312 0.6281 0.7670
vn -0.1942 0.9189 0.3434
vn 0.0740 -0.3353 0.9392
vn 0.1611 -0.7498 0.6417
vn 0.2051 -0.9635 0.1722
vn 0.2108 0.2238 0.9515
vn 0.0473 0.6682 0.7424
vn -0.1288 0.9336 0.3344
vn 0.3178 -0.2805 0.9057
vn 0.3397 -0.7098 0.6172
vn 0.2705 -0.9488 0.1633
vn 0.4367 0.2805 0.8548
vn 0.2127 0.7098 0.6716
vn -0.0683 0.9488 0.3085
vn 0.5437 -0.2238 0.8089
vn 0.5050 -0.6682 0.5463
vn 0.3310 -0.9336 0.1373
vn 0.6291 0.3353 0.7013
vn 0.3535 0.7498 0.5592
vn -0.0167 0.9635 0.2673
vn 0.7361 -0.1691 0.6554
vn 0.6458 -0.6281 0.4340
vn 0.3825 -0.9189 0.0962
vn 0.7750 0.3844 0.5016
vn 0.4604 0.7858 0.4130
vn 0.0224 0.9766 0.2138
vn 0.8820 -0.1200 0.4557
vn 0.7527 -0.5922 0.2878
vn 0.4216 -0.9058 0.0427
vn 0.8645 0.4245 0.2693
vn 0.5258 0.8151 0.2430
vn 0.0463 0.9874 0.1516
vn 0.9714 -0.0799 0.2234
vn 0.8181 -0.5628 0.1177
vn 0.4456 -0.8950 -0.0196
vn 0.8914 0.4529 0.0202
vn 0.5455 0.8359 0.0606
vn 0.0535 0.9950 0.0848
vn 0.9983 -0.0515 -0.0257
vn 0.8378 -0.5421 -0.0647
vn 0.4528 -0.8874 -0.0863
vn 0.8539 0.4675 -0.2288
vn 0.5181 0.8466 -0.1216
vn 0.0435 0.9989 0.0181
vn 0.9608 -0.0368 -0.2746
vn 0.8104 -0.5314 -0.2469
vn 0.4428 -0.8835 -0.1530
vn -0.2067 0.9744 0.0886
vn 0.8365 0.2229 -0.5005
vn 0.9394 0.2229 -0.2606
vn 0.2067 -0.9744 -0.0886
vn 0.6767 0.2078 -0.7064
vn 0.4707 0.1784 -0.8641
vn 0.2327 0.1369 -0.9629
vn -0.0212 0.0861 -0.9961
vn -0.2736 0.0294 -0.9614
vn -0.5074 -0.0294 -0.8612
vn -0.7067 -0.0861 -0.7023
vn -0.8577 -0.1369 -0.4955
vn -0.9503 -0.1784 -0.2550
vn -0.9782 -0.2078 0.0029
vn -0.9394 -0.2229 0.2606
vn -0.8365 -0.2229 0.5005
vn -0.6767 -0.2078 0.7064
vn -0.4707 -0.1784 0.8641
vn -0.2327 -0.1369 0.9629
vn 0.0212 -0.0861 0.9961
vn 0.2736 -0.0294 0.9614
vn 0.5074 0.0294 0.8612
vn 0.7067 0.0861 0.7023
vn 0.8577 0.1369 0.4955
vn 0.9503 0.1784 0.2550
vn 0.9782 0.2078 -0.0029
vt 1.000000 0.544290
vt 0.958333 0.544290
vt 0.958333 0.500000
vt 0.998749 0.500000
vt 0.750000 0.489754
vt 0.812053 0.481585
vt 0.798194 0.429862
vt 0.750000 0.436207
vt 0.784271 0.377901
vt 0.750000 0.382413
vt 0.958333 0.955710
vt 1.000000 0.955710
vt 0.998749 1.000000
vt 0.958333 1.000000
vt 0.312053 0.481585
vt 0.250000 0.489754
vt 0.250000 0.436206
vt 0.298194 0.429862
vt 0.250000 0.382413
vt 0.284271 0.377901
vt 0.916667 0.544290
vt 0.916667 0.500000
vt 0.869877 0.457633
vt 0.843103 0.411260
vt 0.816206 0.364673
vt 0.916667 0.955710
vt 0.916667 1.000000
vt 0.369877 0.457633
vt 0.343103 0.411260
vt 0.316207 0.364673
vt 0.875000 0.544290
vt 0.875000 0.500000
vt 0.919532 0.419532
vt 0.881668 0.381668
vt 0.843630 0.343630
vt 0.875000 0.955710
vt 0.875000 1.000000
vt 0.419532 0.419532
vt 0.381668 0.381668
vt 0.343630 0.343630
vt 0.833333 0.544290
vt 0.833333 0.500000
vt 0.957633 0.369877
vt 0.911260 0.343103
vt 0.864673 0.316207
vt 0.833333 0.955710
vt 0.833333 1.000000
vt 0.457633 0.369877
vt 0.411259 0.343103
vt 0.364673 0.316207
vt 0.791667 0.544290
vt 0.791667 0.500000
vt 0.981585 0.312053
vt 0.929862 0.298194
vt 0.877901 0.284271
vt 0.791667 0.955710
vt 0.791667 1.000000
vt 0.481585 0.312053
vt 0.429862 0.298194
vt 0.377901 0.284271
vt 0.750000 0.544290
vt 0.750000 0.500000
vt 0.989754 0.250000
vt 0.936207 0.250000
vt 0.882413 0.250000
vt 0.750000 0.955710
vt 0.750000 1.000000
vt 0.489754 0.250000
vt 0.436207 0.250000
vt 0.382413 0.250000
vt 0.708333 0.544290
vt 0.708333 0.500000
vt 0.981585 0.187947
vt 0.929862 0.201806
vt 0.877901 0.215729
vt 0.708333 0.955710
vt 0.708333 1.000000
vt 0.481585 0.187947
vt 0.429862 0.201806
vt 0.377901 0.215729
vt 0.666667 0.544290
vt 0.666667 0.500000
vt 0.957633 0.130123
vt 0.911259 0.156897
vt 0.864673 0.183794
vt 0.666667 0.955710
vt 0.666667 1.000000
vt 0.457633 0.130123
vt 0.411260 0.156897
vt 0.364673 0.183794
vt 0.625000 0.544290
vt 0.625000 0.500000
vt 0.919532 0.080468
vt 0.881668 0.118332
vt 0.843630 0.156370
vt 0.625000 0.955710
vt 0.625000 1.000000
vt 0.419532 0.080468
vt 0.381668 0.118332
vt 0.343630 0.156370
vt 0.583333 0.544290
vt 0.583333 0.500000
vt 0.869877 0.042367
vt 0.843103 0.088740
vt 0.816207 0.135327
vt 0.583333 0.955710
vt 0.583333 1.000000
vt 0.369877 0.042367
vt 0.343103 0.088740
vt 0.316207 0.135327
vt 0.541666 0.544290
vt 0.541666 0.500000
vt 0.812053 0.018415
vt 0.798194 0.070138
vt 0.784271 0.122099
vt 0.541666 0.955710
vt 0.541666 1.000000
vt 0.312053 0.018415
vt 0.298194 0.070138
vt 0.284271 0.122099
vt 0.500000 0.544290
vt 0.500000 0.500000
vt 0.750000 0.010246
vt 0.750000 0.063794
vt 0.750000 0.117587
vt 0.500000 0.955710
vt 0.500000 1.000000
vt 0.250000 0.010246
vt 0.250000 0.063794
vt 0.250000 0.117587
vt 0.458333 0.544290
vt 0.458333 0.500000
vt 0.687947 0.018415
vt 0.701806 0.070138
vt 0.715729 0.122099
vt 0.458333 0.955710
vt 0.458333 1.000000
vt 0.187947 0.018415
vt 0.201806 0.070138
vt 0.215729 0.122099
vt 0.416667 0.544290
vt 0.416666 0.500000
vt 0.630123 0.042367
vt 0.656897 0.088740
vt 0.683793 0.135327
vt 0.416667 0.955710
vt 0.416666 1.000000
vt 0.130123 0.042367
vt 0.156897 0.088740
vt 0.183794 0.135327
vt 0.375000 0.544290
vt 0.375000 0.500000
vt 0.580468 0.080468
vt 0.618332 0.118332
vt 0.656370 0.156370
vt 0.375000 0.955710
vt 0.375000 1.000000
vt 0.080468 0.080468
vt 0.118332 0.118332
vt 0.156370 0.156370
vt 0.333333 0.544290
vt 0.333333 0.500000
vt 0.542367 0.130123
vt 0.588740 0.156897
vt 0.635327 0.183794
vt 0.333333 0.955710
vt 0.333333 1.000000
vt 0.042367 0.130123
vt 0.088740 0.156897
vt 0.135327 0.183794
vt 0.291667 0.544290
vt 0.291667 0.500000
vt 0.518415 0.187947
vt 0.570138 0.201806
vt 0.622099 0.215729
vt 0.291667 0.955710
vt 0.291667 1.000000
vt 0.018415 0.187947
vt 0.070138 0.201806
vt 0.122099 0.215729
vt 0.250000 0.544290
vt 0.250000 0.500000
vt 0.510246 0.250000
vt 0.563793 0.250000
vt 0.617587 0.250000
vt 0.250000 0.955710
vt 0.250000 1.000000
vt 0.010246 0.250000
vt 0.063794 0.250000
vt 0.117587 0.250000
vt 0.208333 0.544290
vt 0.208333 0.500000
vt 0.518415 0.312053
vt 0.570138 0.298194
vt 0.622099 0.284271
vt 0.208333 0.955710
vt 0.208333 1.000000
vt 0.018415 0.312053
vt 0.070138 0.298194
vt 0.122099 0.284271
vt 0.166667 0.544290
vt 0.166666 0.500000
vt 0.542367 0.369877
vt 0.588741 0.343103
vt 0.635327 0.316207
vt 0.166667 0.955710
vt 0.166666 1.000000
vt 0.042367 0.369877
vt 0.088740 0.343103
vt 0.135327 0.316207
vt 0.125000 0.544290
vt 0.125000 0.500000
vt 0.580468 0.419532
vt 0.618332 0.381668
vt 0.656370 0.343630
vt 0.125000 0.955710
vt 0.125000 1.000000
vt 0.080468 0.419532
vt 0.118332 0.381668
vt 0.156370 0.343630
vt 0.083333 0.544290
vt 0.083333 0.500000
vt 0.630123 0.457633
vt 0.656897 0.411260
vt 0.683793 0.364673
vt 0.083333 0.955710
vt 0.083333 1.000000
vt 0.130123 0.457633
vt 0.156897 0.411260
vt 0.183794 0.364673
vt 0.041666 0.544290
vt 0.041666 0.500000
vt 0.687947 0.481585
vt 0.701806 0.429862
vt 0.715729 0.377901
vt 0.041666 0.955710
vt 0.041666 1.000000
vt 0.187947 0.481585
vt 0.201806 0.429862
vt 0.215729 0.377901
vt -0.000000 0.544290
vt 0.001251 0.500000
vt -0.000000 0.955710
vt 0.001251 1.000000
s 0
usemtl skin
f 2794/3292/2785 2802/3293/2785 2804/3294/2785 2796/3295/2785
f 2796/3296/2786 2804/3297/2786 2803/3298/2786 2795/3299/2786
f 2795/3299/2787 2803/3298/2787 2801/3300/2787 2793/3301/2787
f 2806/3302/2788 2798/3303/2788 2800/3304/2788 2808/3305/2788
f 2808/3306/2789 2800/3307/2789 2799/3308/2789 2807/3309/2789
f 2807/3309/2790 2799/3308/2790 2797/3310/2790 2805/3311/2790
f 2802/3293/2791 2810/3312/2791 2812/3313/2791 2804/3294/2791
f 2804/3297/2792 2812/3314/2792 2811/3315/2792 2803/3298/2792
f 2803/3298/2793 2811/3315/2793 2809/3316/2793 2801/3300/2793
f 2814/3317/2794 2806/3302/2794 2808/3305/2794 2816/3318/2794
f 2816/3319/2795 2808/3306/2795 2807/3309/2795 2815/3320/2795
f 2815/3320/2796 2807/3309/2796 2805/3311/2796 2813/3321/2796
f 2810/3312/2797 2818/3322/2797 2820/3323/2797 2812/3313/2797
f 2812/3314/2798 2820/3324/2798 2819/3325/2798 2811/3315/2798
f 2811/3315/2799 2819/3325/2799 2817/3326/2799 2809/3316/2799
f 2822/3327/2800 2814/3317/2800 2816/3318/2800 2824/3328/2800
f 2824/3329/2801 2816/3319/2801 2815/3320/2801 2823/3330/2801
f 2823/3330/2802 2815/3320/2802 2813/3321/2802 2821/3331/2802
f 2818/3322/2803 2826/3332/2803 2828/3333/2803 2820/3323/2803
f 2820/3324/2804 2828/3334/2804 2827/3335/2804 2819/3325/2804
f 2819/3325/2805 2827/3335/2805 2825/3336/2805 2817/3326/2805
f 2830/3337/2806 2822/3327/2806 2824/3328/2806 2832/3338/2806
f 2832/3339/2807 2824/3329/2807 2823/3330/2807 2831/3340/2807
f 2831/3340/2808 2823/3330/2808 2821/3331/2808 2829/3341/2808
f 2826/3332/2809 2834/3342/2809 2836/3343/2809 2828/3333/2809
f 2828/3334/2810 2836/3344/2810 2835/3345/2810 2827/3335/2810
f 2827/3335/2811 2835/3345/2811 2833/3346/2811 2825/3336/2811
f 2838/3347/2812 2830/3337/2812 2832/3338/2812 2840/3348/2812
f 2840/3349/2813 2832/3339/2813 2831/3340/2813 2839/3350/2813
f 2839/3350/2814 2831/3340/2814 2829/3341/2814 2837/3351/2814
f 2834/3342/2815 2842/3352/2815 2844/3353/2815 2836/3343/2815
f 2836/3344/2816 2844/3354/2816 2843/3355/2816 2835/3345/2816
f 2835/3345/2817 2843/3355/2817 2841/3356/2817 2833/3346/2817
f 2846/3357/2818 2838/3347/2818 2840/3348/2818 2848/3358/2818
f 2848/3359/2819 2840/3349/2819 2839/3350/2819 2847/3360/2819
f 2847/3360/2820 2839/3350/2820 2837/3351/2820 2845/3361/2820
f 2842/3352/2821 2850/3362/2821 2852/3363/2821 2844/3353/2821
f 2844/3354/2822 2852/3364/2822 2851/3365/2822 2843/3355/2822
f 2843/3355/2823 2851/3365/2823 2849/3366/2823 2841/3356/2823
f 2854/3367/2824 2846/3357/2824 2848/3358/2824 2856/3368/2824
f 2856/3369/2825 2848/3359/2825 2847/3360/2825 2855/3370/2825
f 2855/3370/2826 2847/3360/2826 2845/3361/2826 2853/3371/2826
f 2850/3362/2827 2858/3372/2827 2860/3373/2827 2852/3363/2827
f 2852/3364/2828 2860/3374/2828 2859/3375/2828 2851/3365/2828
f 2851/3365/2829 2859/3375/2829 2857/3376/2829 2849/3366/2829
f 2862/3377/2830 2854/3367/2830 2856/3368/2830 2864/3378/2830
f 2864/3379/2831 2856/3369/2831 2855/3370/2831 2863/3380/2831
f 2863/3380/2832 2855/3370/2832 2853/3371/2832 2861/3381/2832
f 2858/3372/2833 2866/3382/2833 2868/3383/2833 2860/3373/2833
f 2860/3374/2834 2868/3384/2834 2867/3385/2834 2859/3375/2834
f 2859/3375/2835 2867/3385/2835 2865/3386/2835 2857/3376/2835
f 2870/3387/2836 2862/3377/2836 2864/3378/2836 2872/3388/2836
f 2872/3389/2837 2864/3379/2837 2863/3380/2837 2871/3390/2837
f 2871/3390/2838 2863/3380/2838 2861/3381/2838 2869/3391/2838
f 2866/3382/2839 2874/3392/2839 2876/3393/2839 2868/3383/2839
f 2868/3384/2840 2876/3394/2840 2875/3395/2840 2867/3385/2840
f 2867/3385/2841 2875/3395/2841 2873/3396/2841 2865/3386/2841
f 2878/3397/2842 2870/3387/2842 2872/3388/2842 2880/3398/2842
f 2880/3399/2843 2872/3389/2843 2871/3390/2843 2879/3400/2843
f 2879/3400/2844 2871/3390/2844 2869/3391/2844 2877/3401/2844
f 2874/3392/2845 2882/3402/2845 2884/3403/2845 2876/3393/2845
f 2876/3394/2846 2884/3404/2846 2883/3405/2846 2875/3395/2846
f 2875/3395/2847 2883/3405/2847 2881/3406/2847 2873/3396/2847
f 2886/3407/2848 2878/3397/2848 2880/3398/2848 2888/3408/2848
f 2888/3409/2849 2880/3399/2849 2879/3400/2849 2887/3410/2849
f 2887/3410/2850 2879/3400/2850 2877/3401/2850 2885/3411/2850
f 2882/3402/2851 2890/3412/2851 2892/3413/2851 2884/3403/2851
f 2884/3404/2852 2892/3414/2852 2891/3415/2852 2883/3405/2852
f 2883/3405/2853 2891/3415/2853 2889/3416/2853 2881/3406/2853
f 2894/3417/2854 2886/3407/2854 2888/3408/2854 2896/3418/2854
f 2896/3419/2855 2888/3409/2855 2887/3410/2855 2895/3420/2855
f 2895/3420/2856 2887/3410/2856 2885/3411/2856 2893/3421/2856
f 2890/3412/2857 2898/3422/2857 2900/3423/2857 2892/3413/2857
f 2892/3414/2858 2900/3424/2858 2899/3425/2858 2891/3415/2858
f 2891/3415/2859 2899/3425/2859 2897/3426/2859 2889/3416/2859
f 2902/3427/2860 2894/3417/2860 2896/3418/2860 2904/3428/2860
f 2904/3429/2861 2896/3419/2861 2895/3420/2861 2903/3430/2861
f 2903/3430/2862 2895/3420/2862 2893/3421/2862 2901/3431/2862
f 2898/3422/2863 2906/3432/2863 2908/3433/2863 2900/3423/2863
f 2900/3424/2864 2908/3434/2864 2907/3435/2864 2899/3425/2864
f 2899/3425/2865 2907/3435/2865 2905/3436/2865 2897/3426/2865
f 2910/3437/2866 2902/3427/2866 2904/3428/2866 2912/3438/2866
f 2912/3439/2867 2904/3429/2867 2903/3430/2867 2911/3440/2867
f 2911/3440/2868 2903/3430/2868 2901/3431/2868 2909/3441/2868
f 2906/3432/2869 2914/3442/2869 2916/3443/2869 2908/3433/2869
f 2908/3434/2870 2916/3444/2870 2915/3445/2870 2907/3435/2870
f 2907/3435/2871 2915/3445/2871 2913/3446/2871 2905/3436/2871
f 2918/3447/2872 2910/3437/2872 2912/3438/2872 2920/3448/2872
f 2920/3449/2873 2912/3439/2873 2911/3440/2873 2919/3450/2873
f 2919/3450/2874 2911/3440/2874 2909/3441/2874 2917/3451/2874
f 2914/3442/2875 2922/3452/2875 2924/3453/2875 2916/3443/2875
f 2916/3444/2876 2924/3454/2876 2923/3455/2876 2915/3445/2876
f 2915/3445/2877 2923/3455/2877 2921/3456/2877 2913/3446/2877
f 2926/3457/2878 2918/3447/2878 2920/3448/2878 2928/3458/2878
f 2928/3459/2879 2920/3449/2879 2919/3450/2879 2927/3460/2879
f 2927/3460/2880 2919/3450/2880 2917/3451/2880 2925/3461/2880
f 2922/3452/2881 2930/3462/2881 2932/3463/2881 2924/3453/2881
f 2924/3454/2882 2932/3464/2882 2931/3465/2882 2923/3455/2882
f 2923/3455/2883 2931/3465/2883 2929/3466/2883 2921/3456/2883
f 2934/3467/2884 2926/3457/2884 2928/3458/2884 2936/3468/2884
f 2936/3469/2885 2928/3459/2885 2927/3460/2885 2935/3470/2885
f 2935/3470/2886 2927/3460/2886 2925/3461/2886 2933/3471/2886
f 2930/3462/2887 2938/3472/2887 2940/3473/2887 2932/3463/2887
f 2932/3464/2888 2940/3474/2888 2939/3475/2888 2931/3465/2888
f 2931/3465/2889 2939/3475/2889 2937/3476/2889 2929/3466/2889
f 2942/3477/2890 2934/3467/2890 2936/3468/2890 2944/3478/2890
f 2944/3479/2891 2936/3469/2891 2935/3470/2891 2943/3480/2891
f 2943/3480/2892 2935/3470/2892 2933/3471/2892 2941/3481/2892
f 2938/3472/2893 2946/3482/2893 2948/3483/2893 2940/3473/2893
f 2940/3474/2894 2948/3484/2894 2947/3485/2894 2939/3475/2894
f 2939/3475/2895 2947/3485/2895 2945/3486/2895 2937/3476/2895
f 2950/3487/2896 2942/3477/2896 2944/3478/2896 2952/3488/2896
f 2952/3489/2897 2944/3479/2897 2943/3480/2897 2951/3490/2897
f 2951/3490/2898 2943/3480/2898 2941/3481/2898 2949/3491/2898
f 2946/3482/2899 2954/3492/2899 2956/3493/2899 2948/3483/2899
f 2948/3484/2900 2956/3494/2900 2955/3495/2900 2947/3485/2900
f 2947/3485/2901 2955/3495/2901 2953/3496/2901 2945/3486/2901
f 2958/3497/2902 2950/3487/2902 2952/3488/2902 2960/3498/2902
f 2960/3499/2903 2952/3489/2903 2951/3490/2903 2959/3500/2903
f 2959/3500/2904 2951/3490/2904 2949/3491/2904 2957/3501/2904
f 2954/3492/2905 2962/3502/2905 2964/3503/2905 2956/3493/2905
f 2956/3494/2906 2964/3504/2906 2963/3505/2906 2955/3495/2906
f 2955/3495/2907 2963/3505/2907 2961/3506/2907 2953/3496/2907
f 2966/3507/2908 2958/3497/2908 2960/3498/2908 2968/3508/2908
f 2968/3509/2909 2960/3499/2909 2959/3500/2909 2967/3510/2909
f 2967/3510/2910 2959/3500/2910 2957/3501/2910 2965/3511/2910
f 2962/3502/2911 2970/3512/2911 2972/3513/2911 2964/3503/2911
f 2964/3504/2912 2972/3514/2912 2971/3515/2912 2963/3505/2912
f 2963/3505/2913 2971/3515/2913 2969/3516/2913 2961/3506/2913
f 2974/3517/2914 2966/3507/2914 2968/3508/2914 2976/3518/2914
f 2976/3519/2915 2968/3509/2915 2967/3510/2915 2975/3520/2915
f 2975/3520/2916 2967/3510/2916 2965/3511/2916 2973/3521/2916
f 2970/3512/2917 2978/3522/2917 2980/3523/2917 2972/3513/2917
f 2972/3514/2918 2980/3524/2918 2979/3525/2918 2971/3515/2918
f 2971/3515/2919 2979/3525/2919 2977/3526/2919 2969/3516/2919
f 2982/3527/2920 2974/3517/2920 2976/3518/2920 2984/3528/2920
f 2984/3529/2921 2976/3519/2921 2975/3520/2921 2983/3530/2921
f 2983/3530/2922 2975/3520/2922 2973/3521/2922 2981/3531/2922
f 2978/3522/2923 2794/3532/2923 2796/3533/2923 2980/3523/2923
f 2980/3524/2924 2796/3296/2924 2795/3299/2924 2979/3525/2924
f 2979/3525/2925 2795/3299/2925 2793/3301/2925 2977/3526/2925
f 2798/3534/2926 2982/3527/2926 2984/3528/2926 2800/3535/2926
f 2800/3307/2927 2984/3529/2927 2983/3530/2927 2799/3308/2927
f 2799/3308/2928 2983/3530/2928 2981/3531/2928 2797/3310/2928
f 2793/3301/2929 2801/3300/2929 2809/3316/2929 2817/3326/2929 2825/3336/2929 2833/3346/2929 2841/3356/2929 2849/3366/2929 2857/3376/2929 2865/3386/2929 2873/3396/2929 2881/3406/2929 2889/3416/2929 2897/3426/2929 2905/3436/2929 2913/3446/2929 2921/3456/2929 2929/3466/2929 2937/3476/2929 2945/3486/2929 2953/3496/2929 2961/3506/2929 2969/3516/2929 2977/3526/2929
f 2794/3292/2930 2798/3303/2930 2806/3302/2930 2802/3293/2930
f 2978/3522/2931 2982/3527/2931 2798/3534/2931 2794/3532/2931
f 2805/3311/2932 2797/3310/2932 2981/3531/2932 2973/3521/2932 2965/3511/2932 2957/3501/2932 2949/3491/2932 2941/3481/2932 2933/3471/2932 2925/3461/2932 2917/3451/2932 2909/3441/2932 2901/3431/2932 2893/3421/2932 2885/3411/2932 2877/3401/2932 2869/3391/2932 2861/3381/2932 2853/3371/2932 2845/3361/2932 2837/3351/2932 2829/3341/2932 2821/3331/2932 2813/3321/2932
f 2802/3293/2933 2806/3302/2933 2814/3317/2933 2810/3312/2933
f 2810/3312/2934 2814/3317/2934 2822/3327/2934 2818/3322/2934
f 2818/3322/2935 2822/3327/2935 2830/3337/2935 2826/3332/2935
f 2826/3332/2936 2830/3337/2936 2838/3347/2936 2834/3342/2936
f 2834/3342/2937 2838/3347/2937 2846/3357/2937 2842/3352/2937
f 2842/3352/2938 2846/3357/2938 2854/3367/2938 2850/3362/2938
f 2850/3362/2939 2854/3367/2939 2862/3377/2939 2858/3372/2939
f 2858/3372/2940 2862/3377/2940 2870/3387/2940 2866/3382/2940
f 2866/3382/2941 2870/3387/2941 2878/3397/2941 2874/3392/2941
f 2874/3392/2942 2878/3397/2942 2886/3407/2942 2882/3402/2942
f 2882/3402/2943 2886/3407/2943 2894/3417/2943 2890/3412/2943
f 2890/3412/2944 2894/3417/2944 2902/3427/2944 2898/3422/2944
f 2898/3422/2945 2902/3427/2945 2910/3437/2945 2906/3432/2945
f 2906/3432/2946 2910/3437/2946 2918/3447/2946 2914/3442/2946
f 2914/3442/2947 2918/3447/2947 2926/3457/2947 2922/3452/2947
f 2922/3452/2948 2926/3457/2948 2934/3467/2948 2930/3462/2948
f 2930/3462/2949 2934/3467/2949 2942/3477/2949 2938/3472/2949
f 2938/3472/2950 2942/3477/2950 2950/3487/2950 2946/3482/2950
f 2946/3482/2951 2950/3487/2951 2958/3497/2951 2954/3492/2951
f 2954/3492/2952 2958/3497/2952 2966/3507/2952 2962/3502/2952
f 2962/3502/2953 2966/3507/2953 2974/3517/2953 2970/3512/2953
f 2970/3512/2954 2974/3517/2954 2982/3527/2954 2978/3522/2954
o hand
v -0.700000 3.490000 -0.110000
v -0.700000 3.449553 -0.182224
v -0.700000 3.383337 -0.218091
v -0.700000 3.296822 -0.237502
v -0.700000 3.250000 -0.240000
v -0.700000 3.203178 -0.237502
v -0.700000 3.116663 -0.218091
v -0.700000 3.010000 -0.110000
v -0.693910 3.485389 -0.134874
v -0.688055 3.471731 -0.158793
v -0.682658 3.449553 -0.180836
v -0.677928 3.419706 -0.200158
v -0.674046 3.383337 -0.216014
v -0.671162 3.341844 -0.227797
v -0.669385 3.296822 -0.235052
v -0.668786 3.250000 -0.237502
v -0.669385 3.203178 -0.235052
v -0.671162 3.158156 -0.227797
v -0.674046 3.116663 -0.216014
v -0.677928 3.080294 -0.200158
v -0.682658 3.050447 -0.180836
v -0.688055 3.028269 -0.158793
v -0.693910 3.014611 -0.134874
v -0.688055 3.485389 -0.133431
v -0.676569 3.471731 -0.155962
v -0.665983 3.449553 -0.176726
v -0.656704 3.419706 -0.194927
v -0.649090 3.383337 -0.209863
v -0.643431 3.341844 -0.220962
v -0.639947 3.296822 -0.227797
v -0.638771 3.250000 -0.230104
v -0.639947 3.203178 -0.227797
v -0.643431 3.158156 -0.220962
v -0.649090 3.116663 -0.209863
v -0.656704 3.080294 -0.194927
v -0.665983 3.050447 -0.176726
v -0.676569 3.028269 -0.155962
v -0.688055 3.014611 -0.133431
v -0.682658 3.485389 -0.131088
v -0.665983 3.471731 -0.151365
v -0.650615 3.449553 -0.170052
v -0.637144 3.419706 -0.186432
v -0.626090 3.383337 -0.199874
v -0.617875 3.341844 -0.209863
v -0.612817 3.296822 -0.216014
v -0.611109 3.250000 -0.218091
v -0.612817 3.203178 -0.216014
v -0.617875 3.158156 -0.209863
v -0.626090 3.116663 -0.199874
v -0.637144 3.080294 -0.186432
v -0.650615 3.050447 -0.170052
v -0.665983 3.028269 -0.151365
v -0.682658 3.014611 -0.131088
v -0.677928 3.485389 -0.127933
v -0.656704 3.471731 -0.145178
v -0.637144 3.449553 -0.161070
v -0.620000 3.419706 -0.175000
v -0.605930 3.383337 -0.186432
v -0.595475 3.341844 -0.194927
v -0.589037 3.296822 -0.200158
v -0.586863 3.250000 -0.201924
v -0.589037 3.203178 -0.200158
v -0.595475 3.158156 -0.194927
v -0.605930 3.116663 -0.186432
v -0.620000 3.080294 -0.175000
v -0.637144 3.050447 -0.161070
v -0.656704 3.028269 -0.145178
v -0.677928 3.014611 -0.127933
v -0.674046 3.485389 -0.124090
v -0.649090 3.471731 -0.137639
v -0.626090 3.449553 -0.150126
v -0.605930 3.419706 -0.161070
v -0.589385 3.383337 -0.170052
v -0.577092 3.341844 -0.176726
v -0.569521 3.296822 -0.180836
v -0.566965 3.250000 -0.182224
v -0.569521 3.203178 -0.180836
v -0.577092 3.158156 -0.176726
v -0.589385 3.116663 -0.170052
v -0.605930 3.080294 -0.161070
v -0.626090 3.050447 -0.150126
v -0.649090 3.028269 -0.137639
v -0.674046 3.014611 -0.124090
v -0.671162 3.485389 -0.119706
v -0.643431 3.471731 -0.129038
v -0.617875 3.449553 -0.137639
v -0.595475 3.419706 -0.145178
v -0.577092 3.383337 -0.151365
v -0.563431 3.341844 -0.155962
v -0.555020 3.296822 -0.158793
v -0.552179 3.250000 -0.159749
v -0.555020 3.203178 -0.158793
v -0.563431 3.158156 -0.155962
v -0.577092 3.116663 -0.151365
v -0.595475 3.080294 -0.145178
v -0.617875 3.050447 -0.137639
v -0.643431 3.028269 -0.129038
v -0.671162 3.014611 -0.119706
v -0.669385 3.485389 -0.114948
v -0.639947 3.471731 -0.119706
v -0.612817 3.449553 -0.124090
v -0.589037 3.419706 -0.127933
v -0.569521 3.383337 -0.131087
v -0.555020 3.341844 -0.133431
v -0.546090 3.296822 -0.134874
v -0.543074 3.250000 -0.135362
v -0.546090 3.203178 -0.134874
v -0.555020 3.158156 -0.133431
v -0.569521 3.116663 -0.131087
v -0.589037 3.080294 -0.127933
v -0.612817 3.050447 -0.124090
v -0.639947 3.028269 -0.119706
v -0.669385 3.014611 -0.114948
v -0.668786 3.485389 -0.110000
v -0.638771 3.471731 -0.110000
v -0.611109 3.449553 -0.110000
v -0.586863 3.419706 -0.110000
v -0.566965 3.383337 -0.110000
v -0.552179 3.341844 -0.110000
v -0.543074 3.296822 -0.110000
v -0.540000 3.250000 -0.110000
v -0.543074 3.203178 -0.110000
v -0.552179 3.158156 -0.110000
v -0.566965 3.116663 -0.110000
v -0.586863 3.080294 -0.110000
v -0.611109 3.050447 -0.110000
v -0.638771 3.028269 -0.110000
v -0.668786 3.014611 -0.110000
v -0.669385 3.485389 -0.105052
v -0.639947 3.471731 -0.100294
v -0.612817 3.449553 -0.095910
v -0.589037 3.419706 -0.092067
v -0.569521 3.383337 -0.088912
v -0.555020 3.341844 -0.086569
v -0.546090 3.296822 -0.085126
v -0.543074 3.250000 -0.084638
v -0.546090 3.203178 -0.085126
v -0.555020 3.158156 -0.086569
v -0.569521 3.116663 -0.088912
v -0.589037 3.080294 -0.092067
v -0.612817 3.050447 -0.095910
v -0.639947 3.028269 -0.100294
v -0.669385 3.014611 -0.105052
v -0.671162 3.485389 -0.100294
v -0.643431 3.471731 -0.090962
v -0.617875 3.449553 -0.082361
v -0.595475 3.419706 -0.074822
v -0.577092 3.383337 -0.068635
v -0.563431 3.341844 -0.064038
v -0.555020 3.296822 -0.061207
v -0.552179 3.250000 -0.060251
v -0.555020 3.203178 -0.061207
v -0.563431 3.158156 -0.064038
v -0.577092 3.116663 -0.068635
v -0.595475 3.080294 -0.074822
v -0.617875 3.050447 -0.082361
v -0.643431 3.028269 -0.090962
v -0.671162 3.014611 -0.100294
v -0.674046 3.485389 -0.095910
v -0.649090 3.471731 -0.082361
v -0.626090 3.449553 -0.069874
v -0.605930 3.419706 -0.058930
v -0.589385 3.383337 -0.049948
v -0.577092 3.341844 -0.043274
v -0.569521 3.296822 -0.039164
v -0.566965 3.250000 -0.037776
v -0.569521 3.203178 -0.039164
v -0.577092 3.158156 -0.043274
v -0.589385 3.116663 -0.049948
v -0.605930 3.080294 -0.058930
v -0.626090 3.050447 -0.069874
v -0.649090 3.028269 -0.082361
v -0.674046 3.014611 -0.095910
v -0.677928 3.485389 -0.092067
v -0.656704 3.471731 -0.074822
v -0.637144 3.449553 -0.058930
v -0.620000 3.419706 -0.045000
v -0.605930 3.383337 -0.033568
v -0.595475 3.341844 -0.025073
v -0.589037 3.296822 -0.019842
v -0.586863 3.250000 -0.018076
v -0.589037 3.203178 -0.019842
v -0.595475 3.158156 -0.025073
v -0.605930 3.116663 -0.033568
v -0.620000 3.080294 -0.045000
v -0.637144 3.050447 -0.058930
v -0.656704 3.028269 -0.074822
v -0.677928 3.014611 -0.092067
v -0.682658 3.485389 -0.088912
v -0.665983 3.471731 -0.068635
v -0.650615 3.449553 -0.049948
v -0.637144 3.419706 -0.033568
v -0.626090 3.383337 -0.020126
v -0.617875 3.341844 -0.010137
v -0.612817 3.296822 -0.003986
v -0.611109 3.250000 -0.001909
v -0.612817 3.203178 -0.003986
v -0.617875 3.158156 -0.010137
v -0.626090 3.116663 -0.020126
v -0.637144 3.080294 -0.033568
v -0.650615 3.050447 -0.049948
v -0.665983 3.028269 -0.068635
v -0.682658 3.014611 -0.088912
v -0.688055 3.485389 -0.086569
v -0.676569 3.471731 -0.064038
v -0.665983 3.449553 -0.043274
v -0.656704 3.419706 -0.025073
v -0.649090 3.383337 -0.010137
v -0.643431 3.341844 0.000962
v -0.639947 3.296822 0.007797
v -0.638771 3.250000 0.010104
v -0.639947 3.203178 0.007797
v -0.643431 3.158156 0.000962
v -0.649090 3.116663 -0.010137
v -0.656704 3.080294 -0.025073
v -0.665983 3.050447 -0.043274
v -0.676569 3.028269 -0.064038
v -0.688055 3.014611 -0.086569
v -0.693910 3.485389 -0.085126
v -0.688055 3.471731 -0.061207
v -0.682658 3.449553 -0.039164
v -0.677928 3.419706 -0.019842
v -0.674046 3.383337 -0.003986
v -0.671162 3.341844 0.007797
v -0.669385 3.296822 0.015052
v -0.668786 3.250000 0.017502
v -0.669385 3.203178 0.015052
v -0.671162 3.158156 0.007797
v -0.674046 3.116663 -0.003986
v -0.677928 3.080294 -0.019842
v -0.682658 3.050447 -0.039164
v -0.688055 3.028269 -0.061207
v -0.693910 3.014611 -0.085126
v -0.700000 3.485389 -0.084638
v -0.700000 3.471731 -0.060251
v -0.700000 3.449553 -0.037776
v -0.700000 3.419706 -0.018076
v -0.700000 3.383337 -0.001909
v -0.700000 3.341844 0.010104
v -0.700000 3.296822 0.017502
v -0.700000 3.250000 0.020000
v -0.700000 3.203178 0.017502
v -0.700000 3.158156 0.010104
v -0.700000 3.116663 -0.001909
v -0.700000 3.080294 -0.018076
v -0.700000 3.050447 -0.037776
v -0.700000 3.028269 -0.060251
v -0.700000 3.014611 -0.084638
v -0.706090 3.485389 -0.085126
v -0.711945 3.471731 -0.061207
v -0.717342 3.449553 -0.039164
v -0.722072 3.419706 -0.019842
v -0.725954 3.383337 -0.003986
v -0.728838 3.341844 0.007797
v -0.730615 3.296822 0.015052
v -0.731214 3.250000 0.017502
v -0.730615 3.203178 0.015052
v -0.728838 3.158156 0.007797
v -0.725954 3.116663 -0.003986
v -0.722072 3.080294 -0.019842
v -0.717342 3.050447 -0.039164
v -0.711945 3.028269 -0.061207
v -0.706090 3.014611 -0.085126
v -0.711945 3.485389 -0.086569
v -0.723431 3.471731 -0.064038
v -0.734017 3.449553 -0.043274
v -0.743296 3.419706 -0.025073
v -0.750910 3.383337 -0.010137
v -0.756568 3.341844 0.000962
v -0.760053 3.296822 0.007797
v -0.761229 3.250000 0.010104
v -0.760053 3.203178 0.007797
v -0.756568 3.158156 0.000962
v -0.750910 3.116663 -0.010137
v -0.743296 3.080294 -0.025073
v -0.734017 3.050447 -0.043274
v -0.723431 3.028269 -0.064038
v -0.711945 3.014611 -0.086569
v -0.717342 3.485389 -0.088913
v -0.734017 3.471731 -0.068635
v -0.749385 3.449553 -0.049948
v -0.762856 3.419706 -0.033568
v -0.773910 3.383337 -0.020126
v -0.782125 3.341844 -0.010137
v -0.787183 3.296822 -0.003986
v -0.788891 3.250000 -0.001909
v -0.787183 3.203178 -0.003986
v -0.782125 3.158156 -0.010137
v -0.773910 3.116663 -0.020126
v -0.762856 3.080294 -0.033568
v -0.749385 3.050447 -0.049948
v -0.734017 3.028269 -0.068635
v -0.717342 3.014611 -0.088913
v -0.722072 3.485389 -0.092067
v -0.743296 3.471731 -0.074822
v -0.762856 3.449553 -0.058930
v -0.780000 3.419706 -0.045000
v -0.794070 3.383337 -0.033568
v -0.804525 3.341844 -0.025073
v -0.810963 3.296822 -0.019842
v -0.813137 3.250000 -0.018076
v -0.810963 3.203178 -0.019842
v -0.804525 3.158156 -0.025073
v -0.794070 3.116663 -0.033568
v -0.780000 3.080294 -0.045000
v -0.762856 3.050447 -0.058930
v -0.743296 3.028269 -0.074822
v -0.722072 3.014611 -0.092067
v -0.725954 3.485389 -0.095910
v -0.750910 3.471731 -0.082361
v -0.773910 3.449553 -0.069874
v -0.794070 3.419706 -0.058930
v -0.810615 3.383337 -0.049948
v -0.822908 3.341844 -0.043274
v -0.830479 3.296822 -0.039164
v -0.833035 3.250000 -0.037776
v -0.830479 3.203178 -0.039164
v -0.822908 3.158156 -0.043274
v -0.810615 3.116663 -0.049948
v -0.794070 3.080294 -0.058930
v -0.773910 3.050447 -0.069874
v -0.750910 3.028269 -0.082361
v -0.725954 3.014611 -0.095910
v -0.728838 3.485389 -0.100294
v -0.756568 3.471731 -0.090962
v -0.782125 3.449553 -0.082361
v -0.804525 3.419706 -0.074822
v -0.822908 3.383337 -0.068635
v -0.836568 3.341844 -0.064038
v -0.844980 3.296822 -0.061207
v -0.847821 3.250000 -0.060251
v -0.844980 3.203178 -0.061207
v -0.836568 3.158156 -0.064038
v -0.822908 3.116663 -0.068635
v -0.804525 3.080294 -0.074822
v -0.782125 3.050447 -0.082361
v -0.756568 3.028269 -0.090962
v -0.728838 3.014611 -0.100294
v -0.730615 3.485389 -0.105052
v -0.760053 3.471731 -0.100294
v -0.787183 3.449553 -0.095910
v -0.810963 3.419706 -0.092067
v -0.830479 3.383337 -0.088913
v -0.844980 3.341844 -0.086569
v -0.853910 3.296822 -0.085126
v -0.856925 3.250000 -0.084638
v -0.853910 3.203178 -0.085126
v -0.844980 3.158156 -0.086569
v -0.830479 3.116663 -0.088913
v -0.810963 3.080294 -0.092067
v -0.787183 3.050447 -0.095910
v -0.760053 3.028269 -0.100294
v -0.730615 3.014611 -0.105052
v -0.731214 3.485389 -0.110000
v -0.761229 3.471731 -0.110000
v -0.788891 3.449553 -0.110000
v -0.813137 3.419706 -0.110000
v -0.833035 3.383337 -0.110000
v -0.847821 3.341844 -0.110000
v -0.856926 3.296822 -0.110000
v -0.860000 3.250000 -0.110000
v -0.856926 3.203178 -0.110000
v -0.847821 3.158156 -0.110000
v -0.833035 3.116663 -0.110000
v -0.813137 3.080294 -0.110000
v -0.788891 3.050447 -0.110000
v -0.761229 3.028269 -0.110000
v -0.731214 3.014611 -0.110000
v -0.730615 3.485389 -0.114948
v -0.760053 3.471731 -0.119706
v -0.787183 3.449553 -0.124090
v -0.810963 3.419706 -0.127933
v -0.830479 3.383337 -0.131088
v -0.844980 3.341844 -0.133431
v -0.853910 3.296822 -0.134874
v -0.856925 3.250000 -0.135362
v -0.853910 3.203178 -0.134874
v -0.844980 3.158156 -0.133431
v -0.830479 3.116663 -0.131088
v -0.810963 3.080294 -0.127933
v -0.787183 3.050447 -0.124090
v -0.760053 3.028269 -0.119706
v -0.730615 3.014611 -0.114948
v -0.728838 3.485389 -0.119706
v -0.756568 3.471731 -0.129038
v -0.782125 3.449553 -0.137639
v -0.804525 3.419706 -0.145178
v -0.822908 3.383337 -0.151365
v -0.836568 3.341844 -0.155962
v -0.844980 3.296822 -0.158793
v -0.847821 3.250000 -0.159749
v -0.844980 3.203178 -0.158793
v -0.836568 3.158156 -0.155962
v -0.822908 3.116663 -0.151365
v -0.804525 3.080294 -0.145178
v -0.782125 3.050447 -0.137639
v -0.756568 3.028269 -0.129038
v -0.728838 3.014611 -0.119706
v -0.725954 3.485389 -0.124090
v -0.750910 3.471731 -0.137639
v -0.773910 3.449553 -0.150126
v -0.794070 3.419706 -0.161070
v -0.810615 3.383337 -0.170052
v -0.822908 3.341844 -0.176726
v -0.830479 3.296822 -0.180836
v -0.833035 3.250000 -0.182224
v -0.830479 3.203178 -0.180836
v -0.822908 3.158156 -0.176726
v -0.810615 3.116663 -0.170052
v -0.794070 3.080294 -0.161070
v -0.773910 3.050447 -0.150126
v -0.750910 3.028269 -0.137639
v -0.725954 3.014611 -0.124090
v -0.722072 3.485389 -0.127933
v -0.743296 3.471731 -0.145178
v -0.762856 3.449553 -0.161070
v -0.780000 3.419706 -0.175000
v -0.794070 3.383337 -0.186432
v -0.804525 3.341844 -0.194927
v -0.810963 3.296822 -0.200158
v -0.813137 3.250000 -0.201924
v -0.810963 3.203178 -0.200158
v -0.804525 3.158156 -0.194927
v -0.794070 3.116663 -0.186432
v -0.780000 3.080294 -0.175000
v -0.762856 3.050447 -0.161070
v -0.743296 3.028269 -0.145178
v -0.722072 3.014611 -0.127933
v -0.717342 3.485389 -0.131087
v -0.734017 3.471731 -0.151365
v -0.749385 3.449553 -0.170052
v -0.762856 3.419706 -0.186432
v -0.773910 3.383337 -0.199874
v -0.782125 3.341844 -0.209863
v -0.787183 3.296822 -0.216014
v -0.788891 3.250000 -0.218091
v -0.787183 3.203178 -0.216014
v -0.782125 3.158156 -0.209863
v -0.773910 3.116663 -0.199874
v -0.762856 3.080294 -0.186432
v -0.749385 3.050447 -0.170052
v -0.734017 3.028269 -0.151365
v -0.717342 3.014611 -0.131087
v -0.711945 3.485389 -0.133431
v -0.723431 3.471731 -0.155962
v -0.734017 3.449553 -0.176726
v -0.743296 3.419706 -0.194927
v -0.750910 3.383337 -0.209863
v -0.756568 3.341844 -0.220962
v -0.760053 3.296822 -0.227796
v -0.761229 3.250000 -0.230104
v -0.760053 3.203178 -0.227796
v -0.756568 3.158156 -0.220962
v -0.750910 3.116663 -0.209863
v -0.743296 3.080294 -0.194927
v -0.734017 3.050447 -0.176726
v -0.723431 3.028269 -0.155962
v -0.711945 3.014611 -0.133431
v -0.706090 3.485389 -0.134874
v -0.711945 3.471731 -0.158793
v -0.717342 3.449553 -0.180836
v -0.722072 3.419706 -0.200158
v -0.725954 3.383337 -0.216014
v -0.728838 3.341844 -0.227796
v -0.730615 3.296822 -0.235052
v -0.731214 3.250000 -0.237502
v -0.730615 3.203178 -0.235052
v -0.728838 3.158156 -0.227796
v -0.725954 3.116663 -0.216014
v -0.722072 3.080294 -0.200158
v -0.717342 3.050447 -0.180836
v -0.711945 3.028269 -0.158793
v -0.706090 3.014611 -0.134874
v -0.700000 3.485389 -0.135362
v -0.700000 3.471731 -0.159749
v -0.700000 3.419706 -0.201924
v -0.700000 3.341844 -0.230104
v -0.700000 3.158156 -0.230104
v -0.700000 3.080294 -0.201924
v -0.700000 3.050447 -0.182224
v -0.700000 3.028269 -0.159749
v -0.700000 3.014611 -0.135362
vn -0.0000 1.0000 -0.0000
vn -0.0000 0.6322 -0.7748
vn -0.0000 0.3418 -0.9398
vn -0.0000 0.1076 -0.9942
vn -0.0000 -0.0000 -1.0000
vn -0.0000 -0.1076 -0.9942
vn -0.0000 -0.3418 -0.9398
vn -0.0000 -1.0000 -0.0000
vn 0.0544 0.9390 -0.3397
vn 0.0962 0.7978 -0.5951
vn 0.1236 0.6346 -0.7629
vn 0.1404 0.4808 -0.8655
vn 0.1505 0.3438 -0.9269
vn 0.1563 0.2212 -0.9626
vn 0.1593 0.1083 -0.9813
vn 0.1603 -0.0000 -0.9871
vn 0.1593 -0.1083 -0.9813
vn 0.1563 -0.2212 -0.9626
vn 0.1505 -0.3438 -0.9269
vn 0.1404 -0.4808 -0.8655
vn 0.1236 -0.6346 -0.7629
vn 0.0962 -0.7978 -0.5951
vn 0.0544 -0.9390 -0.3397
vn 0.1072 0.9408 -0.3215
vn 0.1900 0.8030 -0.5649
vn 0.2453 0.6415 -0.7268
vn 0.2794 0.4877 -0.8271
vn 0.3001 0.3495 -0.8876
vn 0.3121 0.2252 -0.9230
vn 0.3184 0.1103 -0.9415
vn 0.3204 -0.0000 -0.9473
vn 0.3184 -0.1103 -0.9415
vn 0.3121 -0.2252 -0.9230
vn 0.3001 -0.3495 -0.8876
vn 0.2794 -0.4877 -0.8271
vn 0.2453 -0.6415 -0.7268
vn 0.1900 -0.8030 -0.5649
vn 0.1072 -0.9408 -0.3215
vn 0.1568 0.9436 -0.2916
vn 0.2791 0.8109 -0.5144
vn 0.3623 0.6524 -0.6657
vn 0.4149 0.4986 -0.7611
vn 0.4470 0.3587 -0.8195
vn 0.4659 0.2316 -0.8540
vn 0.4759 0.1136 -0.8721
vn 0.4790 -0.0000 -0.8778
vn 0.4759 -0.1136 -0.8721
vn 0.4659 -0.2316 -0.8540
vn 0.4470 -0.3587 -0.8195
vn 0.4149 -0.4986 -0.7611
vn 0.3623 -0.6524 -0.6657
vn 0.2791 -0.8109 -0.5144
vn 0.1568 -0.9436 -0.2916
vn 0.2015 0.9470 -0.2503
vn 0.3603 0.8205 -0.4438
vn 0.4712 0.6659 -0.5784
vn 0.5429 0.5124 -0.6654
vn 0.5875 0.3704 -0.7195
vn 0.6141 0.2399 -0.7519
vn 0.6282 0.1178 -0.7691
vn 0.6327 -0.0000 -0.7744
vn 0.6282 -0.1178 -0.7691
vn 0.6141 -0.2399 -0.7519
vn 0.5875 -0.3704 -0.7195
vn 0.5429 -0.5124 -0.6654
vn 0.4712 -0.6659 -0.5784
vn 0.3603 -0.8205 -0.4438
vn 0.2015 -0.9470 -0.2503
vn 0.2392 0.9504 -0.1986
vn 0.4301 0.8305 -0.3540
vn 0.5668 0.6802 -0.4649
vn 0.6574 0.5274 -0.5383
vn 0.7149 0.3832 -0.5849
vn 0.7497 0.2491 -0.6131
vn 0.7683 0.1226 -0.6282
vn 0.7742 -0.0000 -0.6330
vn 0.7683 -0.1226 -0.6282
vn 0.7497 -0.2491 -0.6131
vn 0.7149 -0.3832 -0.5849
vn 0.6574 -0.5274 -0.5383
vn 0.5668 -0.6802 -0.4649
vn 0.4301 -0.8305 -0.3540
vn 0.2392 -0.9504 -0.1986
vn 0.2682 0.9534 -0.1380
vn 0.4842 0.8393 -0.2471
vn 0.6426 0.6931 -0.3267
vn 0.7499 0.5411 -0.3806
vn 0.8193 0.3951 -0.4154
vn 0.8619 0.2577 -0.4368
vn 0.8848 0.1270 -0.4483
vn 0.8920 -0.0000 -0.4519
vn 0.8848 -0.1270 -0.4483
vn 0.8619 -0.2577 -0.4368
vn 0.8193 -0.3951 -0.4154
vn 0.7499 -0.5411 -0.3806
vn 0.6426 -0.6931 -0.3267
vn 0.4842 -0.8393 -0.2471
vn 0.2682 -0.9534 -0.1380
vn 0.2865 0.9555 -0.0708
vn 0.5188 0.8454 -0.1272
vn 0.6918 0.7021 -0.1689
vn 0.8109 0.5508 -0.1976
vn 0.8889 0.4037 -0.2164
vn 0.9372 0.2639 -0.2280
vn 0.9634 0.1303 -0.2343
vn 0.9717 -0.0000 -0.2363
vn 0.9634 -0.1303 -0.2343
vn 0.9372 -0.2639 -0.2280
vn 0.8889 -0.4037 -0.2164
vn 0.8109 -0.5508 -0.1976
vn 0.6918 -0.7021 -0.1689
vn 0.5188 -0.8454 -0.1272
vn 0.2865 -0.9555 -0.0708
vn 0.2927 0.9562 -0.0000
vn 0.5307 0.8475 -0.0000
vn 0.7089 0.7053 -0.0000
vn 0.8323 0.5544 -0.0000
vn 0.9135 0.4069 -0.0000
vn 0.9639 0.2662 -0.0000
vn 0.9913 0.1315 -0.0000
vn 1.0000 -0.0000 -0.0000
vn 0.9913 -0.1315 -0.0000
vn 0.9639 -0.2662 -0.0000
vn 0.9135 -0.4069 -0.0000
vn 0.8323 -0.5544 -0.0000
vn 0.7089 -0.7053 -0.0000
vn 0.5307 -0.8475 -0.0000
vn 0.2927 -0.9562 -0.0000
vn 0.2865 0.9555 0.0708
vn 0.5188 0.8454 0.1272
vn 0.6918 0.7021 0.1689
vn 0.8109 0.5508 0.1976
vn 0.8889 0.4037 0.2164
vn 0.9372 0.2639 0.2280
vn 0.9634 0.1303 0.2343
vn 0.9717 -0.0000 0.2363
vn 0.9634 -0.1303 0.2343
vn 0.9372 -0.2639 0.2280
vn 0.8889 -0.4037 0.2164
vn 0.8109 -0.5508 0.1976
vn 0.6918 -0.7021 0.1689
vn 0.5188 -0.8454 0.1272
vn 0.2865 -0.9555 0.0708
vn 0.2682 0.9534 0.1380
vn 0.4842 0.8393 0.2471
vn 0.6426 0.6931 0.3267
vn 0.7499 0.5411 0.3806
vn 0.8193 0.3951 0.4155
vn 0.8619 0.2577 0.4368
vn 0.8848 0.1270 0.4483
vn 0.8920 -0.0000 0.4519
vn 0.8848 -0.1270 0.4483
vn 0.8619 -0.2577 0.4368
vn 0.8193 -0.3951 0.4155
vn 0.7499 -0.5411 0.3806
vn 0.6426 -0.6931 0.3267
vn 0.4842 -0.8393 0.2471
vn 0.2682 -0.9534 0.1380
vn 0.2392 0.9504 0.1986
vn 0.4301 0.8305 0.3540
vn 0.5668 0.6802 0.4649
vn 0.6574 0.5274 0.5383
vn 0.7149 0.3832 0.5849
vn 0.7497 0.2491 0.6131
vn 0.7683 0.1226 0.6282
vn 0.7742 -0.0000 0.6330
vn 0.7683 -0.1226 0.6282
vn 0.7497 -0.2491 0.6131
vn 0.7149 -0.3832 0.5849
vn 0.6574 -0.5274 0.5383
vn 0.5668 -0.6802 0.4649
vn 0.4301 -0.8305 0.3540
vn 0.2392 -0.9504 0.1986
vn 0.2015 0.9470 0.2503
vn 0.3603 0.8205 0.4438
vn 0.4712 0.6659 0.5784
vn 0.5429 0.5124 0.6654
vn 0.5875 0.3704 0.7195
vn 0.6141 0.2399 0.7519
vn 0.6282 0.1178 0.7691
vn 0.6327 -0.0000 0.7744
vn 0.6282 -0.1178 0.7691
vn 0.6141 -0.2399 0.7519
vn 0.5875 -0.3704 0.7195
vn 0.5429 -0.5124 0.6654
vn 0.4712 -0.6659 0.5784
vn 0.3603 -0.8205 0.4438
vn 0.2015 -0.9470 0.2503
vn 0.1568 0.9436 0.2916
vn 0.2791 0.8109 0.5144
vn 0.3623 0.6524 0.6657
vn 0.4149 0.4986 0.7611
vn 0.4470 0.3587 0.8195
vn 0.4659 0.2316 0.8540
vn 0.4759 0.1136 0.8721
vn 0.4790 -0.0000 0.8778
vn 0.4759 -0.1136 0.8721
vn 0.4659 -0.2316 0.8540
vn 0.4470 -0.3587 0.8195
vn 0.4149 -0.4986 0.7611
vn 0.3623 -0.6524 0.6657
vn 0.2791 -0.8109 0.5144
vn 0.1568 -0.9436 0.2916
vn 0.1072 0.9408 0.3215
vn 0.1900 0.8030 0.5649
vn 0.2453 0.6415 0.7268
vn 0.2794 0.4877 0.8271
vn 0.3000 0.3495 0.8876
vn 0.3121 0.2252 0.9230
vn 0.3184 0.1103 0.9415
vn 0.3204 -0.0000 0.9473
vn 0.3184 -0.1103 0.9415
vn 0.3121 -0.2252 0.9230
vn 0.3001 -0.3495 0.8876
vn 0.2794 -0.4877 0.8271
vn 0.2453 -0.6415 0.7268
vn 0.1900 -0.8030 0.5649
vn 0.1072 -0.9408 0.3215
vn 0.0544 0.9390 0.3397
vn 0.0962 0.7978 0.5951
vn 0.1236 0.6346 0.7629
vn 0.1404 0.4808 0.8655
vn 0.1505 0.3438 0.9269
vn 0.1563 0.2212 0.9626
vn 0.1593 0.1083 0.9813
vn 0.1603 -0.0000 0.9871
vn 0.1593 -0.1083 0.9813
vn 0.1563 -0.2212 0.9626
vn 0.1505 -0.3438 0.9269
vn 0.1404 -0.4808 0.8655
vn 0.1236 -0.6346 0.7629
vn 0.0962 -0.7978 0.5951
vn 0.0544 -0.9390 0.3397
vn -0.0000 0.9383 0.3457
vn -0.0000 0.7961 0.6052
vn -0.0000 0.6322 0.7748
vn -0.0000 0.4784 0.8781
vn -0.0000 0.3418 0.9398
vn -0.0000 0.2199 0.9755
vn -0.0000 0.1076 0.9942
vn -0.0000 -0.0000 1.0000
vn -0.0000 -0.1076 0.9942
vn -0.0000 -0.2199 0.9755
vn -0.0000 -0.3418 0.9398
vn -0.0000 -0.4784 0.8781
vn -0.0000 -0.6322 0.7748
vn -0.0000 -0.7961 0.6052
vn -0.0000 -0.9383 0.3457
vn -0.0544 0.9390 0.3397
vn -0.0962 0.7978 0.5951
vn -0.1236 0.6346 0.7629
vn -0.1404 0.4808 0.8655
vn -0.1505 0.3438 0.9269
vn -0.1563 0.2212 0.9626
vn -0.1593 0.1083 0.9813
vn -0.1603 -0.0000 0.9871
vn -0.1593 -0.1083 0.9813
vn -0.1563 -0.2212 0.9626
vn -0.1505 -0.3438 0.9269
vn -0.1404 -0.4808 0.8655
vn -0.1236 -0.6346 0.7629
vn -0.0962 -0.7978 0.5951
vn -0.0544 -0.9390 0.3397
vn -0.1072 0.9408 0.3215
vn -0.1900 0.8030 0.5649
vn -0.2453 0.6415 0.7268
vn -0.2794 0.4877 0.8271
vn -0.3001 0.3495 0.8876
vn -0.3121 0.2252 0.9230
vn -0.3184 0.1103 0.9415
vn -0.3204 -0.0000 0.9473
vn -0.3184 -0.1103 0.9415
vn -0.3121 -0.2252 0.9230
vn -0.3001 -0.3495 0.8876
vn -0.2794 -0.4877 0.8271
vn -0.2453 -0.6415 0.7268
vn -0.1900 -0.8030 0.5649
vn -0.1072 -0.9408 0.3215
vn -0.1568 0.9436 0.2916
vn -0.2791 0.8109 0.5144
vn -0.3623 0.6524 0.6657
vn -0.4149 0.4986 0.7611
vn -0.4470 0.3587 0.8195
vn -0.4659 0.2316 0.8540
vn -0.4759 0.1136 0.8721
vn -0.4790 -0.0000 0.8778
vn -0.4759 -0.1136 0.8721
vn -0.4659 -0.2316 0.8540
vn -0.4470 -0.3587 0.8195
vn -0.4149 -0.4986 0.7611
vn -0.3623 -0.6524 0.6657
vn -0.2791 -0.8109 0.5144
vn -0.1568 -0.9436 0.2916
vn -0.2015 0.9470 0.2503
vn -0.3603 0.8205 0.4438
vn -0.4712 0.6659 0.5784
vn -0.5429 0.5124 0.6654
vn -0.5875 0.3704 0.7195
vn -0.6141 0.2399 0.7519
vn -0.6282 0.1178 0.7691
vn -0.6327 -0.0000 0.7744
vn -0.6282 -0.1178 0.7691
vn -0.6141 -0.2399 0.7519
vn -0.5875 -0.3704 0.7195
vn -0.5429 -0.5124 0.6654
vn -0.4712 -0.6659 0.5784
vn -0.3603 -0.8205 0.4438
vn -0.2015 -0.9470 0.2503
vn -0.2392 0.9504 0.1986
vn -0.4301 0.8305 0.3540
vn -0.5668 0.6802 0.4649
vn -0.6574 0.5274 0.5383
vn -0.7149 0.3832 0.5849
vn -0.7497 0.2491 0.6131
vn -0.7683 0.1226 0.6282
vn -0.7742 -0.0000 0.6330
vn -0.7683 -0.1226 0.6282
vn -0.7497 -0.2491 0.6131
vn -0.7149 -0.3832 0.5849
vn -0.6574 -0.5274 0.5383
vn -0.5668 -0.6802 0.4649
vn -0.4301 -0.8305 0.3540
vn -0.2392 -0.9504 0.1986
vn -0.2682 0.9534 0.1380
vn -0.4842 0.8393 0.2471
vn -0.6426 0.6931 0.3267
vn -0.7499 0.5411 0.3806
vn -0.8193 0.3951 0.4154
vn -0.8619 0.2577 0.4368
vn -0.8848 0.1270 0.4483
vn -0.8920 -0.0000 0.4519
vn -0.8848 -0.1270 0.4483
vn -0.8619 -0.2577 0.4368
vn -0.8193 -0.3951 0.4154
vn -0.7499 -0.5411 0.3806
vn -0.6426 -0.6931 0.3267
vn -0.4842 -0.8393 0.2471
vn -0.2682 -0.9534 0.1380
vn -0.2865 0.9555 0.0708
vn -0.5188 0.8454 0.1272
vn -0.6918 0.7021 0.1689
vn -0.8109 0.5508 0.1976
vn -0.8889 0.4037 0.2164
vn -0.9372 0.2639 0.2280
vn -0.9634 0.1303 0.2343
vn -0.9717 -0.0000 0.2363
vn -0.9634 -0.1303 0.2343
vn -0.9372 -0.2639 0.2280
vn -0.8889 -0.4037 0.2164
vn -0.8109 -0.5508 0.1976
vn -0.6918 -0.7021 0.1689
vn -0.5188 -0.8454 0.1272
vn -0.2865 -0.9555 0.0708
vn -0.2927 0.9562 -0.0000
vn -0.5307 0.8475 -0.0000
vn -0.7089 0.7053 -0.0000
vn -0.8323 0.5544 -0.0000
vn -0.9135 0.4069 -0.0000
vn -0.9639 0.2662 -0.0000
vn -0.9913 0.1315 -0.0000
vn -1.0000 -0.0000 -0.0000
vn -0.9913 -0.1315 -0.0000
vn -0.9639 -0.2662 -0.0000
vn -0.9135 -0.4069 -0.0000
vn -0.8323 -0.5544 -0.0000
vn -0.7089 -0.7053 -0.0000
vn -0.5307 -0.8475 -0.0000
vn -0.2927 -0.9562 -0.0000
vn -0.2865 0.9555 -0.0708
vn -0.5188 0.8454 -0.1272
vn -0.6918 0.7021 -0.1689
vn -0.8109 0.5508 -0.1976
vn -0.8889 0.4037 -0.2164
vn -0.9372 0.2639 -0.2280
vn -0.9634 0.1303 -0.2343
vn -0.9717 -0.0000 -0.2363
vn -0.9634 -0.1303 -0.2343
vn -0.9372 -0.2639 -0.2280
vn -0.8889 -0.4037 -0.2164
vn -0.8109 -0.5508 -0.1976
vn -0.6918 -0.7021 -0.1689
vn -0.5188 -0.8454 -0.1272
vn -0.2865 -0.9555 -0.0708
vn -0.2682 0.9534 -0.1380
vn -0.4842 0.8393 -0.2471
vn -0.6426 0.6931 -0.3267
vn -0.7499 0.5411 -0.3806
vn -0.8193 0.3951 -0.4155
vn -0.8619 0.2577 -0.4368
vn -0.8848 0.1270 -0.4483
vn -0.8920 -0.0000 -0.4519
vn -0.8848 -0.1270 -0.4483
vn -0.8619 -0.2577 -0.4368
vn -0.8193 -0.3951 -0.4155
vn -0.7499 -0.5411 -0.3806
vn -0.6426 -0.6931 -0.3267
vn -0.4842 -0.8393 -0.2471
vn -0.2682 -0.9534 -0.1380
vn -0.2392 0.9504 -0.1986
vn -0.4301 0.8305 -0.3540
vn -0.5668 0.6802 -0.4649
vn -0.6574 0.5274 -0.5383
vn -0.7149 0.3832 -0.5849
vn -0.7497 0.2491 -0.6131
vn -0.7683 0.1226 -0.6282
vn -0.7742 -0.0000 -0.6330
vn -0.7683 -0.1226 -0.6282
vn -0.7497 -0.2491 -0.6131
vn -0.7149 -0.3832 -0.5849
vn -0.6574 -0.5274 -0.5383
vn -0.5668 -0.6802 -0.4649
vn -0.4301 -0.8305 -0.3540
vn -0.2392 -0.9504 -0.1986
vn -0.2015 0.9470 -0.2503
vn -0.3603 0.8205 -0.4438
vn -0.4712 0.6659 -0.5784
vn -0.5429 0.5124 -0.6654
vn -0.5875 0.3704 -0.7195
vn -0.6141 0.2399 -0.7519
vn -0.6282 0.1178 -0.7691
vn -0.6327 -0.0000 -0.7744
vn -0.6282 -0.1178 -0.7691
vn -0.6141 -0.2399 -0.7519
vn -0.5875 -0.3704 -0.7195
vn -0.5429 -0.5124 -0.6654
vn -0.4712 -0.6659 -0.5784
vn -0.3603 -0.8205 -0.4438
vn -0.2015 -0.9470 -0.2503
vn -0.1568 0.9436 -0.2916
vn -0.2791 0.8109 -0.5144
vn -0.3623 0.6524 -0.6657
vn -0.4149 0.4986 -0.7611
vn -0.4470 0.3587 -0.8195
vn -0.4659 0.2316 -0.8540
vn -0.4759 0.1136 -0.8721
vn -0.4790 -0.0000 -0.8778
vn -0.4759 -0.1136 -0.8721
vn -0.4659 -0.2316 -0.8540
vn -0.4470 -0.3587 -0.8195
vn -0.4149 -0.4986 -0.7611
vn -0.3623 -0.6524 -0.6657
vn -0.2791 -0.8109 -0.5144
vn -0.1568 -0.9436 -0.2916
vn -0.1072 0.9408 -0.3215
vn -0.1900 0.8030 -0.5649
vn -0.2453 0.6415 -0.7268
vn -0.2794 0.4877 -0.8271
vn -0.3000 0.3495 -0.8876
vn -0.3121 0.2252 -0.9230
vn -0.3184 0.1103 -0.9415
vn -0.3204 -0.0000 -0.9473
vn -0.3184 -0.1103 -0.9415
vn -0.3121 -0.2252 -0.9230
vn -0.3001 -0.3495 -0.8876
vn -0.2794 -0.4877 -0.8271
vn -0.2453 -0.6415 -0.7268
vn -0.1900 -0.8030 -0.5649
vn -0.1072 -0.9408 -0.3215
vn -0.0544 0.9390 -0.3397
vn -0.0962 0.7978 -0.5951
vn -0.1236 0.6346 -0.7629
vn -0.1404 0.4808 -0.8655
vn -0.1505 0.3438 -0.9269
vn -0.1563 0.2212 -0.9626
vn -0.1593 0.1083 -0.9813
vn -0.1603 -0.0000 -0.9871
vn -0.1593 -0.1083 -0.9813
vn -0.1563 -0.2212 -0.9626
vn -0.1505 -0.3438 -0.9269
vn -0.1404 -0.4808 -0.8655
vn -0.1236 -0.6346 -0.7629
vn -0.0962 -0.7978 -0.5951
vn -0.0544 -0.9390 -0.3397
vn -0.0000 0.9383 -0.3457
vn -0.0000 0.7961 -0.6052
vn -0.0000 0.4784 -0.8781
vn -0.0000 0.2199 -0.9755
vn -0.0000 -0.2199 -0.9755
vn -0.0000 -0.4784 -0.8781
vn -0.0000 -0.6322 -0.7748
vn -0.0000 -0.7961 -0.6052
vn -0.0000 -0.9383 -0.3457
vt 0.750000 0.875000
vt 0.750000 0.937500
vt 0.718750 0.937500
vt 0.718750 0.875000
vt 0.750000 0.375000
vt 0.750000 0.437500
vt 0.718750 0.437500
vt 0.718750 0.375000
vt 0.750000 0.812500
vt 0.718750 0.812500
vt 0.750000 0.312500
vt 0.718750 0.312500
vt 0.750000 0.750000
vt 0.718750 0.750000
vt 0.750000 0.250000
vt 0.718750 0.250000
vt 0.750000 0.687500
vt 0.718750 0.687500
vt 0.750000 0.187500
vt 0.718750 0.187500
vt 0.750000 0.625000
vt 0.718750 0.625000
vt 0.750000 0.125000
vt 0.718750 0.125000
vt 0.750000 0.562500
vt 0.718750 0.562500
vt 0.750000 0.062500
vt 0.718750 0.062500
vt 0.750000 0.500000
vt 0.718750 0.500000
vt 0.734375 1.000000
vt 0.734375 0.000000
vt 0.703125 1.000000
vt 0.687500 0.937500
vt 0.703125 0.000000
vt 0.687500 0.062500
vt 0.687500 0.500000
vt 0.687500 0.437500
vt 0.687500 0.875000
vt 0.687500 0.375000
vt 0.687500 0.812500
vt 0.687500 0.312500
vt 0.687500 0.750000
vt 0.687500 0.250000
vt 0.687500 0.687500
vt 0.687500 0.187500
vt 0.687500 0.625000
vt 0.687500 0.125000
vt 0.687500 0.562500
vt 0.656250 0.750000
vt 0.656250 0.687500
vt 0.656250 0.250000
vt 0.656250 0.187500
vt 0.656250 0.625000
vt 0.656250 0.125000
vt 0.656250 0.562500
vt 0.656250 0.062500
vt 0.656250 0.500000
vt 0.671875 1.000000
vt 0.656250 0.937500
vt 0.671875 0.000000
vt 0.656250 0.437500
vt 0.656250 0.875000
vt 0.656250 0.375000
vt 0.656250 0.812500
vt 0.656250 0.312500
vt 0.625000 0.500000
vt 0.625000 0.437500
vt 0.625000 0.937500
vt 0.625000 0.875000
vt 0.625000 0.375000
vt 0.625000 0.812500
vt 0.625000 0.312500
vt 0.625000 0.750000
vt 0.625000 0.250000
vt 0.625000 0.687500
vt 0.625000 0.187500
vt 0.625000 0.625000
vt 0.625000 0.125000
vt 0.625000 0.562500
vt 0.625000 0.062500
vt 0.640625 1.000000
vt 0.640625 0.000000
vt 0.593750 0.250000
vt 0.593750 0.187500
vt 0.593750 0.687500
vt 0.593750 0.625000
vt 0.593750 0.125000
vt 0.593750 0.562500
vt 0.593750 0.062500
vt 0.593750 0.500000
vt 0.609375 1.000000
vt 0.593750 0.937500
vt 0.609375 0.000000
vt 0.593750 0.437500
vt 0.593750 0.875000
vt 0.593750 0.375000
vt 0.593750 0.812500
vt 0.593750 0.312500
vt 0.593750 0.750000
vt 0.562500 0.937500
vt 0.562500 0.875000
vt 0.562500 0.437500
vt 0.562500 0.375000
vt 0.562500 0.812500
vt 0.562500 0.312500
vt 0.562500 0.750000
vt 0.562500 0.250000
vt 0.562500 0.687500
vt 0.562500 0.187500
vt 0.562500 0.625000
vt 0.562500 0.125000
vt 0.562500 0.562500
vt 0.562500 0.062500
vt 0.562500 0.500000
vt 0.578125 1.000000
vt 0.578125 0.000000
vt 0.531250 0.687500
vt 0.531250 0.625000
vt 0.531250 0.187500
vt 0.531250 0.125000
vt 0.531250 0.562500
vt 0.531250 0.062500
vt 0.531250 0.500000
vt 0.546875 1.000000
vt 0.531250 0.937500
vt 0.546875 0.000000
vt 0.531250 0.437500
vt 0.531250 0.875000
vt 0.531250 0.375000
vt 0.531250 0.812500
vt 0.531250 0.312500
vt 0.531250 0.750000
vt 0.531250 0.250000
vt 0.500000 0.437500
vt 0.500000 0.375000
vt 0.500000 0.875000
vt 0.500000 0.812500
vt 0.500000 0.312500
vt 0.500000 0.750000
vt 0.500000 0.250000
vt 0.500000 0.687500
vt 0.500000 0.187500
vt 0.500000 0.625000
vt 0.500000 0.125000
vt 0.500000 0.562500
vt 0.500000 0.062500
vt 0.500000 0.500000
vt 0.515625 1.000000
vt 0.500000 0.937500
vt 0.515625 0.000000
vt 0.468750 0.187500
vt 0.468750 0.125000
vt 0.468750 0.625000
vt 0.468750 0.562500
vt 0.468750 0.062500
vt 0.468750 0.500000
vt 0.484375 1.000000
vt 0.468750 0.937500
vt 0.484375 0.000000
vt 0.468750 0.437500
vt 0.468750 0.875000
vt 0.468750 0.375000
vt 0.468750 0.812500
vt 0.468750 0.312500
vt 0.468750 0.750000
vt 0.468750 0.250000
vt 0.468750 0.687500
vt 0.437500 0.375000
vt 0.437500 0.312500
vt 0.437500 0.812500
vt 0.437500 0.750000
vt 0.437500 0.250000
vt 0.437500 0.687500
vt 0.437500 0.187500
vt 0.437500 0.625000
vt 0.437500 0.125000
vt 0.437500 0.562500
vt 0.437500 0.062500
vt 0.437500 0.500000
vt 0.453125 1.000000
vt 0.437500 0.937500
vt 0.453125 0.000000
vt 0.437500 0.437500
vt 0.437500 0.875000
vt 0.406250 0.125000
vt 0.406250 0.062500
vt 0.406250 0.562500
vt 0.406250 0.500000
vt 0.421875 1.000000
vt 0.406250 0.937500
vt 0.421875 0.000000
vt 0.406250 0.437500
vt 0.406250 0.875000
vt 0.406250 0.375000
vt 0.406250 0.812500
vt 0.406250 0.312500
vt 0.406250 0.750000
vt 0.406250 0.250000
vt 0.406250 0.687500
vt 0.406250 0.187500
vt 0.406250 0.625000
vt 0.375000 0.812500
vt 0.375000 0.750000
vt 0.375000 0.312500
vt 0.375000 0.250000
vt 0.375000 0.687500
vt 0.375000 0.187500
vt 0.375000 0.625000
vt 0.375000 0.125000
vt 0.375000 0.562500
vt 0.375000 0.062500
vt 0.375000 0.500000
vt 0.390625 1.000000
vt 0.375000 0.937500
vt 0.390625 0.000000
vt 0.375000 0.437500
vt 0.375000 0.875000
vt 0.375000 0.375000
vt 0.343750 0.562500
vt 0.343750 0.500000
vt 0.359375 1.000000
vt 0.343750 0.937500
vt 0.359375 0.000000
vt 0.343750 0.062500
vt 0.343750 0.437500
vt 0.343750 0.875000
vt 0.343750 0.375000
vt 0.343750 0.812500
vt 0.343750 0.312500
vt 0.343750 0.750000
vt 0.343750 0.250000
vt 0.343750 0.687500
vt 0.343750 0.187500
vt 0.343750 0.625000
vt 0.343750 0.125000
vt 0.312500 0.312500
vt 0.312500 0.250000
vt 0.312500 0.750000
vt 0.312500 0.687500
vt 0.312500 0.187500
vt 0.312500 0.625000
vt 0.312500 0.125000
vt 0.312500 0.562500
vt 0.312500 0.062500
vt 0.312500 0.500000
vt 0.328125 1.000000
vt 0.312500 0.937500
vt 0.328125 0.000000
vt 0.312500 0.437500
vt 0.312500 0.875000
vt 0.312500 0.375000
vt 0.312500 0.812500
vt 0.296875 1.000000
vt 0.281250 0.937500
vt 0.296875 0.000000
vt 0.281250 0.062500
vt 0.281250 0.500000
vt 0.281250 0.437500
vt 0.281250 0.875000
vt 0.281250 0.375000
vt 0.281250 0.812500
vt 0.281250 0.312500
vt 0.281250 0.750000
vt 0.281250 0.250000
vt 0.281250 0.687500
vt 0.281250 0.187500
vt 0.281250 0.625000
vt 0.281250 0.125000
vt 0.281250 0.562500
vt 0.250000 0.750000
vt 0.250000 0.687500
vt 0.250000 0.250000
vt 0.250000 0.187500
vt 0.250000 0.625000
vt 0.250000 0.125000
vt 0.250000 0.562500
vt 0.250000 0.062500
vt 0.250000 0.500000
vt 0.265625 1.000000
vt 0.250000 0.937500
vt 0.265625 0.000000
vt 0.250000 0.437500
vt 0.250000 0.875000
vt 0.250000 0.375000
vt 0.250000 0.812500
vt 0.250000 0.312500
vt 0.218750 0.500000
vt 0.218750 0.437500
vt 0.218750 0.937500
vt 0.218750 0.875000
vt 0.218750 0.375000
vt 0.218750 0.812500
vt 0.218750 0.312500
vt 0.218750 0.750000
vt 0.218750 0.250000
vt 0.218750 0.687500
vt 0.218750 0.187500
vt 0.218750 0.625000
vt 0.218750 0.125000
vt 0.218750 0.562500
vt 0.218750 0.062500
vt 0.234375 1.000000
vt 0.234375 0.000000
vt 0.187500 0.250000
vt 0.187500 0.187500
vt 0.187500 0.687500
vt 0.187500 0.625000
vt 0.187500 0.125000
vt 0.187500 0.562500
vt 0.187500 0.062500
vt 0.187500 0.500000
vt 0.203125 1.000000
vt 0.187500 0.937500
vt 0.203125 0.000000
vt 0.187500 0.437500
vt 0.187500 0.875000
vt 0.187500 0.375000
vt 0.187500 0.812500
vt 0.187500 0.312500
vt 0.187500 0.750000
vt 0.156250 0.437500
vt 0.156250 0.375000
vt 0.156250 0.875000
vt 0.156250 0.812500
vt 0.156250 0.312500
vt 0.156250 0.750000
vt 0.156250 0.250000
vt 0.156250 0.687500
vt 0.156250 0.187500
vt 0.156250 0.625000
vt 0.156250 0.125000
vt 0.156250 0.562500
vt 0.156250 0.062500
vt 0.156250 0.500000
vt 0.171875 1.000000
vt 0.156250 0.937500
vt 0.171875 0.000000
vt 0.125000 0.187500
vt 0.125000 0.125000
vt 0.125000 0.625000
vt 0.125000 0.562500
vt 0.125000 0.062500
vt 0.125000 0.500000
vt 0.140625 1.000000
vt 0.125000 0.937500
vt 0.140625 0.000000
vt 0.125000 0.437500
vt 0.125000 0.875000
vt 0.125000 0.375000
vt 0.125000 0.812500
vt 0.125000 0.312500
vt 0.125000 0.750000
vt 0.125000 0.250000
vt 0.125000 0.687500
vt 0.093750 0.875000
vt 0.093750 0.812500
vt 0.093750 0.375000
vt 0.093750 0.312500
vt 0.093750 0.750000
vt 0.093750 0.250000
vt 0.093750 0.687500
vt 0.093750 0.187500
vt 0.093750 0.625000
vt 0.093750 0.125000
vt 0.093750 0.562500
vt 0.093750 0.062500
vt 0.093750 0.500000
vt 0.109375 1.000000
vt 0.093750 0.937500
vt 0.109375 0.000000
vt 0.093750 0.437500
vt 0.062500 0.625000
vt 0.062500 0.562500
vt 0.062500 0.125000
vt 0.062500 0.062500
vt 0.062500 0.500000
vt 0.078125 1.000000
vt 0.062500 0.937500
vt 0.078125 0.000000
vt 0.062500 0.437500
vt 0.062500 0.875000
vt 0.062500 0.375000
vt 0.062500 0.812500
vt 0.062500 0.312500
vt 0.062500 0.750000
vt 0.062500 0.250000
vt 0.062500 0.687500
vt 0.062500 0.187500
vt 0.031250 0.375000
vt 0.031250 0.312500
vt 0.031250 0.812500
vt 0.031250 0.750000
vt 0.031250 0.250000
vt 0.031250 0.687500
vt 0.031250 0.187500
vt 0.031250 0.625000
vt 0.031250 0.125000
vt 0.031250 0.562500
vt 0.031250 0.062500
vt 0.031250 0.500000
vt 0.046875 1.000000
vt 0.031250 0.937500
vt 0.046875 0.000000
vt 0.031250 0.437500
vt 0.031250 0.875000
vt 0.000000 0.125000
vt 0.000000 0.062500
vt 0.000000 0.562500
vt 0.000000 0.500000
vt 0.015625 1.000000
vt 0.000000 0.937500
vt 0.015625 0.000000
vt 0.000000 0.437500
vt 0.000000 0.875000
vt 0.000000 0.375000
vt 0.000000 0.812500
vt 0.000000 0.312500
vt 0.000000 0.750000
vt 0.000000 0.250000
vt 0.000000 0.687500
vt 0.000000 0.187500
vt 0.000000 0.625000
vt 1.000000 0.750000
vt 1.000000 0.812500
vt 0.968750 0.812500
vt 0.968750 0.750000
vt 1.000000 0.250000
vt 1.000000 0.312500
vt 0.968750 0.312500
vt 0.968750 0.250000
vt 1.000000 0.687500
vt 0.968750 0.687500
vt 1.000000 0.187500
vt 0.968750 0.187500
vt 1.000000 0.625000
vt 0.968750 0.625000
vt 1.000000 0.125000
vt 0.968750 0.125000
vt 1.000000 0.562500
vt 0.968750 0.562500
vt 1.000000 0.062500
vt 0.968750 0.062500
vt 1.000000 0.500000
vt 0.968750 0.500000
vt 1.000000 0.937500
vt 0.984375 1.000000
vt 0.968750 0.937500
vt 0.984375 0.000000
vt 1.000000 0.437500
vt 0.968750 0.437500
vt 1.000000 0.875000
vt 0.968750 0.875000
vt 1.000000 0.375000
vt 0.968750 0.375000
vt 0.937500 0.562500
vt 0.937500 0.500000
vt 0.953125 1.000000
vt 0.937500 0.937500
vt 0.953125 0.000000
vt 0.937500 0.062500
vt 0.937500 0.437500
vt 0.937500 0.875000
vt 0.937500 0.375000
vt 0.937500 0.812500
vt 0.937500 0.312500
vt 0.937500 0.750000
vt 0.937500 0.250000
vt 0.937500 0.687500
vt 0.937500 0.187500
vt 0.937500 0.625000
vt 0.937500 0.125000
vt 0.906250 0.312500
vt 0.906250 0.250000
vt 0.906250 0.750000
vt 0.906250 0.687500
vt 0.906250 0.187500
vt 0.906250 0.625000
vt 0.906250 0.125000
vt 0.906250 0.562500
vt 0.906250 0.062500
vt 0.906250 0.500000
vt 0.921875 1.000000
vt 0.906250 0.937500
vt 0.921875 0.000000
vt 0.906250 0.437500
vt 0.906250 0.875000
vt 0.906250 0.375000
vt 0.906250 0.812500
vt 0.890625 0.000000
vt 0.875000 0.062500
vt 0.875000 0.500000
vt 0.875000 0.437500
vt 0.875000 0.937500
vt 0.875000 0.875000
vt 0.875000 0.375000
vt 0.875000 0.812500
vt 0.875000 0.312500
vt 0.875000 0.750000
vt 0.875000 0.250000
vt 0.875000 0.687500
vt 0.875000 0.187500
vt 0.875000 0.625000
vt 0.875000 0.125000
vt 0.875000 0.562500
vt 0.890625 1.000000
vt 0.843750 0.250000
vt 0.843750 0.187500
vt 0.843750 0.687500
vt 0.843750 0.625000
vt 0.843750 0.125000
vt 0.843750 0.562500
vt 0.843750 0.062500
vt 0.843750 0.500000
vt 0.859375 1.000000
vt 0.843750 0.937500
vt 0.859375 0.000000
vt 0.843750 0.437500
vt 0.843750 0.875000
vt 0.843750 0.375000
vt 0.843750 0.812500
vt 0.843750 0.312500
vt 0.843750 0.750000
vt 0.812500 0.937500
vt 0.812500 0.875000
vt 0.812500 0.437500
vt 0.812500 0.375000
vt 0.812500 0.812500
vt 0.812500 0.312500
vt 0.812500 0.750000
vt 0.812500 0.250000
vt 0.812500 0.687500
vt 0.812500 0.187500
vt 0.812500 0.625000
vt 0.812500 0.125000
vt 0.812500 0.562500
vt 0.812500 0.062500
vt 0.812500 0.500000
vt 0.828125 1.000000
vt 0.828125 0.000000
vt 0.781250 0.687500
vt 0.781250 0.625000
vt 0.781250 0.187500
vt 0.781250 0.125000
vt 0.781250 0.562500
vt 0.781250 0.062500
vt 0.781250 0.500000
vt 0.796875 1.000000
vt 0.781250 0.937500
vt 0.796875 0.000000
vt 0.781250 0.437500
vt 0.781250 0.875000
vt 0.781250 0.375000
vt 0.781250 0.812500
vt 0.781250 0.312500
vt 0.781250 0.750000
vt 0.781250 0.250000
vt 0.765625 1.000000
vt 0.765625 0.000000
s 1
usemtl skin
f 3459/3536/3429 3458/3537/3428 2993/3538/2963 2994/3539/2964
f 3462/3540/3432 2990/3541/2960 3001/3542/2971 3002/3543/2972
f 2986/3544/2956 3459/3536/3429 2994/3539/2964 2995/3545/2965
f 2991/3546/2961 3462/3540/3432 3002/3543/2972 3003/3547/2973
f 3460/3548/3430 2986/3544/2956 2995/3545/2965 2996/3549/2966
f 3463/3550/3433 2991/3546/2961 3003/3547/2973 3004/3551/2974
f 2987/3552/2957 3460/3548/3430 2996/3549/2966 2997/3553/2967
f 3464/3554/3434 3463/3550/3433 3004/3551/2974 3005/3555/2975
f 3461/3556/3431 2987/3552/2957 2997/3553/2967 2998/3557/2968
f 3465/3558/3435 3464/3554/3434 3005/3555/2975 3006/3559/2976
f 2988/3560/2958 3461/3556/3431 2998/3557/2968 2999/3561/2969
f 3466/3562/3436 3465/3558/3435 3006/3559/2976 3007/3563/2977
f 2989/3564/2959 2988/3560/2958 2999/3561/2969 3000/3565/2970
f 3458/3537/3428 2985/3566/2955 2993/3538/2963
f 2992/3567/2962 3466/3562/3436 3007/3563/2977
f 2990/3541/2960 2989/3564/2959 3000/3565/2970 3001/3542/2971
f 2993/3538/2963 2985/3568/2955 3008/3569/2978
f 2992/3570/2962 3007/3563/2977 3022/3571/2992
f 3001/3542/2971 3000/3565/2970 3015/3572/2985 3016/3573/2986
f 2994/3539/2964 2993/3538/2963 3008/3569/2978 3009/3574/2979
f 3002/3543/2972 3001/3542/2971 3016/3573/2986 3017/3575/2987
f 2995/3545/2965 2994/3539/2964 3009/3574/2979 3010/3576/2980
f 3003/3547/2973 3002/3543/2972 3017/3575/2987 3018/3577/2988
f 2996/3549/2966 2995/3545/2965 3010/3576/2980 3011/3578/2981
f 3004/3551/2974 3003/3547/2973 3018/3577/2988 3019/3579/2989
f 2997/3553/2967 2996/3549/2966 3011/3578/2981 3012/3580/2982
f 3005/3555/2975 3004/3551/2974 3019/3579/2989 3020/3581/2990
f 2998/3557/2968 2997/3553/2967 3012/3580/2982 3013/3582/2983
f 3006/3559/2976 3005/3555/2975 3020/3581/2990 3021/3583/2991
f 2999/3561/2969 2998/3557/2968 3013/3582/2983 3014/3584/2984
f 3007/3563/2977 3006/3559/2976 3021/3583/2991 3022/3571/2992
f 3000/3565/2970 2999/3561/2969 3014/3584/2984 3015/3572/2985
f 3012/3580/2982 3011/3578/2981 3026/3585/2996 3027/3586/2997
f 3020/3581/2990 3019/3579/2989 3034/3587/3004 3035/3588/3005
f 3013/3582/2983 3012/3580/2982 3027/3586/2997 3028/3589/2998
f 3021/3583/2991 3020/3581/2990 3035/3588/3005 3036/3590/3006
f 3014/3584/2984 3013/3582/2983 3028/3589/2998 3029/3591/2999
f 3022/3571/2992 3021/3583/2991 3036/3590/3006 3037/3592/3007
f 3015/3572/2985 3014/3584/2984 3029/3591/2999 3030/3593/3000
f 3008/3569/2978 2985/3594/2955 3023/3595/2993
f 2992/3596/2962 3022/3571/2992 3037/3592/3007
f 3016/3573/2986 3015/3572/2985 3030/3593/3000 3031/3597/3001
f 3009/3574/2979 3008/3569/2978 3023/3595/2993 3024/3598/2994
f 3017/3575/2987 3016/3573/2986 3031/3597/3001 3032/3599/3002
f 3010/3576/2980 3009/3574/2979 3024/3598/2994 3025/3600/2995
f 3018/3577/2988 3017/3575/2987 3032/3599/3002 3033/3601/3003
f 3011/3578/2981 3010/3576/2980 3025/3600/2995 3026/3585/2996
f 3019/3579/2989 3018/3577/2988 3033/3601/3003 3034/3587/3004
f 3031/3597/3001 3030/3593/3000 3045/3602/3015 3046/3603/3016
f 3024/3598/2994 3023/3595/2993 3038/3604/3008 3039/3605/3009
f 3032/3599/3002 3031/3597/3001 3046/3603/3016 3047/3606/3017
f 3025/3600/2995 3024/3598/2994 3039/3605/3009 3040/3607/3010
f 3033/3601/3003 3032/3599/3002 3047/3606/3017 3048/3608/3018
f 3026/3585/2996 3025/3600/2995 3040/3607/3010 3041/3609/3011
f 3034/3587/3004 3033/3601/3003 3048/3608/3018 3049/3610/3019
f 3027/3586/2997 3026/3585/2996 3041/3609/3011 3042/3611/3012
f 3035/3588/3005 3034/3587/3004 3049/3610/3019 3050/3612/3020
f 3028/3589/2998 3027/3586/2997 3042/3611/3012 3043/3613/3013
f 3036/3590/3006 3035/3588/3005 3050/3612/3020 3051/3614/3021
f 3029/3591/2999 3028/3589/2998 3043/3613/3013 3044/3615/3014
f 3037/3592/3007 3036/3590/3006 3051/3614/3021 3052/3616/3022
f 3030/3593/3000 3029/3591/2999 3044/3615/3014 3045/3602/3015
f 3023/3595/2993 2985/3617/2955 3038/3604/3008
f 2992/3618/2962 3037/3592/3007 3052/3616/3022
f 3050/3612/3020 3049/3610/3019 3064/3619/3034 3065/3620/3035
f 3043/3613/3013 3042/3611/3012 3057/3621/3027 3058/3622/3028
f 3051/3614/3021 3050/3612/3020 3065/3620/3035 3066/3623/3036
f 3044/3615/3014 3043/3613/3013 3058/3622/3028 3059/3624/3029
f 3052/3616/3022 3051/3614/3021 3066/3623/3036 3067/3625/3037
f 3045/3602/3015 3044/3615/3014 3059/3624/3029 3060/3626/3030
f 3038/3604/3008 2985/3627/2955 3053/3628/3023
f 2992/3629/2962 3052/3616/3022 3067/3625/3037
f 3046/3603/3016 3045/3602/3015 3060/3626/3030 3061/3630/3031
f 3039/3605/3009 3038/3604/3008 3053/3628/3023 3054/3631/3024
f 3047/3606/3017 3046/3603/3016 3061/3630/3031 3062/3632/3032
f 3040/3607/3010 3039/3605/3009 3054/3631/3024 3055/3633/3025
f 3048/3608/3018 3047/3606/3017 3062/3632/3032 3063/3634/3033
f 3041/3609/3011 3040/3607/3010 3055/3633/3025 3056/3635/3026
f 3049/3610/3019 3048/3608/3018 3063/3634/3033 3064/3619/3034
f 3042/3611/3012 3041/3609/3011 3056/3635/3026 3057/3621/3027
f 3054/3631/3024 3053/3628/3023 3068/3636/3038 3069/3637/3039
f 3062/3632/3032 3061/3630/3031 3076/3638/3046 3077/3639/3047
f 3055/3633/3025 3054/3631/3024 3069/3637/3039 3070/3640/3040
f 3063/3634/3033 3062/3632/3032 3077/3639/3047 3078/3641/3048
f 3056/3635/3026 3055/3633/3025 3070/3640/3040 3071/3642/3041
f 3064/3619/3034 3063/3634/3033 3078/3641/3048 3079/3643/3049
f 3057/3621/3027 3056/3635/3026 3071/3642/3041 3072/3644/3042
f 3065/3620/3035 3064/3619/3034 3079/3643/3049 3080/3645/3050
f 3058/3622/3028 3057/3621/3027 3072/3644/3042 3073/3646/3043
f 3066/3623/3036 3065/3620/3035 3080/3645/3050 3081/3647/3051
f 3059/3624/3029 3058/3622/3028 3073/3646/3043 3074/3648/3044
f 3067/3625/3037 3066/3623/3036 3081/3647/3051 3082/3649/3052
f 3060/3626/3030 3059/3624/3029 3074/3648/3044 3075/3650/3045
f 3053/3628/3023 2985/3651/2955 3068/3636/3038
f 2992/3652/2962 3067/3625/3037 3082/3649/3052
f 3061/3630/3031 3060/3626/3030 3075/3650/3045 3076/3638/3046
f 3073/3646/3043 3072/3644/3042 3087/3653/3057 3088/3654/3058
f 3081/3647/3051 3080/3645/3050 3095/3655/3065 3096/3656/3066
f 3074/3648/3044 3073/3646/3043 3088/3654/3058 3089/3657/3059
f 3082/3649/3052 3081/3647/3051 3096/3656/3066 3097/3658/3067
f 3075/3650/3045 3074/3648/3044 3089/3657/3059 3090/3659/3060
f 3068/3636/3038 2985/3660/2955 3083/3661/3053
f 2992/3662/2962 3082/3649/3052 3097/3658/3067
f 3076/3638/3046 3075/3650/3045 3090/3659/3060 3091/3663/3061
f 3069/3637/3039 3068/3636/3038 3083/3661/3053 3084/3664/3054
f 3077/3639/3047 3076/3638/3046 3091/3663/3061 3092/3665/3062
f 3070/3640/3040 3069/3637/3039 3084/3664/3054 3085/3666/3055
f 3078/3641/3048 3077/3639/3047 3092/3665/3062 3093/3667/3063
f 3071/3642/3041 3070/3640/3040 3085/3666/3055 3086/3668/3056
f 3079/3643/3049 3078/3641/3048 3093/3667/3063 3094/3669/3064
f 3072/3644/3042 3071/3642/3041 3086/3668/3056 3087/3653/3057
f 3080/3645/3050 3079/3643/3049 3094/3669/3064 3095/3655/3065
f 3092/3665/3062 3091/3663/3061 3106/3670/3076 3107/3671/3077
f 3085/3666/3055 3084/3664/3054 3099/3672/3069 3100/3673/3070
f 3093/3667/3063 3092/3665/3062 3107/3671/3077 3108/3674/3078
f 3086/3668/3056 3085/3666/3055 3100/3673/3070 3101/3675/3071
f 3094/3669/3064 3093/3667/3063 3108/3674/3078 3109/3676/3079
f 3087/3653/3057 3086/3668/3056 3101/3675/3071 3102/3677/3072
f 3095/3655/3065 3094/3669/3064 3109/3676/3079 3110/3678/3080
f 3088/3654/3058 3087/3653/3057 3102/3677/3072 3103/3679/3073
f 3096/3656/3066 3095/3655/3065 3110/3678/3080 3111/3680/3081
f 3089/3657/3059 3088/3654/3058 3103/3679/3073 3104/3681/3074
f 3097/3658/3067 3096/3656/3066 3111/3680/3081 3112/3682/3082
f 3090/3659/3060 3089/3657/3059 3104/3681/3074 3105/3683/3075
f 3083/3661/3053 2985/3684/2955 3098/3685/3068
f 2992/3686/2962 3097/3658/3067 3112/3682/3082
f 3091/3663/3061 3090/3659/3060 3105/3683/3075 3106/3670/3076
f 3084/3664/3054 3083/3661/3053 3098/3685/3068 3099/3672/3069
f 3111/3680/3081 3110/3678/3080 3125/3687/3095 3126/3688/3096
f 3104/3681/3074 3103/3679/3073 3118/3689/3088 3119/3690/3089
f 3112/3682/3082 3111/3680/3081 3126/3688/3096 3127/3691/3097
f 3105/3683/3075 3104/3681/3074 3119/3690/3089 3120/3692/3090
f 3098/3685/3068 2985/3693/2955 3113/3694/3083
f 2992/3695/2962 3112/3682/3082 3127/3691/3097
f 3106/3670/3076 3105/3683/3075 3120/3692/3090 3121/3696/3091
f 3099/3672/3069 3098/3685/3068 3113/3694/3083 3114/3697/3084
f 3107/3671/3077 3106/3670/3076 3121/3696/3091 3122/3698/3092
f 3100/3673/3070 3099/3672/3069 3114/3697/3084 3115/3699/3085
f 3108/3674/3078 3107/3671/3077 3122/3698/3092 3123/3700/3093
f 3101/3675/3071 3100/3673/3070 3115/3699/3085 3116/3701/3086
f 3109/3676/3079 3108/3674/3078 3123/3700/3093 3124/3702/3094
f 3102/3677/3072 3101/3675/3071 3116/3701/3086 3117/3703/3087
f 3110/3678/3080 3109/3676/3079 3124/3702/3094 3125/3687/3095
f 3103/3679/3073 3102/3677/3072 3117/3703/3087 3118/3689/3088
f 3123/3700/3093 3122/3698/3092 3137/3704/3107 3138/3705/3108
f 3116/3701/3086 3115/3699/3085 3130/3706/3100 3131/3707/3101
f 3124/3702/3094 3123/3700/3093 3138/3705/3108 3139/3708/3109
f 3117/3703/3087 3116/3701/3086 3131/3707/3101 3132/3709/3102
f 3125/3687/3095 3124/3702/3094 3139/3708/3109 3140/3710/3110
f 3118/3689/3088 3117/3703/3087 3132/3709/3102 3133/3711/3103
f 3126/3688/3096 3125/3687/3095 3140/3710/3110 3141/3712/3111
f 3119/3690/3089 3118/3689/3088 3133/3711/3103 3134/3713/3104
f 3127/3691/3097 3126/3688/3096 3141/3712/3111 3142/3714/3112
f 3120/3692/3090 3119/3690/3089 3134/3713/3104 3135/3715/3105
f 3113/3694/3083 2985/3716/2955 3128/3717/3098
f 2992/3718/2962 3127/3691/3097 3142/3714/3112
f 3121/3696/3091 3120/3692/3090 3135/3715/3105 3136/3719/3106
f 3114/3697/3084 3113/3694/3083 3128/3717/3098 3129/3720/3099
f 3122/3698/3092 3121/3696/3091 3136/3719/3106 3137/3704/3107
f 3115/3699/3085 3114/3697/3084 3129/3720/3099 3130/3706/3100
f 3142/3714/3112 3141/3712/3111 3156/3721/3126 3157/3722/3127
f 3135/3715/3105 3134/3713/3104 3149/3723/3119 3150/3724/3120
f 3128/3717/3098 2985/3725/2955 3143/3726/3113
f 2992/3727/2962 3142/3714/3112 3157/3722/3127
f 3136/3719/3106 3135/3715/3105 3150/3724/3120 3151/3728/3121
f 3129/3720/3099 3128/3717/3098 3143/3726/3113 3144/3729/3114
f 3137/3704/3107 3136/3719/3106 3151/3728/3121 3152/3730/3122
f 3130/3706/3100 3129/3720/3099 3144/3729/3114 3145/3731/3115
f 3138/3705/3108 3137/3704/3107 3152/3730/3122 3153/3732/3123
f 3131/3707/3101 3130/3706/3100 3145/3731/3115 3146/3733/3116
f 3139/3708/3109 3138/3705/3108 3153/3732/3123 3154/3734/3124
f 3132/3709/3102 3131/3707/3101 3146/3733/3116 3147/3735/3117
f 3140/3710/3110 3139/3708/3109 3154/3734/3124 3155/3736/3125
f 3133/3711/3103 3132/3709/3102 3147/3735/3117 3148/3737/3118
f 3141/3712/3111 3140/3710/3110 3155/3736/3125 3156/3721/3126
f 3134/3713/3104 3133/3711/3103 3148/3737/3118 3149/3723/3119
f 3146/3733/3116 3145/3731/3115 3160/3738/3130 3161/3739/3131
f 3154/3734/3124 3153/3732/3123 3168/3740/3138 3169/3741/3139
f 3147/3735/3117 3146/3733/3116 3161/3739/3131 3162/3742/3132
f 3155/3736/3125 3154/3734/3124 3169/3741/3139 3170/3743/3140
f 3148/3737/3118 3147/3735/3117 3162/3742/3132 3163/3744/3133
f 3156/3721/3126 3155/3736/3125 3170/3743/3140 3171/3745/3141
f 3149/3723/3119 3148/3737/3118 3163/3744/3133 3164/3746/3134
f 3157/3722/3127 3156/3721/3126 3171/3745/3141 3172/3747/3142
f 3150/3724/3120 3149/3723/3119 3164/3746/3134 3165/3748/3135
f 3143/3726/3113 2985/3749/2955 3158/3750/3128
f 2992/3751/2962 3157/3722/3127 3172/3747/3142
f 3151/3728/3121 3150/3724/3120 3165/3748/3135 3166/3752/3136
f 3144/3729/3114 3143/3726/3113 3158/3750/3128 3159/3753/3129
f 3152/3730/3122 3151/3728/3121 3166/3752/3136 3167/3754/3137
f 3145/3731/3115 3144/3729/3114 3159/3753/3129 3160/3738/3130
f 3153/3732/3123 3152/3730/3122 3167/3754/3137 3168/3740/3138
f 3165/3748/3135 3164/3746/3134 3179/3755/3149 3180/3756/3150
f 3158/3750/3128 2985/3757/2955 3173/3758/3143
f 2992/3759/2962 3172/3747/3142 3187/3760/3157
f 3166/3752/3136 3165/3748/3135 3180/3756/3150 3181/3761/3151
f 3159/3753/3129 3158/3750/3128 3173/3758/3143 3174/3762/3144
f 3167/3754/3137 3166/3752/3136 3181/3761/3151 3182/3763/3152
f 3160/3738/3130 3159/3753/3129 3174/3762/3144 3175/3764/3145
f 3168/3740/3138 3167/3754/3137 3182/3763/3152 3183/3765/3153
f 3161/3739/3131 3160/3738/3130 3175/3764/3145 3176/3766/3146
f 3169/3741/3139 3168/3740/3138 3183/3765/3153 3184/3767/3154
f 3162/3742/3132 3161/3739/3131 3176/3766/3146 3177/3768/3147
f 3170/3743/3140 3169/3741/3139 3184/3767/3154 3185/3769/3155
f 3163/3744/3133 3162/3742/3132 3177/3768/3147 3178/3770/3148
f 3171/3745/3141 3170/3743/3140 3185/3769/3155 3186/3771/3156
f 3164/3746/3134 3163/3744/3133 3178/3770/3148 3179/3755/3149
f 3172/3747/3142 3171/3745/3141 3186/3771/3156 3187/3760/3157
f 3184/3767/3154 3183/3765/3153 3198/3772/3168 3199/3773/3169
f 3177/3768/3147 3176/3766/3146 3191/3774/3161 3192/3775/3162
f 3185/3769/3155 3184/3767/3154 3199/3773/3169 3200/3776/3170
f 3178/3770/3148 3177/3768/3147 3192/3775/3162 3193/3777/3163
f 3186/3771/3156 3185/3769/3155 3200/3776/3170 3201/3778/3171
f 3179/3755/3149 3178/3770/3148 3193/3777/3163 3194/3779/3164
f 3187/3760/3157 3186/3771/3156 3201/3778/3171 3202/3780/3172
f 3180/3756/3150 3179/3755/3149 3194/3779/3164 3195/3781/3165
f 3173/3758/3143 2985/3782/2955 3188/3783/3158
f 2992/3784/2962 3187/3760/3157 3202/3780/3172
f 3181/3761/3151 3180/3756/3150 3195/3781/3165 3196/3785/3166
f 3174/3762/3144 3173/3758/3143 3188/3783/3158 3189/3786/3159
f 3182/3763/3152 3181/3761/3151 3196/3785/3166 3197/3787/3167
f 3175/3764/3145 3174/3762/3144 3189/3786/3159 3190/3788/3160
f 3183/3765/3153 3182/3763/3152 3197/3787/3167 3198/3772/3168
f 3176/3766/3146 3175/3764/3145 3190/3788/3160 3191/3774/3161
f 3188/3783/3158 2985/3789/2955 3203/3790/3173
f 2992/3791/2962 3202/3780/3172 3217/3792/3187
f 3196/3785/3166 3195/3781/3165 3210/3793/3180 3211/3794/3181
f 3189/3786/3159 3188/3783/3158 3203/3790/3173 3204/3795/3174
f 3197/3787/3167 3196/3785/3166 3211/3794/3181 3212/3796/3182
f 3190/3788/3160 3189/3786/3159 3204/3795/3174 3205/3797/3175
f 3198/3772/3168 3197/3787/3167 3212/3796/3182 3213/3798/3183
f 3191/3774/3161 3190/3788/3160 3205/3797/3175 3206/3799/3176
f 3199/3773/3169 3198/3772/3168 3213/3798/3183 3214/3800/3184
f 3192/3775/3162 3191/3774/3161 3206/3799/3176 3207/3801/3177
f 3200/3776/3170 3199/3773/3169 3214/3800/3184 3215/3802/3185
f 3193/3777/3163 3192/3775/3162 3207/3801/3177 3208/3803/3178
f 3201/3778/3171 3200/3776/3170 3215/3802/3185 3216/3804/3186
f 3194/3779/3164 3193/3777/3163 3208/3803/3178 3209/3805/3179
f 3202/3780/3172 3201/3778/3171 3216/3804/3186 3217/3792/3187
f 3195/3781/3165 3194/3779/3164 3209/3805/3179 3210/3793/3180
f 3207/3801/3177 3206/3799/3176 3221/3806/3191 3222/3807/3192
f 3215/3802/3185 3214/3800/3184 3229/3808/3199 3230/3809/3200
f 3208/3803/3178 3207/3801/3177 3222/3807/3192 3223/3810/3193
f 3216/3804/3186 3215/3802/3185 3230/3809/3200 3231/3811/3201
f 3209/3805/3179 3208/3803/3178 3223/3810/3193 3224/3812/3194
f 3217/3792/3187 3216/3804/3186 3231/3811/3201 3232/3813/3202
f 3210/3793/3180 3209/3805/3179 3224/3812/3194 3225/3814/3195
f 3203/3790/3173 2985/3815/2955 3218/3816/3188
f 2992/3817/2962 3217/3792/3187 3232/3813/3202
f 3211/3794/3181 3210/3793/3180 3225/3814/3195 3226/3818/3196
f 3204/3795/3174 3203/3790/3173 3218/3816/3188 3219/3819/3189
f 3212/3796/3182 3211/3794/3181 3226/3818/3196 3227/3820/3197
f 3205/3797/3175 3204/3795/3174 3219/3819/3189 3220/3821/3190
f 3213/3798/3183 3212/3796/3182 3227/3820/3197 3228/3822/3198
f 3206/3799/3176 3205/3797/3175 3220/3821/3190 3221/3806/3191
f 3214/3800/3184 3213/3798/3183 3228/3822/3198 3229/3808/3199
f 3226/3818/3196 3225/3814/3195 3240/3823/3210 3241/3824/3211
f 3219/3819/3189 3218/3816/3188 3233/3825/3203 3234/3826/3204
f 3227/3820/3197 3226/3818/3196 3241/3824/3211 3242/3827/3212
f 3220/3821/3190 3219/3819/3189 3234/3826/3204 3235/3828/3205
f 3228/3822/3198 3227/3820/3197 3242/3827/3212 3243/3829/3213
f 3221/3806/3191 3220/3821/3190 3235/3828/3205 3236/3830/3206
f 3229/3808/3199 3228/3822/3198 3243/3829/3213 3244/3831/3214
f 3222/3807/3192 3221/3806/3191 3236/3830/3206 3237/3832/3207
f 3230/3809/3200 3229/3808/3199 3244/3831/3214 3245/3833/3215
f 3223/3810/3193 3222/3807/3192 3237/3832/3207 3238/3834/3208
f 3231/3811/3201 3230/3809/3200 3245/3833/3215 3246/3835/3216
f 3224/3812/3194 3223/3810/3193 3238/3834/3208 3239/3836/3209
f 3232/3813/3202 3231/3811/3201 3246/3835/3216 3247/3837/3217
f 3225/3814/3195 3224/3812/3194 3239/3836/3209 3240/3823/3210
f 3218/3816/3188 2985/3838/2955 3233/3825/3203
f 2992/3839/2962 3232/3813/3202 3247/3837/3217
f 3245/3833/3215 3244/3831/3214 3259/3840/3229 3260/3841/3230
f 3238/3834/3208 3237/3832/3207 3252/3842/3222 3253/3843/3223
f 3246/3835/3216 3245/3833/3215 3260/3841/3230 3261/3844/3231
f 3239/3836/3209 3238/3834/3208 3253/3843/3223 3254/3845/3224
f 3247/3837/3217 3246/3835/3216 3261/3844/3231 3262/3846/3232
f 3240/3823/3210 3239/3836/3209 3254/3845/3224 3255/3847/3225
f 3233/3825/3203 2985/3848/2955 3248/3849/3218
f 2992/3850/2962 3247/3837/3217 3262/3846/3232
f 3241/3824/3211 3240/3823/3210 3255/3847/3225 3256/3851/3226
f 3234/3826/3204 3233/3825/3203 3248/3849/3218 3249/3852/3219
f 3242/3827/3212 3241/3824/3211 3256/3851/3226 3257/3853/3227
f 3235/3828/3205 3234/3826/3204 3249/3852/3219 3250/3854/3220
f 3243/3829/3213 3242/3827/3212 3257/3853/3227 3258/3855/3228
f 3236/3830/3206 3235/3828/3205 3250/3854/3220 3251/3856/3221
f 3244/3831/3214 3243/3829/3213 3258/3855/3228 3259/3840/3229
f 3237/3832/3207 3236/3830/3206 3251/3856/3221 3252/3842/3222
f 3257/3853/3227 3256/3851/3226 3271/3857/3241 3272/3858/3242
f 3250/3854/3220 3249/3852/3219 3264/3859/3234 3265/3860/3235
f 3258/3855/3228 3257/3853/3227 3272/3858/3242 3273/3861/3243
f 3251/3856/3221 3250/3854/3220 3265/3860/3235 3266/3862/3236
f 3259/3840/3229 3258/3855/3228 3273/3861/3243 3274/3863/3244
f 3252/3842/3222 3251/3856/3221 3266/3862/3236 3267/3864/3237
f 3260/3841/3230 3259/3840/3229 3274/3863/3244 3275/3865/3245
f 3253/3843/3223 3252/3842/3222 3267/3864/3237 3268/3866/3238
f 3261/3844/3231 3260/3841/3230 3275/3865/3245 3276/3867/3246
f 3254/3845/3224 3253/3843/3223 3268/3866/3238 3269/3868/3239
f 3262/3846/3232 3261/3844/3231 3276/3867/3246 3277/3869/3247
f 3255/3847/3225 3254/3845/3224 3269/3868/3239 3270/3870/3240
f 3248/3849/3218 2985/3871/2955 3263/3872/3233
f 2992/3873/2962 3262/3846/3232 3277/3869/3247
f 3256/3851/3226 3255/3847/3225 3270/3870/3240 3271/3857/3241
f 3249/3852/3219 3248/3849/3218 3263/3872/3233 3264/3859/3234
f 3276/3867/3246 3275/3865/3245 3290/3874/3260 3291/3875/3261
f 3269/3868/3239 3268/3866/3238 3283/3876/3253 3284/3877/3254
f 3277/3869/3247 3276/3867/3246 3291/3875/3261 3292/3878/3262
f 3270/3870/3240 3269/3868/3239 3284/3877/3254 3285/3879/3255
f 3263/3872/3233 2985/3880/2955 3278/3881/3248
f 2992/3882/2962 3277/3869/3247 3292/3878/3262
f 3271/3857/3241 3270/3870/3240 3285/3879/3255 3286/3883/3256
f 3264/3859/3234 3263/3872/3233 3278/3881/3248 3279/3884/3249
f 3272/3858/3242 3271/3857/3241 3286/3883/3256 3287/3885/3257
f 3265/3860/3235 3264/3859/3234 3279/3884/3249 3280/3886/3250
f 3273/3861/3243 3272/3858/3242 3287/3885/3257 3288/3887/3258
f 3266/3862/3236 3265/3860/3235 3280/3886/3250 3281/3888/3251
f 3274/3863/3244 3273/3861/3243 3288/3887/3258 3289/3889/3259
f 3267/3864/3237 3266/3862/3236 3281/3888/3251 3282/3890/3252
f 3275/3865/3245 3274/3863/3244 3289/3889/3259 3290/3874/3260
f 3268/3866/3238 3267/3864/3237 3282/3890/3252 3283/3876/3253
f 3280/3886/3250 3279/3884/3249 3294/3891/3264 3295/3892/3265
f 3288/3887/3258 3287/3885/3257 3302/3893/3272 3303/3894/3273
f 3281/3888/3251 3280/3886/3250 3295/3892/3265 3296/3895/3266
f 3289/3889/3259 3288/3887/3258 3303/3894/3273 3304/3896/3274
f 3282/3890/3252 3281/3888/3251 3296/3895/3266 3297/3897/3267
f 3290/3874/3260 3289/3889/3259 3304/3896/3274 3305/3898/3275
f 3283/3876/3253 3282/3890/3252 3297/3897/3267 3298/3899/3268
f 3291/3875/3261 3290/3874/3260 3305/3898/3275 3306/3900/3276
f 3284/3877/3254 3283/3876/3253 3298/3899/3268 3299/3901/3269
f 3292/3878/3262 3291/3875/3261 3306/3900/3276 3307/3902/3277
f 3285/3879/3255 3284/3877/3254 3299/3901/3269 3300/3903/3270
f 3278/3881/3248 2985/3904/2955 3293/3905/3263
f 2992/3906/2962 3292/3878/3262 3307/3902/3277
f 3286/3883/3256 3285/3879/3255 3300/3903/3270 3301/3907/3271
f 3279/3884/3249 3278/3881/3248 3293/3905/3263 3294/3891/3264
f 3287/3885/3257 3286/3883/3256 3301/3907/3271 3302/3893/3272
f 3299/3901/3269 3298/3899/3268 3313/3908/3283 3314/3909/3284
f 3307/3902/3277 3306/3900/3276 3321/3910/3291 3322/3911/3292
f 3300/3903/3270 3299/3901/3269 3314/3909/3284 3315/3912/3285
f 3293/3905/3263 2985/3913/2955 3308/3914/3278
f 2992/3915/2962 3307/3902/3277 3322/3911/3292
f 3301/3907/3271 3300/3903/3270 3315/3912/3285 3316/3916/3286
f 3294/3891/3264 3293/3905/3263 3308/3914/3278 3309/3917/3279
f 3302/3893/3272 3301/3907/3271 3316/3916/3286 3317/3918/3287
f 3295/3892/3265 3294/3891/3264 3309/3917/3279 3310/3919/3280
f 3303/3894/3273 3302/3893/3272 3317/3918/3287 3318/3920/3288
f 3296/3895/3266 3295/3892/3265 3310/3919/3280 3311/3921/3281
f 3304/3896/3274 3303/3894/3273 3318/3920/3288 3319/3922/3289
f 3297/3897/3267 3296/3895/3266 3311/3921/3281 3312/3923/3282
f 3305/3898/3275 3304/3896/3274 3319/3922/3289 3320/3924/3290
f 3298/3899/3268 3297/3897/3267 3312/3923/3282 3313/3908/3283
f 3306/3900/3276 3305/3898/3275 3320/3924/3290 3321/3910/3291
f 3318/3920/3288 3317/3918/3287 3332/3925/3302 3333/3926/3303
f 3311/3921/3281 3310/3919/3280 3325/3927/3295 3326/3928/3296
f 3319/3922/3289 3318/3920/3288 3333/3926/3303 3334/3929/3304
f 3312/3923/3282 3311/3921/3281 3326/3928/3296 3327/3930/3297
f 3320/3924/3290 3319/3922/3289 3334/3929/3304 3335/3931/3305
f 3313/3908/3283 3312/3923/3282 3327/3930/3297 3328/3932/3298
f 3321/3910/3291 3320/3924/3290 3335/3931/3305 3336/3933/3306
f 3314/3909/3284 3313/3908/3283 3328/3932/3298 3329/3934/3299
f 3322/3911/3292 3321/3910/3291 3336/3933/3306 3337/3935/3307
f 3315/3912/3285 3314/3909/3284 3329/3934/3299 3330/3936/3300
f 3308/3914/3278 2985/3937/2955 3323/3938/3293
f 2992/3939/2962 3322/3911/3292 3337/3935/3307
f 3316/3916/3286 3315/3912/3285 3330/3936/3300 3331/3940/3301
f 3309/3917/3279 3308/3914/3278 3323/3938/3293 3324/3941/3294
f 3317/3918/3287 3316/3916/3286 3331/3940/3301 3332/3925/3302
f 3310/3919/3280 3309/3917/3279 3324/3941/3294 3325/3927/3295
f 3337/3935/3307 3336/3933/3306 3351/3942/3321 3352/3943/3322
f 3330/3936/3300 3329/3934/3299 3344/3944/3314 3345/3945/3315
f 3323/3938/3293 2985/3946/2955 3338/3947/3308
f 2992/3948/2962 3337/3935/3307 3352/3943/3322
f 3331/3940/3301 3330/3936/3300 3345/3945/3315 3346/3949/3316
f 3324/3941/3294 3323/3938/3293 3338/3947/3308 3339/3950/3309
f 3332/3925/3302 3331/3940/3301 3346/3949/3316 3347/3951/3317
f 3325/3927/3295 3324/3941/3294 3339/3950/3309 3340/3952/3310
f 3333/3926/3303 3332/3925/3302 3347/3951/3317 3348/3953/3318
f 3326/3928/3296 3325/3927/3295 3340/3952/3310 3341/3954/3311
f 3334/3929/3304 3333/3926/3303 3348/3953/3318 3349/3955/3319
f 3327/3930/3297 3326/3928/3296 3341/3954/3311 3342/3956/3312
f 3335/3931/3305 3334/3929/3304 3349/3955/3319 3350/3957/3320
f 3328/3932/3298 3327/3930/3297 3342/3956/3312 3343/3958/3313
f 3336/3933/3306 3335/3931/3305 3350/3957/3320 3351/3942/3321
f 3329/3934/3299 3328/3932/3298 3343/3958/3313 3344/3944/3314
f 3341/3959/3311 3340/3960/3310 3355/3961/3325 3356/3962/3326
f 3349/3963/3319 3348/3964/3318 3363/3965/3333 3364/3966/3334
f 3342/3967/3312 3341/3959/3311 3356/3962/3326 3357/3968/3327
f 3350/3969/3320 3349/3963/3319 3364/3966/3334 3365/3970/3335
f 3343/3971/3313 3342/3967/3312 3357/3968/3327 3358/3972/3328
f 3351/3973/3321 3350/3969/3320 3365/3970/3335 3366/3974/3336
f 3344/3975/3314 3343/3971/3313 3358/3972/3328 3359/3976/3329
f 3352/3977/3322 3351/3973/3321 3366/3974/3336 3367/3978/3337
f 3345/3979/3315 3344/3975/3314 3359/3976/3329 3360/3980/3330
f 3338/3981/3308 2985/3982/2955 3353/3983/3323
f 2992/3984/2962 3352/3977/3322 3367/3978/3337
f 3346/3985/3316 3345/3979/3315 3360/3980/3330 3361/3986/3331
f 3339/3987/3309 3338/3981/3308 3353/3983/3323 3354/3988/3324
f 3347/3989/3317 3346/3985/3316 3361/3986/3331 3362/3990/3332
f 3340/3960/3310 3339/3987/3309 3354/3988/3324 3355/3961/3325
f 3348/3964/3318 3347/3989/3317 3362/3990/3332 3363/3965/3333
f 3360/3980/3330 3359/3976/3329 3374/3991/3344 3375/3992/3345
f 3353/3983/3323 2985/3993/2955 3368/3994/3338
f 2992/3995/2962 3367/3978/3337 3382/3996/3352
f 3361/3986/3331 3360/3980/3330 3375/3992/3345 3376/3997/3346
f 3354/3988/3324 3353/3983/3323 3368/3994/3338 3369/3998/3339
f 3362/3990/3332 3361/3986/3331 3376/3997/3346 3377/3999/3347
f 3355/3961/3325 3354/3988/3324 3369/3998/3339 3370/4000/3340
f 3363/3965/3333 3362/3990/3332 3377/3999/3347 3378/4001/3348
f 3356/3962/3326 3355/3961/3325 3370/4000/3340 3371/4002/3341
f 3364/3966/3334 3363/3965/3333 3378/4001/3348 3379/4003/3349
f 3357/3968/3327 3356/3962/3326 3371/4002/3341 3372/4004/3342
f 3365/3970/3335 3364/3966/3334 3379/4003/3349 3380/4005/3350
f 3358/3972/3328 3357/3968/3327 3372/4004/3342 3373/4006/3343
f 3366/3974/3336 3365/3970/3335 3380/4005/3350 3381/4007/3351
f 3359/3976/3329 3358/3972/3328 3373/4006/3343 3374/3991/3344
f 3367/3978/3337 3366/3974/3336 3381/4007/3351 3382/3996/3352
f 3379/4003/3349 3378/4001/3348 3393/4008/3363 3394/4009/3364
f 3372/4004/3342 3371/4002/3341 3386/4010/3356 3387/4011/3357
f 3380/4005/3350 3379/4003/3349 3394/4009/3364 3395/4012/3365
f 3373/4006/3343 3372/4004/3342 3387/4011/3357 3388/4013/3358
f 3381/4007/3351 3380/4005/3350 3395/4012/3365 3396/4014/3366
f 3374/3991/3344 3373/4006/3343 3388/4013/3358 3389/4015/3359
f 3382/3996/3352 3381/4007/3351 3396/4014/3366 3397/4016/3367
f 3375/3992/3345 3374/3991/3344 3389/4015/3359 3390/4017/3360
f 3368/3994/3338 2985/4018/2955 3383/4019/3353
f 2992/4020/2962 3382/3996/3352 3397/4016/3367
f 3376/3997/3346 3375/3992/3345 3390/4017/3360 3391/4021/3361
f 3369/3998/3339 3368/3994/3338 3383/4019/3353 3384/4022/3354
f 3377/3999/3347 3376/3997/3346 3391/4021/3361 3392/4023/3362
f 3370/4000/3340 3369/3998/3339 3384/4022/3354 3385/4024/3355
f 3378/4001/3348 3377/3999/3347 3392/4023/3362 3393/4008/3363
f 3371/4002/3341 3370/4000/3340 3385/4024/3355 3386/4010/3356
f 2992/4025/2962 3397/4016/3367 3412/4026/3382
f 3391/4021/3361 3390/4017/3360 3405/4027/3375 3406/4028/3376
f 3384/4022/3354 3383/4019/3353 3398/4029/3368 3399/4030/3369
f 3392/4023/3362 3391/4021/3361 3406/4028/3376 3407/4031/3377
f 3385/4024/3355 3384/4022/3354 3399/4030/3369 3400/4032/3370
f 3393/4008/3363 3392/4023/3362 3407/4031/3377 3408/4033/3378
f 3386/4010/3356 3385/4024/3355 3400/4032/3370 3401/4034/3371
f 3394/4009/3364 3393/4008/3363 3408/4033/3378 3409/4035/3379
f 3387/4011/3357 3386/4010/3356 3401/4034/3371 3402/4036/3372
f 3395/4012/3365 3394/4009/3364 3409/4035/3379 3410/4037/3380
f 3388/4013/3358 3387/4011/3357 3402/4036/3372 3403/4038/3373
f 3396/4014/3366 3395/4012/3365 3410/4037/3380 3411/4039/3381
f 3389/4015/3359 3388/4013/3358 3403/4038/3373 3404/4040/3374
f 3397/4016/3367 3396/4014/3366 3411/4039/3381 3412/4026/3382
f 3390/4017/3360 3389/4015/3359 3404/4040/3374 3405/4027/3375
f 3383/4019/3353 2985/4041/2955 3398/4029/3368
f 3410/4037/3380 3409/4035/3379 3424/4042/3394 3425/4043/3395
f 3403/4038/3373 3402/4036/3372 3417/4044/3387 3418/4045/3388
f 3411/4039/3381 3410/4037/3380 3425/4043/3395 3426/4046/3396
f 3404/4040/3374 3403/4038/3373 3418/4045/3388 3419/4047/3389
f 3412/4026/3382 3411/4039/3381 3426/4046/3396 3427/4048/3397
f 3405/4027/3375 3404/4040/3374 3419/4047/3389 3420/4049/3390
f 3398/4029/3368 2985/4050/2955 3413/4051/3383
f 2992/4052/2962 3412/4026/3382 3427/4048/3397
f 3406/4028/3376 3405/4027/3375 3420/4049/3390 3421/4053/3391
f 3399/4030/3369 3398/4029/3368 3413/4051/3383 3414/4054/3384
f 3407/4031/3377 3406/4028/3376 3421/4053/3391 3422/4055/3392
f 3400/4032/3370 3399/4030/3369 3414/4054/3384 3415/4056/3385
f 3408/4033/3378 3407/4031/3377 3422/4055/3392 3423/4057/3393
f 3401/4034/3371 3400/4032/3370 3415/4056/3385 3416/4058/3386
f 3409/4035/3379 3408/4033/3378 3423/4057/3393 3424/4042/3394
f 3402/4036/3372 3401/4034/3371 3416/4058/3386 3417/4044/3387
f 3414/4054/3384 3413/4051/3383 3428/4059/3398 3429/4060/3399
f 3422/4055/3392 3421/4053/3391 3436/4061/3406 3437/4062/3407
f 3415/4056/3385 3414/4054/3384 3429/4060/3399 3430/4063/3400
f 3423/4057/3393 3422/4055/3392 3437/4062/3407 3438/4064/3408
f 3416/4058/3386 3415/4056/3385 3430/4063/3400 3431/4065/3401
f 3424/4042/3394 3423/4057/3393 3438/4064/3408 3439/4066/3409
f 3417/4044/3387 3416/4058/3386 3431/4065/3401 3432/4067/3402
f 3425/4043/3395 3424/4042/3394 3439/4066/3409 3440/4068/3410
f 3418/4045/3388 3417/4044/3387 3432/4067/3402 3433/4069/3403
f 3426/4046/3396 3425/4043/3395 3440/4068/3410 3441/4070/3411
f 3419/4047/3389 3418/4045/3388 3433/4069/3403 3434/4071/3404
f 3427/4048/3397 3426/4046/3396 3441/4070/3411 3442/4072/3412
f 3420/4049/3390 3419/4047/3389 3434/4071/3404 3435/4073/3405
f 3413/4051/3383 2985/4074/2955 3428/4059/3398
f 2992/4075/2962 3427/4048/3397 3442/4072/3412
f 3421/4053/3391 3420/4049/3390 3435/4073/3405 3436/4061/3406
f 3433/4069/3403 3432/4067/3402 3447/4076/3417 3448/4077/3418
f 3441/4070/3411 3440/4068/3410 3455/4078/3425 3456/4079/3426
f 3434/4071/3404 3433/4069/3403 3448/4077/3418 3449/4080/3419
f 3442/4072/3412 3441/4070/3411 3456/4079/3426 3457/4081/3427
f 3435/4073/3405 3434/4071/3404 3449/4080/3419 3450/4082/3420
f 3428/4059/3398 2985/4083/2955 3443/4084/3413
f 2992/4085/2962 3442/4072/3412 3457/4081/3427
f 3436/4061/3406 3435/4073/3405 3450/4082/3420 3451/4086/3421
f 3429/4060/3399 3428/4059/3398 3443/4084/3413 3444/4087/3414
f 3437/4062/3407 3436/4061/3406 3451/4086/3421 3452/4088/3422
f 3430/4063/3400 3429/4060/3399 3444/4087/3414 3445/4089/3415
f 3438/4064/3408 3437/4062/3407 3452/4088/3422 3453/4090/3423
f 3431/4065/3401 3430/4063/3400 3445/4089/3415 3446/4091/3416
f 3439/4066/3409 3438/4064/3408 3453/4090/3423 3454/4092/3424
f 3432/4067/3402 3431/4065/3401 3446/4091/3416 3447/4076/3417
f 3440/4068/3410 3439/4066/3409 3454/4092/3424 3455/4078/3425
f 3452/4088/3422 3451/4086/3421 2990/3541/2960 3462/3540/3432
f 3445/4089/3415 3444/4087/3414 3459/3536/3429 2986/3544/2956
f 3453/4090/3423 3452/4088/3422 3462/3540/3432 2991/3546/2961
f 3446/4091/3416 3445/4089/3415 2986/3544/2956 3460/3548/3430
f 3454/4092/3424 3453/4090/3423 2991/3546/2961 3463/3550/3433
f 3447/4076/3417 3446/4091/3416 3460/3548/3430 2987/3552/2957
f 3455/4078/3425 3454/4092/3424 3463/3550/3433 3464/3554/3434
f 3448/4077/3418 3447/4076/3417 2987/3552/2957 3461/3556/3431
f 3456/4079/3426 3455/4078/3425 3464/3554/3434 3465/3558/3435
f 3449/4080/3419 3448/4077/3418 3461/3556/3431 2988/3560/2958
f 3457/4081/3427 3456/4079/3426 3465/3558/3435 3466/3562/3436
f 3450/4082/3420 3449/4080/3419 2988/3560/2958 2989/3564/2959
f 3443/4084/3413 2985/4093/2955 3458/3537/3428
f 2992/4094/2962 3457/4081/3427 3466/3562/3436
f 3451/4086/3421 3450/4082/3420 2989/3564/2959 2990/3541/2960
f 3444/4087/3414 3443/4084/3413 3458/3537/3428 3459/3536/3429
o upper_arm.001
v 0.784700 4.981975 -0.023267
v 0.854331 4.935342 -0.038740
v 0.815212 4.980173 -0.030047
v 0.840699 4.963104 -0.035711
v 0.964700 4.081975 -0.063267
v 1.010819 4.152900 -0.073515
v 0.992063 4.095922 -0.069347
v 1.008943 4.121883 -0.073099
v 0.774986 4.981225 -0.050135
v 0.839246 4.934179 -0.080461
v 0.802813 4.979217 -0.064342
v 0.826334 4.961997 -0.075441
v 0.954986 4.081225 -0.090135
v 0.995735 4.151737 -0.115236
v 0.979663 4.094967 -0.103642
v 0.994578 4.120776 -0.112829
v 0.758798 4.979031 -0.073587
v 0.814111 4.930770 -0.116876
v 0.782151 4.976415 -0.094275
v 0.802397 4.958751 -0.110120
v 0.938798 4.079031 -0.113587
v 0.970599 4.148329 -0.151651
v 0.959002 4.092165 -0.133575
v 0.970641 4.117530 -0.147508
v 0.737240 4.975538 -0.092024
v 0.780637 4.925348 -0.145504
v 0.754636 4.971958 -0.117808
v 0.770520 4.953587 -0.137383
v 0.917241 4.075538 -0.132024
v 0.937125 4.142906 -0.180279
v 0.931486 4.087708 -0.157108
v 0.938764 4.112366 -0.174771
v 0.711782 4.970987 -0.104190
v 0.741106 4.918282 -0.164395
v 0.722141 4.966149 -0.133336
v 0.732874 4.946857 -0.155373
v 0.891782 4.070987 -0.144190
v 0.897594 4.135839 -0.199170
v 0.898991 4.081899 -0.172636
v 0.901118 4.105637 -0.192760
v 0.684158 4.965688 -0.109255
v 0.698212 4.910052 -0.172260
v 0.686882 4.959384 -0.139801
v 0.692026 4.939021 -0.162863
v 0.864158 4.065688 -0.149255
v 0.854700 4.127610 -0.207035
v 0.863732 4.075134 -0.179102
v 0.860270 4.097800 -0.200250
v 0.656250 4.960001 -0.106875
v 0.654878 4.901221 -0.168564
v 0.651261 4.952126 -0.136763
v 0.650759 4.930611 -0.159343
v 0.836250 4.060000 -0.146875
v 0.811366 4.118779 -0.203339
v 0.828111 4.067875 -0.176064
v 0.819003 4.089390 -0.196731
v 0.629961 4.954313 -0.097212
v 0.614057 4.892390 -0.153559
v 0.617706 4.944866 -0.124429
v 0.611885 4.922201 -0.145054
v 0.809961 4.054313 -0.137212
v 0.770545 4.109948 -0.188334
v 0.794556 4.060616 -0.163729
v 0.780129 4.080980 -0.182441
v 0.607082 4.949013 -0.080923
v 0.578531 4.884161 -0.128267
v 0.588503 4.938102 -0.103639
v 0.578053 4.914364 -0.120968
v 0.787082 4.049013 -0.120923
v 0.735019 4.101719 -0.163042
v 0.765353 4.053851 -0.142939
v 0.746297 4.073143 -0.158356
v 0.589172 4.944462 -0.059120
v 0.550721 4.877094 -0.094412
v 0.565644 4.932293 -0.075810
v 0.551570 4.907635 -0.088727
v 0.769172 4.044462 -0.099120
v 0.707210 4.094652 -0.129187
v 0.742494 4.048042 -0.115110
v 0.719814 4.066413 -0.126115
v 0.577452 4.940970 -0.033288
v 0.532523 4.871672 -0.054301
v 0.550684 4.927835 -0.042838
v 0.534239 4.902471 -0.050529
v 0.757452 4.040970 -0.073288
v 0.689011 4.089230 -0.089076
v 0.727534 4.043585 -0.082138
v 0.702483 4.061250 -0.087917
v 0.572720 4.938775 -0.005187
v 0.525176 4.868263 -0.010667
v 0.544645 4.925034 -0.006971
v 0.527243 4.899225 -0.008977
v 0.752720 4.038775 -0.045187
v 0.681664 4.085821 -0.045442
v 0.721495 4.040783 -0.046271
v 0.695487 4.058003 -0.046364
v 0.575300 4.938026 0.023267
v 0.529181 4.867101 0.033515
v 0.547937 4.924078 0.029347
v 0.531057 4.898118 0.033099
v 0.755300 4.038026 -0.016733
v 0.685669 4.084659 -0.001260
v 0.724787 4.039828 -0.009953
v 0.699301 4.056896 -0.004289
v 0.585014 4.938775 0.050135
v 0.544265 4.868263 0.075236
v 0.560337 4.925034 0.063642
v 0.545422 4.899225 0.072829
v 0.765014 4.038775 0.010135
v 0.700754 4.085821 0.040461
v 0.737187 4.040783 0.024342
v 0.713666 4.058003 0.035441
v 0.601202 4.940970 0.073587
v 0.569401 4.871672 0.111651
v 0.580998 4.927835 0.093575
v 0.569359 4.902471 0.107508
v 0.781202 4.040970 0.033587
v 0.725889 4.089230 0.076876
v 0.757849 4.043585 0.054275
v 0.737603 4.061250 0.070120
v 0.622759 4.944462 0.092024
v 0.602875 4.877094 0.140279
v 0.608514 4.932293 0.117108
v 0.601236 4.907635 0.134771
v 0.802759 4.044462 0.052024
v 0.759363 4.094652 0.105504
v 0.785364 4.048042 0.077808
v 0.769480 4.066413 0.097383
v 0.648218 4.949013 0.104190
v 0.642406 4.884161 0.159170
v 0.641009 4.938102 0.132636
v 0.638882 4.914364 0.152760
v 0.828218 4.049013 0.064190
v 0.798894 4.101719 0.124395
v 0.817859 4.053851 0.093336
v 0.807126 4.073143 0.115373
v 0.675842 4.954313 0.109255
v 0.685300 4.892390 0.167035
v 0.676268 4.944866 0.139102
v 0.679730 4.922201 0.160250
v 0.855842 4.054313 0.069255
v 0.841788 4.109948 0.132260
v 0.853118 4.060616 0.099801
v 0.847974 4.080980 0.122863
v 0.703750 4.960000 0.106875
v 0.728634 4.901221 0.163339
v 0.711889 4.952126 0.136064
v 0.720997 4.930611 0.156731
v 0.883750 4.060000 0.066875
v 0.885122 4.118779 0.128564
v 0.888739 4.067875 0.096763
v 0.889241 4.089390 0.119343
v 0.730039 4.965688 0.097212
v 0.769455 4.910052 0.148334
v 0.745444 4.959384 0.123729
v 0.759871 4.939021 0.142441
v 0.910039 4.065688 0.057212
v 0.925943 4.127610 0.113559
v 0.922294 4.075134 0.084429
v 0.928115 4.097799 0.105054
v 0.752918 4.970987 0.080923
v 0.804981 4.918282 0.123042
v 0.774647 4.966149 0.102939
v 0.793703 4.946857 0.118356
v 0.932918 4.070987 0.040923
v 0.961469 4.135839 0.088267
v 0.951497 4.081899 0.063639
v 0.961947 4.105636 0.080968
v 0.770828 4.975538 0.059120
v 0.832790 4.925348 0.089187
v 0.797506 4.971958 0.075110
v 0.820186 4.953587 0.086115
v 0.950828 4.075538 0.019120
v 0.989279 4.142906 0.054412
v 0.974356 4.087708 0.035810
v 0.988430 4.112366 0.048727
v 0.782548 4.979031 0.033288
v 0.850989 4.930770 0.049076
v 0.812466 4.976415 0.042138
v 0.837517 4.958751 0.047917
v 0.962548 4.079031 -0.006712
v 1.007477 4.148329 0.014301
v 0.989316 4.092165 0.002838
v 1.005761 4.117530 0.010529
v 0.787280 4.981225 0.005187
v 0.858336 4.934179 0.005442
v 0.818505 4.979217 0.006271
v 0.844513 4.961997 0.006364
v 0.967280 4.081225 -0.034813
v 1.014824 4.151737 -0.029333
v 0.995355 4.094967 -0.033029
v 1.012757 4.120776 -0.031023
vn 0.8378 0.4458 -0.3153
vn 0.5119 0.8334 -0.2083
vn 0.0488 0.9978 -0.0455
vn 0.9392 -0.0613 -0.3379
vn 0.7890 -0.5520 -0.2699
vn 0.4273 -0.8948 -0.1296
vn 0.7225 0.4327 -0.5392
vn 0.4275 0.8238 -0.3722
vn 0.0179 0.9943 -0.1054
vn 0.8239 -0.0744 -0.5618
vn 0.7046 -0.5616 -0.4338
vn 0.3964 -0.8983 -0.1896
vn 0.5546 0.4074 -0.7256
vn 0.3046 0.8053 -0.5086
vn -0.0271 0.9875 -0.1554
vn 0.6560 -0.0997 -0.7481
vn 0.5816 -0.5801 -0.5702
vn 0.3514 -0.9051 -0.2395
vn 0.3454 0.3716 -0.8618
vn 0.1514 0.7791 -0.6083
vn -0.0831 0.9779 -0.1919
vn 0.4468 -0.1355 -0.8843
vn 0.4285 -0.6063 -0.6699
vn 0.2954 -0.9146 -0.2760
vn 0.1092 0.3277 -0.9384
vn -0.0215 0.7470 -0.6644
vn -0.1464 0.9661 -0.2124
vn 0.2106 -0.1794 -0.9610
vn 0.2556 -0.6384 -0.7260
vn 0.2321 -0.9264 -0.2965
vn -0.1379 0.2789 -0.9504
vn -0.2024 0.7112 -0.6732
vn -0.2126 0.9531 -0.2156
vn -0.0365 -0.2282 -0.9729
vn 0.0747 -0.6742 -0.7348
vn 0.1659 -0.9395 -0.2997
vn -0.3790 0.2282 -0.8968
vn -0.3789 0.6742 -0.6340
vn -0.2772 0.9395 -0.2013
vn -0.2776 -0.2789 -0.9193
vn -0.1018 -0.7112 -0.6955
vn 0.1013 -0.9531 -0.2854
vn -0.5978 0.1794 -0.7813
vn -0.5390 0.6384 -0.5494
vn -0.3358 0.9264 -0.1703
vn -0.4964 -0.3277 -0.8039
vn -0.2620 -0.7470 -0.6110
vn 0.0427 -0.9661 -0.2544
vn -0.7793 0.1355 -0.6118
vn -0.6719 0.6063 -0.4254
vn -0.3845 0.9146 -0.1249
vn -0.6779 -0.3716 -0.6344
vn -0.3948 -0.7791 -0.4869
vn -0.0060 -0.9779 -0.2090
vn -0.9111 0.0997 -0.3999
vn -0.7684 0.5801 -0.2702
vn -0.4198 0.9051 -0.0681
vn -0.8097 -0.4074 -0.4224
vn -0.4913 -0.8053 -0.3318
vn -0.0413 -0.9875 -0.1522
vn -0.9843 0.0744 -0.1599
vn -0.8220 0.5616 -0.0945
vn -0.4394 0.8983 -0.0038
vn -0.8829 -0.4327 -0.1825
vn -0.5449 -0.8238 -0.1561
vn -0.0609 -0.9943 -0.0879
vn -0.9939 0.0613 0.0917
vn -0.8290 0.5520 0.0897
vn -0.4420 0.8948 0.0636
vn -0.8925 -0.4458 0.0692
vn -0.5519 -0.8334 0.0281
vn -0.0635 -0.9978 -0.0205
vn -0.9392 0.0613 0.3379
vn -0.7890 0.5520 0.2699
vn -0.4273 0.8948 0.1296
vn -0.8378 -0.4458 0.3153
vn -0.5119 -0.8334 0.2083
vn -0.0488 -0.9978 0.0455
vn -0.8239 0.0744 0.5618
vn -0.7046 0.5616 0.4338
vn -0.3964 0.8983 0.1896
vn -0.7225 -0.4327 0.5392
vn -0.4275 -0.8238 0.3722
vn -0.0179 -0.9943 0.1054
vn -0.6560 0.0997 0.7481
vn -0.5816 0.5801 0.5702
vn -0.3514 0.9051 0.2395
vn -0.5546 -0.4074 0.7256
vn -0.3046 -0.8053 0.5086
vn 0.0271 -0.9875 0.1554
vn -0.4468 0.1355 0.8843
vn -0.4285 0.6063 0.6699
vn -0.2954 0.9146 0.2760
vn -0.3454 -0.3716 0.8618
vn -0.1514 -0.7791 0.6083
vn 0.0831 -0.9779 0.1919
vn -0.2106 0.1794 0.9610
vn -0.2556 0.6384 0.7260
vn -0.2321 0.9264 0.2965
vn -0.1092 -0.3277 0.9384
vn 0.0215 -0.7470 0.6644
vn 0.1464 -0.9661 0.2124
vn 0.0365 0.2282 0.9729
vn -0.0747 0.6742 0.7348
vn -0.1659 0.9395 0.2997
vn 0.1379 -0.2789 0.9504
vn 0.2024 -0.7112 0.6732
vn 0.2126 -0.9531 0.2156
vn 0.2776 0.2789 0.9193
vn 0.1018 0.7112 0.6955
vn -0.1013 0.9531 0.2854
vn 0.3790 -0.2282 0.8968
vn 0.3789 -0.6742 0.6340
vn 0.2772 -0.9395 0.2013
vn 0.4964 0.3277 0.8039
vn 0.2620 0.7470 0.6110
vn -0.0427 0.9661 0.2544
vn 0.5978 -0.1794 0.7813
vn 0.5390 -0.6384 0.5494
vn 0.3358 -0.9264 0.1703
vn 0.6779 0.3716 0.6344
vn 0.3948 0.7791 0.4869
vn 0.0060 0.9779 0.2090
vn 0.7793 -0.1355 0.6118
vn 0.6719 -0.6063 0.4254
vn 0.3845 -0.9146 0.1249
vn 0.8097 0.4074 0.4224
vn 0.4913 0.8053 0.3318
vn 0.0413 0.9875 0.1522
vn 0.9111 -0.0997 0.3999
vn 0.7684 -0.5801 0.2702
vn 0.4198 -0.9051 0.0681
vn 0.8829 0.4327 0.1825
vn 0.5449 0.8238 0.1561
vn 0.0609 0.9943 0.0879
vn 0.9843 -0.0744 0.1599
vn 0.8220 -0.5616 0.0945
vn 0.4394 -0.8983 0.0038
vn 0.8925 0.4458 -0.0692
vn 0.5519 0.8334 -0.0281
vn 0.0635 0.9978 0.0205
vn 0.9939 -0.0613 -0.0917
vn 0.8290 -0.5520 -0.0897
vn 0.4420 -0.8948 -0.0636
vn -0.1959 0.9797 0.0435
vn 0.9198 0.1990 -0.3381
vn 0.9765 0.1990 -0.0833
vn 0.1959 -0.9797 -0.0435
vn 0.8005 0.1854 -0.5699
vn 0.6266 0.1592 -0.7629
vn 0.4101 0.1222 -0.9038
vn 0.1656 0.0768 -0.9832
vn -0.0902 0.0262 -0.9956
vn -0.3399 -0.0262 -0.9401
vn -0.5664 -0.0768 -0.8206
vn -0.7543 -0.1222 -0.6451
vn -0.8908 -0.1592 -0.4257
vn -0.9665 -0.1854 -0.1772
vn -0.9765 -0.1990 0.0833
vn -0.9198 -0.1990 0.3381
vn -0.8005 -0.1854 0.5699
vn -0.6266 -0.1592 0.7629
vn -0.4101 -0.1222 0.9038
vn -0.1656 -0.0768 0.9832
vn 0.0902 -0.0262 0.9956
vn 0.3399 0.0262 0.9401
vn 0.5664 0.0768 0.8206
vn 0.7543 0.1222 0.6451
vn 0.8908 0.1592 0.4257
vn 0.9665 0.1854 0.1772
vt 1.000000 0.532655
vt 0.958333 0.532655
vt 0.958333 0.500000
vt 0.999006 0.500000
vt 0.750000 0.489805
vt 0.812066 0.481634
vt 0.801060 0.440559
vt 0.750000 0.447282
vt 0.790004 0.399297
vt 0.750000 0.404563
vt 0.958333 0.967345
vt 1.000000 0.967345
vt 0.999006 1.000000
vt 0.958333 1.000000
vt 0.312066 0.481634
vt 0.250000 0.489805
vt 0.250000 0.447282
vt 0.301060 0.440559
vt 0.250000 0.404563
vt 0.290004 0.399296
vt 0.916667 0.532655
vt 0.916667 0.500000
vt 0.869902 0.457677
vt 0.848641 0.420851
vt 0.827281 0.383856
vt 0.916667 0.967345
vt 0.916667 1.000000
vt 0.369902 0.457677
vt 0.348641 0.420851
vt 0.327282 0.383856
vt 0.875000 0.532655
vt 0.875000 0.500000
vt 0.919568 0.419568
vt 0.889499 0.389499
vt 0.859292 0.359293
vt 0.875000 0.967345
vt 0.875000 1.000000
vt 0.419568 0.419568
vt 0.389499 0.389499
vt 0.359293 0.359293
vt 0.833333 0.532655
vt 0.833333 0.500000
vt 0.957677 0.369902
vt 0.920851 0.348641
vt 0.883856 0.327282
vt 0.833333 0.967345
vt 0.833333 1.000000
vt 0.457677 0.369902
vt 0.420851 0.348641
vt 0.383856 0.327282
vt 0.791667 0.532655
vt 0.791667 0.500000
vt 0.981634 0.312066
vt 0.940559 0.301060
vt 0.899296 0.290004
vt 0.791667 0.967345
vt 0.791667 1.000000
vt 0.481634 0.312066
vt 0.440559 0.301060
vt 0.399297 0.290004
vt 0.750000 0.532655
vt 0.750000 0.500000
vt 0.989805 0.250000
vt 0.947282 0.250000
vt 0.904563 0.250000
vt 0.750000 0.967345
vt 0.750000 1.000000
vt 0.489805 0.250000
vt 0.447282 0.250000
vt 0.404563 0.250000
vt 0.708333 0.532655
vt 0.708333 0.500000
vt 0.981634 0.187934
vt 0.940559 0.198940
vt 0.899296 0.209996
vt 0.708333 0.967345
vt 0.708333 1.000000
vt 0.481634 0.187934
vt 0.440559 0.198940
vt 0.399297 0.209996
vt 0.666667 0.532655
vt 0.666667 0.500000
vt 0.957677 0.130098
vt 0.920851 0.151359
vt 0.883856 0.172718
vt 0.666667 0.967345
vt 0.666667 1.000000
vt 0.457677 0.130097
vt 0.420851 0.151359
vt 0.383856 0.172718
vt 0.625000 0.532655
vt 0.625000 0.500000
vt 0.919568 0.080432
vt 0.889499 0.110501
vt 0.859293 0.140707
vt 0.625000 0.967345
vt 0.625000 1.000000
vt 0.419568 0.080432
vt 0.389499 0.110501
vt 0.359293 0.140707
vt 0.583333 0.532655
vt 0.583333 0.500000
vt 0.869903 0.042323
vt 0.848641 0.079149
vt 0.827281 0.116144
vt 0.583333 0.967345
vt 0.583333 1.000000
vt 0.369902 0.042323
vt 0.348641 0.079149
vt 0.327282 0.116144
vt 0.541666 0.532655
vt 0.541666 0.500000
vt 0.812066 0.018366
vt 0.801060 0.059441
vt 0.790004 0.100703
vt 0.541666 0.967345
vt 0.541666 1.000000
vt 0.312066 0.018366
vt 0.301060 0.059441
vt 0.290004 0.100703
vt 0.500000 0.532655
vt 0.500000 0.500000
vt 0.750000 0.010195
vt 0.750000 0.052718
vt 0.750000 0.095437
vt 0.500000 0.967345
vt 0.500000 1.000000
vt 0.250000 0.010195
vt 0.250000 0.052718
vt 0.250000 0.095437
vt 0.458333 0.532655
vt 0.458333 0.500000
vt 0.687934 0.018366
vt 0.698940 0.059441
vt 0.709996 0.100703
vt 0.458333 0.967345
vt 0.458333 1.000000
vt 0.187934 0.018366
vt 0.198940 0.059441
vt 0.209996 0.100703
vt 0.416666 0.532655
vt 0.416666 0.500000
vt 0.630098 0.042323
vt 0.651359 0.079149
vt 0.672718 0.116144
vt 0.416666 0.967345
vt 0.416666 1.000000
vt 0.130097 0.042323
vt 0.151359 0.079149
vt 0.172718 0.116144
vt 0.375000 0.532655
vt 0.375000 0.500000
vt 0.580432 0.080432
vt 0.610501 0.110501
vt 0.640707 0.140707
vt 0.375000 0.967345
vt 0.375000 1.000000
vt 0.080432 0.080432
vt 0.110501 0.110501
vt 0.140707 0.140707
vt 0.333333 0.532655
vt 0.333333 0.500000
vt 0.542323 0.130097
vt 0.579149 0.151359
vt 0.616144 0.172718
vt 0.333333 0.967345
vt 0.333333 1.000000
vt 0.042323 0.130098
vt 0.079149 0.151359
vt 0.116144 0.172718
vt 0.291667 0.532655
vt 0.291667 0.500000
vt 0.518366 0.187934
vt 0.559441 0.198940
vt 0.600703 0.209996
vt 0.291667 0.967345
vt 0.291667 1.000000
vt 0.018366 0.187934
vt 0.059441 0.198940
vt 0.100703 0.209996
vt 0.250000 0.532655
vt 0.250000 0.500000
vt 0.510195 0.250000
vt 0.552718 0.250000
vt 0.595437 0.250000
vt 0.250000 0.967345
vt 0.250000 1.000000
vt 0.010195 0.250000
vt 0.052718 0.250000
vt 0.095437 0.250000
vt 0.208333 0.532655
vt 0.208333 0.500000
vt 0.518366 0.312066
vt 0.559441 0.301060
vt 0.600703 0.290004
vt 0.208333 0.967345
vt 0.208333 1.000000
vt 0.018366 0.312066
vt 0.059441 0.301060
vt 0.100703 0.290004
vt 0.166666 0.532655
vt 0.166666 0.500000
vt 0.542323 0.369902
vt 0.579149 0.348641
vt 0.616144 0.327282
vt 0.166666 0.967345
vt 0.166666 1.000000
vt 0.042323 0.369902
vt 0.079149 0.348641
vt 0.116144 0.327282
vt 0.125000 0.532655
vt 0.125000 0.500000
vt 0.580432 0.419568
vt 0.610501 0.389499
vt 0.640707 0.359293
vt 0.125000 0.967345
vt 0.125000 1.000000
vt 0.080432 0.419568
vt 0.110501 0.389499
vt 0.140707 0.359293
vt 0.083333 0.532655
vt 0.083333 0.500000
vt 0.630098 0.457677
vt 0.651359 0.420851
vt 0.672718 0.383856
vt 0.083333 0.967345
vt 0.083333 1.000000
vt 0.130098 0.457677
vt 0.151359 0.420851
vt 0.172718 0.383856
vt 0.041666 0.532655
vt 0.041666 0.500000
vt 0.687934 0.481634
vt 0.698940 0.440559
vt 0.709996 0.399297
vt 0.041666 0.967345
vt 0.041666 1.000000
vt 0.187934 0.481634
vt 0.198940 0.440559
vt 0.209996 0.399297
vt -0.000000 0.532655
vt 0.000993 0.500000
vt -0.000000 0.967345
vt 0.000993 1.000000
s 0
usemtl shirt
f 3468/4095/3437 3476/4096/3437 3478/4097/3437 3470/4098/3437
f 3470/4099/3438 3478/4100/3438 3477/4101/3438 3469/4102/3438
f 3469/4102/3439 3477/4101/3439 3475/4103/3439 3467/4104/3439
f 3480/4105/3440 3472/4106/3440 3474/4107/3440 3482/4108/3440
f 3482/4109/3441 3474/4110/3441 3473/4111/3441 3481/4112/3441
f 3481/4112/3442 3473/4111/3442 3471/4113/3442 3479/4114/3442
f 3476/4096/3443 3484/4115/3443 3486/4116/3443 3478/4097/3443
f 3478/4100/3444 3486/4117/3444 3485/4118/3444 3477/4101/3444
f 3477/4101/3445 3485/4118/3445 3483/4119/3445 3475/4103/3445
f 3488/4120/3446 3480/4105/3446 3482/4108/3446 3490/4121/3446
f 3490/4122/3447 3482/4109/3447 3481/4112/3447 3489/4123/3447
f 3489/4123/3448 3481/4112/3448 3479/4114/3448 3487/4124/3448
f 3484/4115/3449 3492/4125/3449 3494/4126/3449 3486/4116/3449
f 3486/4117/3450 3494/4127/3450 3493/4128/3450 3485/4118/3450
f 3485/4118/3451 3493/4128/3451 3491/4129/3451 3483/4119/3451
f 3496/4130/3452 3488/4120/3452 3490/4121/3452 3498/4131/3452
f 3498/4132/3453 3490/4122/3453 3489/4123/3453 3497/4133/3453
f 3497/4133/3454 3489/4123/3454 3487/4124/3454 3495/4134/3454
f 3492/4125/3455 3500/4135/3455 3502/4136/3455 3494/4126/3455
f 3494/4127/3456 3502/4137/3456 3501/4138/3456 3493/4128/3456
f 3493/4128/3457 3501/4138/3457 3499/4139/3457 3491/4129/3457
f 3504/4140/3458 3496/4130/3458 3498/4131/3458 3506/4141/3458
f 3506/4142/3459 3498/4132/3459 3497/4133/3459 3505/4143/3459
f 3505/4143/3460 3497/4133/3460 3495/4134/3460 3503/4144/3460
f 3500/4135/3461 3508/4145/3461 3510/4146/3461 3502/4136/3461
f 3502/4137/3462 3510/4147/3462 3509/4148/3462 3501/4138/3462
f 3501/4138/3463 3509/4148/3463 3507/4149/3463 3499/4139/3463
f 3512/4150/3464 3504/4140/3464 3506/4141/3464 3514/4151/3464
f 3514/4152/3465 3506/4142/3465 3505/4143/3465 3513/4153/3465
f 3513/4153/3466 3505/4143/3466 3503/4144/3466 3511/4154/3466
f 3508/4145/3467 3516/4155/3467 3518/4156/3467 3510/4146/3467
f 3510/4147/3468 3518/4157/3468 3517/4158/3468 3509/4148/3468
f 3509/4148/3469 3517/4158/3469 3515/4159/3469 3507/4149/3469
f 3520/4160/3470 3512/4150/3470 3514/4151/3470 3522/4161/3470
f 3522/4162/3471 3514/4152/3471 3513/4153/3471 3521/4163/3471
f 3521/4163/3472 3513/4153/3472 3511/4154/3472 3519/4164/3472
f 3516/4155/3473 3524/4165/3473 3526/4166/3473 3518/4156/3473
f 3518/4157/3474 3526/4167/3474 3525/4168/3474 3517/4158/3474
f 3517/4158/3475 3525/4168/3475 3523/4169/3475 3515/4159/3475
f 3528/4170/3476 3520/4160/3476 3522/4161/3476 3530/4171/3476
f 3530/4172/3477 3522/4162/3477 3521/4163/3477 3529/4173/3477
f 3529/4173/3478 3521/4163/3478 3519/4164/3478 3527/4174/3478
f 3524/4165/3479 3532/4175/3479 3534/4176/3479 3526/4166/3479
f 3526/4167/3480 3534/4177/3480 3533/4178/3480 3525/4168/3480
f 3525/4168/3481 3533/4178/3481 3531/4179/3481 3523/4169/3481
f 3536/4180/3482 3528/4170/3482 3530/4171/3482 3538/4181/3482
f 3538/4182/3483 3530/4172/3483 3529/4173/3483 3537/4183/3483
f 3537/4183/3484 3529/4173/3484 3527/4174/3484 3535/4184/3484
f 3532/4175/3485 3540/4185/3485 3542/4186/3485 3534/4176/3485
f 3534/4177/3486 3542/4187/3486 3541/4188/3486 3533/4178/3486
f 3533/4178/3487 3541/4188/3487 3539/4189/3487 3531/4179/3487
f 3544/4190/3488 3536/4180/3488 3538/4181/3488 3546/4191/3488
f 3546/4192/3489 3538/4182/3489 3537/4183/3489 3545/4193/3489
f 3545/4193/3490 3537/4183/3490 3535/4184/3490 3543/4194/3490
f 3540/4185/3491 3548/4195/3491 3550/4196/3491 3542/4186/3491
f 3542/4187/3492 3550/4197/3492 3549/4198/3492 3541/4188/3492
f 3541/4188/3493 3549/4198/3493 3547/4199/3493 3539/4189/3493
f 3552/4200/3494 3544/4190/3494 3546/4191/3494 3554/4201/3494
f 3554/4202/3495 3546/4192/3495 3545/4193/3495 3553/4203/3495
f 3553/4203/3496 3545/4193/3496 3543/4194/3496 3551/4204/3496
f 3548/4195/3497 3556/4205/3497 3558/4206/3497 3550/4196/3497
f 3550/4197/3498 3558/4207/3498 3557/4208/3498 3549/4198/3498
f 3549/4198/3499 3557/4208/3499 3555/4209/3499 3547/4199/3499
f 3560/4210/3500 3552/4200/3500 3554/4201/3500 3562/4211/3500
f 3562/4212/3501 3554/4202/3501 3553/4203/3501 3561/4213/3501
f 3561/4213/3502 3553/4203/3502 3551/4204/3502 3559/4214/3502
f 3556/4205/3503 3564/4215/3503 3566/4216/3503 3558/4206/3503
f 3558/4207/3504 3566/4217/3504 3565/4218/3504 3557/4208/3504
f 3557/4208/3505 3565/4218/3505 3563/4219/3505 3555/4209/3505
f 3568/4220/3506 3560/4210/3506 3562/4211/3506 3570/4221/3506
f 3570/4222/3507 3562/4212/3507 3561/4213/3507 3569/4223/3507
f 3569/4223/3508 3561/4213/3508 3559/4214/3508 3567/4224/3508
f 3564/4215/3509 3572/4225/3509 3574/4226/3509 3566/4216/3509
f 3566/4217/3510 3574/4227/3510 3573/4228/3510 3565/4218/3510
f 3565/4218/3511 3573/4228/3511 3571/4229/3511 3563/4219/3511
f 3576/4230/3512 3568/4220/3512 3570/4221/3512 3578/4231/3512
f 3578/4232/3513 3570/4222/3513 3569/4223/3513 3577/4233/3513
f 3577/4233/3514 3569/4223/3514 3567/4224/3514 3575/4234/3514
f 3572/4225/3515 3580/4235/3515 3582/4236/3515 3574/4226/3515
f 3574/4227/3516 3582/4237/3516 3581/4238/3516 3573/4228/3516
f 3573/4228/3517 3581/4238/3517 3579/4239/3517 3571/4229/3517
f 3584/4240/3518 3576/4230/3518 3578/4231/3518 3586/4241/3518
f 3586/4242/3519 3578/4232/3519 3577/4233/3519 3585/4243/3519
f 3585/4243/3520 3577/4233/3520 3575/4234/3520 3583/4244/3520
f 3580/4235/3521 3588/4245/3521 3590/4246/3521 3582/4236/3521
f 3582/4237/3522 3590/4247/3522 3589/4248/3522 3581/4238/3522
f 3581/4238/3523 3589/4248/3523 3587/4249/3523 3579/4239/3523
f 3592/4250/3524 3584/4240/3524 3586/4241/3524 3594/4251/3524
f 3594/4252/3525 3586/4242/3525 3585/4243/3525 3593/4253/3525
f 3593/4253/3526 3585/4243/3526 3583/4244/3526 3591/4254/3526
f 3588/4245/3527 3596/4255/3527 3598/4256/3527 3590/4246/3527
f 3590/4247/3528 3598/4257/3528 3597/4258/3528 3589/4248/3528
f 3589/4248/3529 3597/4258/3529 3595/4259/3529 3587/4249/3529
f 3600/4260/3530 3592/4250/3530 3594/4251/3530 3602/4261/3530
f 3602/4262/3531 3594/4252/3531 3593/4253/3531 3601/4263/3531
f 3601/4263/3532 3593/4253/3532 3591/4254/3532 3599/4264/3532
f 3596/4255/3533 3604/4265/3533 3606/4266/3533 3598/4256/3533
f 3598/4257/3534 3606/4267/3534 3605/4268/3534 3597/4258/3534
f 3597/4258/3535 3605/4268/3535 3603/4269/3535 3595/4259/3535
f 3608/4270/3536 3600/4260/3536 3602/4261/3536 3610/4271/3536
f 3610/4272/3537 3602/4262/3537 3601/4263/3537 3609/4273/3537
f 3609/4273/3538 3601/4263/3538 3599/4264/3538 3607/4274/3538
f 3604/4265/3539 3612/4275/3539 3614/4276/3539 3606/4266/3539
f 3606/4267/3540 3614/4277/3540 3613/4278/3540 3605/4268/3540
f 3605/4268/3541 3613/4278/3541 3611/4279/3541 3603/4269/3541
f 3616/4280/3542 3608/4270/3542 3610/4271/3542 3618/4281/3542
f 3618/4282/3543 3610/4272/3543 3609/4273/3543 3617/4283/3543
f 3617/4283/3544 3609/4273/3544 3607/4274/3544 3615/4284/3544
f 3612/4275/3545 3620/4285/3545 3622/4286/3545 3614/4276/3545
f 3614/4277/3546 3622/4287/3546 3621/4288/3546 3613/4278/3546
f 3613/4278/3547 3621/4288/3547 3619/4289/3547 3611/4279/3547
f 3624/4290/3548 3616/4280/3548 3618/4281/3548 3626/4291/3548
f 3626/4292/3549 3618/4282/3549 3617/4283/3549 3625/4293/3549
f 3625/4293/3550 3617/4283/3550 3615/4284/3550 3623/4294/3550
f 3620/4285/3551 3628/4295/3551 3630/4296/3551 3622/4286/3551
f 3622/4287/3552 3630/4297/3552 3629/4298/3552 3621/4288/3552
f 3621/4288/3553 3629/4298/3553 3627/4299/3553 3619/4289/3553
f 3632/4300/3554 3624/4290/3554 3626/4291/3554 3634/4301/3554
f 3634/4302/3555 3626/4292/3555 3625/4293/3555 3633/4303/3555
f 3633/4303/3556 3625/4293/3556 3623/4294/3556 3631/4304/3556
f 3628/4295/3557 3636/4305/3557 3638/4306/3557 3630/4296/3557
f 3630/4297/3558 3638/4307/3558 3637/4308/3558 3629/4298/3558
f 3629/4298/3559 3637/4308/3559 3635/4309/3559 3627/4299/3559
f 3640/4310/3560 3632/4300/3560 3634/4301/3560 3642/4311/3560
f 3642/4312/3561 3634/4302/3561 3633/4303/3561 3641/4313/3561
f 3641/4313/3562 3633/4303/3562 3631/4304/3562 3639/4314/3562
f 3636/4305/3563 3644/4315/3563 3646/4316/3563 3638/4306/3563
f 3638/4307/3564 3646/4317/3564 3645/4318/3564 3637/4308/3564
f 3637/4308/3565 3645/4318/3565 3643/4319/3565 3635/4309/3565
f 3648/4320/3566 3640/4310/3566 3642/4311/3566 3650/4321/3566
f 3650/4322/3567 3642/4312/3567 3641/4313/3567 3649/4323/3567
f 3649/4323/3568 3641/4313/3568 3639/4314/3568 3647/4324/3568
f 3644/4315/3569 3652/4325/3569 3654/4326/3569 3646/4316/3569
f 3646/4317/3570 3654/4327/3570 3653/4328/3570 3645/4318/3570
f 3645/4318/3571 3653/4328/3571 3651/4329/3571 3643/4319/3571
f 3656/4330/3572 3648/4320/3572 3650/4321/3572 3658/4331/3572
f 3658/4332/3573 3650/4322/3573 3649/4323/3573 3657/4333/3573
f 3657/4333/3574 3649/4323/3574 3647/4324/3574 3655/4334/3574
f 3652/4325/3575 3468/4335/3575 3470/4336/3575 3654/4326/3575
f 3654/4327/3576 3470/4099/3576 3469/4102/3576 3653/4328/3576
f 3653/4328/3577 3469/4102/3577 3467/4104/3577 3651/4329/3577
f 3472/4337/3578 3656/4330/3578 3658/4331/3578 3474/4338/3578
f 3474/4110/3579 3658/4332/3579 3657/4333/3579 3473/4111/3579
f 3473/4111/3580 3657/4333/3580 3655/4334/3580 3471/4113/3580
f 3467/4104/3581 3475/4103/3581 3483/4119/3581 3491/4129/3581 3499/4139/3581 3507/4149/3581 3515/4159/3581 3523/4169/3581 3531/4179/3581 3539/4189/3581 3547/4199/3581 3555/4209/3581 3563/4219/3581 3571/4229/3581 3579/4239/3581 3587/4249/3581 3595/4259/3581 3603/4269/3581 3611/4279/3581 3619/4289/3581 3627/4299/3581 3635/4309/3581 3643/4319/3581 3651/4329/3581
f 3468/4095/3582 3472/4106/3582 3480/4105/3582 3476/4096/3582
f 3652/4325/3583 3656/4330/3583 3472/4337/3583 3468/4335/3583
f 3479/4114/3584 3471/4113/3584 3655/4334/3584 3647/4324/3584 3639/4314/3584 3631/4304/3584 3623/4294/3584 3615/4284/3584 3607/4274/3584 3599/4264/3584 3591/4254/3584 3583/4244/3584 3575/4234/3584 3567/4224/3584 3559/4214/3584 3551/4204/3584 3543/4194/3584 3535/4184/3584 3527/4174/3584 3519/4164/3584 3511/4154/3584 3503/4144/3584 3495/4134/3584 3487/4124/3584
f 3476/4096/3585 3480/4105/3585 3488/4120/3585 3484/4115/3585
f 3484/4115/3586 3488/4120/3586 3496/4130/3586 3492/4125/3586
f 3492/4125/3587 3496/4130/3587 3504/4140/3587 3500/4135/3587
f 3500/4135/3588 3504/4140/3588 3512/4150/3588 3508/4145/3588
f 3508/4145/3589 3512/4150/3589 3520/4160/3589 3516/4155/3589
f 3516/4155/3590 3520/4160/3590 3528/4170/3590 3524/4165/3590
f 3524/4165/3591 3528/4170/3591 3536/4180/3591 3532/4175/3591
f 3532/4175/3592 3536/4180/3592 3544/4190/3592 3540/4185/3592
f 3540/4185/3593 3544/4190/3593 3552/4200/3593 3548/4195/3593
f 3548/4195/3594 3552/4200/3594 3560/4210/3594 3556/4205/3594
f 3556/4205/3595 3560/4210/3595 3568/4220/3595 3564/4215/3595
f 3564/4215/3596 3568/4220/3596 3576/4230/3596 3572/4225/3596
f 3572/4225/3597 3576/4230/3597 3584/4240/3597 3580/4235/3597
f 3580/4235/3598 3584/4240/3598 3592/4250/3598 3588/4245/3598
f 3588/4245/3599 3592/4250/3599 3600/4260/3599 3596/4255/3599
f 3596/4255/3600 3600/4260/3600 3608/4270/3600 3604/4265/3600
f 3604/4265/3601 3608/4270/3601 3616/4280/3601 3612/4275/3601
f 3612/4275/3602 3616/4280/3602 3624/4290/3602 3620/4285/3602
f 3620/4285/3603 3624/4290/3603 3632/4300/3603 3628/4295/3603
f 3628/4295/3604 3632/4300/3604 3640/4310/3604 3636/4305/3604
f 3636/4305/3605 3640/4310/3605 3648/4320/3605 3644/4315/3605
f 3644/4315/3606 3648/4320/3606 3656/4330/3606 3652/4325/3606
o forearm.001
v 0.793293 4.076749 -0.068589
v 0.726692 4.031894 -0.097132
v 0.764532 4.075720 -0.080915
v 0.740154 4.059302 -0.091362
v 0.653293 3.416749 -0.128589
v 0.611495 3.488821 -0.146502
v 0.627855 3.431386 -0.139491
v 0.612556 3.457766 -0.146048
v 0.787973 4.076178 -0.049896
v 0.717048 4.030860 -0.063251
v 0.757050 4.074918 -0.054628
v 0.731089 4.058330 -0.059516
v 0.647973 3.416178 -0.109896
v 0.601851 3.487787 -0.112621
v 0.620373 3.430583 -0.113204
v 0.603491 3.456794 -0.114201
v 0.787560 4.074505 -0.030528
v 0.716301 4.027827 -0.028147
v 0.756470 4.072565 -0.027393
v 0.730387 4.055480 -0.026521
v 0.647560 3.414505 -0.090528
v 0.601104 3.484754 -0.077518
v 0.619793 3.428230 -0.085969
v 0.602788 3.453943 -0.081206
v 0.792085 4.071843 -0.011807
v 0.724501 4.023003 0.005786
v 0.762832 4.068822 -0.001065
v 0.738095 4.050945 0.005374
v 0.652085 3.411843 -0.071807
v 0.609304 3.479929 -0.043584
v 0.626155 3.424487 -0.059641
v 0.610497 3.449409 -0.049311
v 0.801237 4.068374 0.004994
v 0.741091 4.016716 0.036237
v 0.775703 4.063944 0.022561
v 0.753688 4.045035 0.033997
v 0.661238 3.408375 -0.055006
v 0.625894 3.473642 -0.013133
v 0.639026 3.419609 -0.036015
v 0.626090 3.443499 -0.020689
v 0.814395 4.064335 0.018728
v 0.764939 4.009394 0.061130
v 0.794206 4.058263 0.041875
v 0.776104 4.038154 0.057395
v 0.674395 3.404335 -0.041272
v 0.649741 3.466321 0.011760
v 0.657529 3.413929 -0.016701
v 0.648505 3.436617 0.002710
v 0.830660 4.060000 0.028460
v 0.794420 4.001536 0.078770
v 0.817079 4.052167 0.055560
v 0.803814 4.030768 0.073975
v 0.690660 3.400000 -0.031540
v 0.679222 3.458463 0.029399
v 0.680402 3.407833 -0.003016
v 0.676215 3.429232 0.019290
v 0.848925 4.055665 0.033527
v 0.827524 3.993680 0.087953
v 0.842764 4.046071 0.062685
v 0.834931 4.023383 0.082607
v 0.708925 3.395665 -0.026474
v 0.712327 3.450606 0.038583
v 0.706087 3.401737 0.004109
v 0.707332 3.421847 0.027921
v 0.867944 4.051625 0.033582
v 0.861997 3.986358 0.088054
v 0.869510 4.040391 0.062764
v 0.867333 4.016501 0.082702
v 0.727944 3.391626 -0.026418
v 0.746800 3.443285 0.038684
v 0.732833 3.396056 0.004188
v 0.739735 3.414965 0.028016
v 0.886422 4.048157 0.028624
v 0.895489 3.980071 0.079066
v 0.895495 4.035513 0.055791
v 0.898814 4.010592 0.074254
v 0.746422 3.388157 -0.031376
v 0.780292 3.436997 0.029696
v 0.758818 3.391178 -0.002786
v 0.771215 3.409055 0.019569
v 0.903100 4.045495 0.018989
v 0.925717 3.975246 0.061602
v 0.918948 4.031770 0.042241
v 0.927226 4.006057 0.057839
v 0.763100 3.385495 -0.041012
v 0.810520 3.432173 0.012232
v 0.782271 3.387435 -0.016335
v 0.799628 3.404520 0.003153
v 0.916840 4.043822 0.005333
v 0.950622 3.972214 0.036852
v 0.938270 4.029417 0.023038
v 0.950635 4.003206 0.034575
v 0.776840 3.383822 -0.054667
v 0.835424 3.429140 -0.012518
v 0.801593 3.385082 -0.035538
v 0.823036 3.401670 -0.020110
v 0.926707 4.043251 -0.011411
v 0.968505 3.971179 0.006502
v 0.952145 4.028614 -0.000509
v 0.967445 4.002234 0.006048
v 0.786707 3.383251 -0.071411
v 0.853308 3.428106 -0.042868
v 0.815468 3.384279 -0.059085
v 0.839846 3.400697 -0.048638
v 0.932027 4.043822 -0.030104
v 0.978149 3.972214 -0.027379
v 0.959628 4.029417 -0.026796
v 0.976509 4.003206 -0.025799
v 0.792027 3.383822 -0.090104
v 0.862952 3.429140 -0.076749
v 0.822951 3.385082 -0.085372
v 0.848911 3.401670 -0.080484
v 0.932440 4.045495 -0.049472
v 0.978896 3.975246 -0.062482
v 0.960207 4.031770 -0.054031
v 0.977212 4.006057 -0.058794
v 0.792440 3.385495 -0.109472
v 0.863699 3.432173 -0.111853
v 0.823530 3.387435 -0.112607
v 0.849613 3.404520 -0.113479
v 0.927915 4.048157 -0.068193
v 0.970696 3.980071 -0.096416
v 0.953845 4.035513 -0.080359
v 0.969504 4.010592 -0.090689
v 0.787915 3.388157 -0.128193
v 0.855499 3.436997 -0.145786
v 0.817168 3.391178 -0.138935
v 0.841905 3.409055 -0.145374
v 0.918763 4.051626 -0.084994
v 0.954106 3.986358 -0.126867
v 0.940974 4.040391 -0.103985
v 0.953910 4.016501 -0.119311
v 0.778763 3.391626 -0.144994
v 0.838909 3.443285 -0.176237
v 0.804297 3.396056 -0.162561
v 0.826312 3.414965 -0.173997
v 0.905605 4.055665 -0.098728
v 0.930259 3.993680 -0.151760
v 0.922471 4.046072 -0.123299
v 0.931495 4.023383 -0.142710
v 0.765605 3.395665 -0.158728
v 0.815061 3.450606 -0.201130
v 0.785794 3.401737 -0.181875
v 0.803896 3.421847 -0.197395
v 0.889340 4.060000 -0.108460
v 0.900778 4.001537 -0.169399
v 0.899598 4.052167 -0.136984
v 0.903785 4.030768 -0.159290
v 0.749340 3.400000 -0.168460
v 0.785581 3.458463 -0.218770
v 0.762921 3.407833 -0.195560
v 0.776186 3.429232 -0.213975
v 0.871075 4.064335 -0.113526
v 0.867673 4.009394 -0.178583
v 0.873913 4.058263 -0.144109
v 0.872668 4.038154 -0.167921
v 0.731075 3.404335 -0.173527
v 0.752476 3.466321 -0.227953
v 0.737236 3.413929 -0.202685
v 0.745069 3.436617 -0.222607
v 0.852056 4.068375 -0.113582
v 0.833200 4.016716 -0.178684
v 0.847167 4.063944 -0.144188
v 0.840265 4.045035 -0.168016
v 0.712056 3.408375 -0.173582
v 0.718003 3.473642 -0.228054
v 0.710490 3.419609 -0.202764
v 0.712667 3.443499 -0.222702
v 0.833578 4.071843 -0.108624
v 0.799708 4.023003 -0.169696
v 0.821182 4.068822 -0.137214
v 0.808785 4.050945 -0.159569
v 0.693578 3.411843 -0.168624
v 0.684511 3.479929 -0.219067
v 0.684505 3.424487 -0.195790
v 0.681186 3.449409 -0.214254
v 0.816900 4.074505 -0.098988
v 0.769480 4.027827 -0.152232
v 0.797729 4.072565 -0.123665
v 0.780372 4.055480 -0.143153
v 0.676900 3.414505 -0.158989
v 0.654283 3.484754 -0.201602
v 0.661052 3.428230 -0.182241
v 0.652774 3.453943 -0.197839
v 0.803160 4.076178 -0.085333
v 0.744576 4.030860 -0.127482
v 0.778407 4.074918 -0.104462
v 0.756964 4.058331 -0.119890
v 0.663160 3.416178 -0.145333
v 0.629378 3.487787 -0.176852
v 0.641730 3.430583 -0.163038
v 0.629365 3.456794 -0.174575
vn -0.8539 0.4675 -0.2288
vn -0.5181 0.8466 -0.1216
vn -0.0435 0.9989 0.0181
vn -0.9608 -0.0368 -0.2746
vn -0.8104 -0.5314 -0.2469
vn -0.4428 -0.8835 -0.1530
vn -0.8914 0.4529 0.0202
vn -0.5455 0.8359 0.0606
vn -0.0535 0.9950 0.0848
vn -0.9983 -0.0515 -0.0257
vn -0.8378 -0.5421 -0.0647
vn -0.4528 -0.8874 -0.0863
vn -0.8645 0.4245 0.2693
vn -0.5258 0.8151 0.2430
vn -0.0463 0.9874 0.1516
vn -0.9714 -0.0799 0.2234
vn -0.8181 -0.5628 0.1177
vn -0.4456 -0.8950 -0.0196
vn -0.7750 0.3844 0.5016
vn -0.4604 0.7858 0.4130
vn -0.0224 0.9766 0.2138
vn -0.8820 -0.1200 0.4557
vn -0.7527 -0.5922 0.2878
vn -0.4216 -0.9058 0.0427
vn -0.6291 0.3353 0.7013
vn -0.3535 0.7498 0.5592
vn 0.0167 0.9635 0.2673
vn -0.7361 -0.1691 0.6554
vn -0.6458 -0.6281 0.4340
vn -0.3825 -0.9189 0.0962
vn -0.4367 0.2805 0.8548
vn -0.2127 0.7098 0.6716
vn 0.0683 0.9488 0.3085
vn -0.5437 -0.2238 0.8089
vn -0.5050 -0.6682 0.5463
vn -0.3310 -0.9336 0.1373
vn -0.2108 0.2238 0.9515
vn -0.0473 0.6682 0.7424
vn 0.1288 0.9336 0.3344
vn -0.3178 -0.2805 0.9057
vn -0.3397 -0.7098 0.6172
vn -0.2705 -0.9488 0.1633
vn 0.0330 0.1691 0.9851
vn 0.1312 0.6281 0.7670
vn 0.1942 0.9189 0.3434
vn -0.0740 -0.3353 0.9392
vn -0.1611 -0.7498 0.6417
vn -0.2051 -0.9635 0.1722
vn 0.2783 0.1200 0.9530
vn 0.3107 0.5922 0.7435
vn 0.2599 0.9058 0.3348
vn 0.1713 -0.3844 0.9071
vn 0.0184 -0.7858 0.6182
vn -0.1394 -0.9766 0.1636
vn 0.5082 0.0799 0.8575
vn 0.4790 0.5628 0.6736
vn 0.3215 0.8950 0.3092
vn 0.4012 -0.4245 0.8117
vn 0.1867 -0.8151 0.5483
vn -0.0778 -0.9874 0.1381
vn 0.7071 0.0515 0.7052
vn 0.6246 0.5421 0.5621
vn 0.3748 0.8874 0.2684
vn 0.6001 -0.4529 0.6594
vn 0.3323 -0.8359 0.4368
vn -0.0245 -0.9950 0.0973
vn 0.8615 0.0368 0.5064
vn 0.7377 0.5314 0.4166
vn 0.4162 0.8835 0.2151
vn 0.7545 -0.4675 0.4605
vn 0.4454 -0.8466 0.2913
vn 0.0169 -0.9989 0.0440
vn 0.9608 0.0368 0.2746
vn 0.8104 0.5314 0.2469
vn 0.4428 0.8835 0.1530
vn 0.8539 -0.4675 0.2288
vn 0.5181 -0.8466 0.1216
vn 0.0435 -0.9989 -0.0181
vn 0.9983 0.0515 0.0257
vn 0.8378 0.5421 0.0647
vn 0.4528 0.8874 0.0863
vn 0.8914 -0.4529 -0.0202
vn 0.5455 -0.8359 -0.0606
vn 0.0535 -0.9950 -0.0848
vn 0.9714 0.0799 -0.2234
vn 0.8181 0.5628 -0.1177
vn 0.4456 0.8950 0.0196
vn 0.8645 -0.4245 -0.2693
vn 0.5258 -0.8151 -0.2430
vn 0.0463 -0.9874 -0.1516
vn 0.8820 0.1200 -0.4557
vn 0.7527 0.5922 -0.2878
vn 0.4216 0.9058 -0.0427
vn 0.7750 -0.3844 -0.5016
vn 0.4604 -0.7858 -0.4130
vn 0.0224 -0.9766 -0.2138
vn 0.7361 0.1691 -0.6554
vn 0.6458 0.6281 -0.4340
vn 0.3825 0.9189 -0.0962
vn 0.6291 -0.3353 -0.7013
vn 0.3535 -0.7498 -0.5592
vn -0.0167 -0.9635 -0.2673
vn 0.5437 0.2238 -0.8089
vn 0.5050 0.6682 -0.5463
vn 0.3310 0.9336 -0.1373
vn 0.4367 -0.2805 -0.8548
vn 0.2127 -0.7098 -0.6716
vn -0.0683 -0.9488 -0.3085
vn 0.3178 0.2805 -0.9057
vn 0.3397 0.7098 -0.6172
vn 0.2705 0.9488 -0.1633
vn 0.2108 -0.2238 -0.9515
vn 0.0473 -0.6682 -0.7424
vn -0.1288 -0.9336 -0.3344
vn 0.0740 0.3353 -0.9392
vn 0.1611 0.7498 -0.6417
vn 0.2051 0.9635 -0.1722
vn -0.0330 -0.1691 -0.9851
vn -0.1312 -0.6281 -0.7670
vn -0.1942 -0.9189 -0.3434
vn -0.1713 0.3844 -0.9071
vn -0.0184 0.7858 -0.6182
vn 0.1394 0.9766 -0.1636
vn -0.2783 -0.1200 -0.9530
vn -0.3107 -0.5922 -0.7435
vn -0.2599 -0.9058 -0.3348
vn -0.4012 0.4245 -0.8117
vn -0.1867 0.8151 -0.5483
vn 0.0778 0.9874 -0.1381
vn -0.5082 -0.0799 -0.8575
vn -0.4790 -0.5628 -0.6736
vn -0.3215 -0.8950 -0.3092
vn -0.6001 0.4529 -0.6594
vn -0.3323 0.8359 -0.4368
vn 0.0245 0.9950 -0.0973
vn -0.7071 -0.0515 -0.7052
vn -0.6246 -0.5421 -0.5621
vn -0.3748 -0.8874 -0.2684
vn -0.7545 0.4675 -0.4605
vn -0.4454 0.8466 -0.2913
vn -0.0169 0.9989 -0.0440
vn -0.8615 -0.0368 -0.5064
vn -0.7377 -0.5314 -0.4166
vn -0.4162 -0.8835 -0.2151
vn 0.2067 0.9744 0.0886
vn -0.9394 0.2229 -0.2606
vn -0.8365 0.2229 -0.5005
vn -0.2067 -0.9744 -0.0886
vn -0.9782 0.2078 -0.0029
vn -0.9503 0.1784 0.2550
vn -0.8577 0.1369 0.4955
vn -0.7067 0.0861 0.7023
vn -0.5074 0.0294 0.8612
vn -0.2736 -0.0294 0.9614
vn -0.0212 -0.0861 0.9961
vn 0.2327 -0.1369 0.9629
vn 0.4707 -0.1784 0.8641
vn 0.6767 -0.2078 0.7064
vn 0.8365 -0.2229 0.5005
vn 0.9394 -0.2229 0.2606
vn 0.9782 -0.2078 0.0029
vn 0.9503 -0.1784 -0.2550
vn 0.8577 -0.1369 -0.4955
vn 0.7067 -0.0861 -0.7023
vn 0.5074 -0.0294 -0.8612
vn 0.2736 0.0294 -0.9614
vn 0.0212 0.0861 -0.9961
vn -0.2327 0.1369 -0.9629
vn -0.4707 0.1784 -0.8641
vn -0.6767 0.2078 -0.7064
vt 1.000000 0.544290
vt 0.958333 0.544290
vt 0.958333 0.500000
vt 0.998749 0.500000
vt 0.750000 0.489754
vt 0.812053 0.481585
vt 0.798194 0.429862
vt 0.750000 0.436207
vt 0.784271 0.377901
vt 0.750000 0.382413
vt 0.958333 0.955710
vt 1.000000 0.955710
vt 0.998749 1.000000
vt 0.958333 1.000000
vt 0.312053 0.481585
vt 0.250000 0.489754
vt 0.250000 0.436206
vt 0.298194 0.429862
vt 0.250000 0.382413
vt 0.284271 0.377901
vt 0.916667 0.544290
vt 0.916667 0.500000
vt 0.869877 0.457633
vt 0.843103 0.411260
vt 0.816206 0.364673
vt 0.916667 0.955710
vt 0.916667 1.000000
vt 0.369877 0.457633
vt 0.343103 0.411260
vt 0.316207 0.364673
vt 0.875000 0.544290
vt 0.875000 0.500000
vt 0.919532 0.419532
vt 0.881668 0.381668
vt 0.843630 0.343630
vt 0.875000 0.955710
vt 0.875000 1.000000
vt 0.419532 0.419532
vt 0.381668 0.381668
vt 0.343630 0.343630
vt 0.833333 0.544290
vt 0.833333 0.500000
vt 0.957633 0.369877
vt 0.911260 0.343103
vt 0.864673 0.316207
vt 0.833333 0.955710
vt 0.833333 1.000000
vt 0.457633 0.369877
vt 0.411259 0.343103
vt 0.364673 0.316207
vt 0.791667 0.544290
vt 0.791667 0.500000
vt 0.981585 0.312053
vt 0.929862 0.298194
vt 0.877901 0.284271
vt 0.791667 0.955710
vt 0.791667 1.000000
vt 0.481585 0.312053
vt 0.429862 0.298194
vt 0.377901 0.284271
vt 0.750000 0.544290
vt 0.750000 0.500000
vt 0.989754 0.250000
vt 0.936207 0.250000
vt 0.882413 0.250000
vt 0.750000 0.955710
vt 0.750000 1.000000
vt 0.489754 0.250000
vt 0.436207 0.250000
vt 0.382413 0.250000
vt 0.708333 0.544290
vt 0.708333 0.500000
vt 0.981585 0.187947
vt 0.929862 0.201806
vt 0.877901 0.215729
vt 0.708333 0.955710
vt 0.708333 1.000000
vt 0.481585 0.187947
vt 0.429862 0.201806
vt 0.377901 0.215729
vt 0.666667 0.544290
vt 0.666667 0.500000
vt 0.957633 0.130123
vt 0.911259 0.156897
vt 0.864673 0.183794
vt 0.666667 0.955710
vt 0.666667 1.000000
vt 0.457633 0.130123
vt 0.411260 0.156897
vt 0.364673 0.183794
vt 0.625000 0.544290
vt 0.625000 0.500000
vt 0.919532 0.080468
vt 0.881668 0.118332
vt 0.843630 0.156370
vt 0.625000 0.955710
vt 0.625000 1.000000
vt 0.419532 0.080468
vt 0.381668 0.118332
vt 0.343630 0.156370
vt 0.583333 0.544290
vt 0.583333 0.500000
vt 0.869877 0.042367
vt 0.843103 0.088740
vt 0.816207 0.135327
vt 0.583333 0.955710
vt 0.583333 1.000000
vt 0.369877 0.042367
vt 0.343103 0.088740
vt 0.316207 0.135327
vt 0.541666 0.544290
vt 0.541666 0.500000
vt 0.812053 0.018415
vt 0.798194 0.070138
vt 0.784271 0.122099
vt 0.541666 0.955710
vt 0.541666 1.000000
vt 0.312053 0.018415
vt 0.298194 0.070138
vt 0.284271 0.122099
vt 0.500000 0.544290
vt 0.500000 0.500000
vt 0.750000 0.010246
vt 0.750000 0.063794
vt 0.750000 0.117587
vt 0.500000 0.955710
vt 0.500000 1.000000
vt 0.250000 0.010246
vt 0.250000 0.063794
vt 0.250000 0.117587
vt 0.458333 0.544290
vt 0.458333 0.500000
vt 0.687947 0.018415
vt 0.701806 0.070138
vt 0.715729 0.122099
vt 0.458333 0.955710
vt 0.458333 1.000000
vt 0.187947 0.018415
vt 0.201806 0.070138
vt 0.215729 0.122099
vt 0.416667 0.544290
vt 0.416666 0.500000
vt 0.630123 0.042367
vt 0.656897 0.088740
vt 0.683793 0.135327
vt 0.416667 0.955710
vt 0.416666 1.000000
vt 0.130123 0.042367
vt 0.156897 0.088740
vt 0.183794 0.135327
vt 0.375000 0.544290
vt 0.375000 0.500000
vt 0.580468 0.080468
vt 0.618332 0.118332
vt 0.656370 0.156370
vt 0.375000 0.955710
vt 0.375000 1.000000
vt 0.080468 0.080468
vt 0.118332 0.118332
vt 0.156370 0.156370
vt 0.333333 0.544290
vt 0.333333 0.500000
vt 0.542367 0.130123
vt 0.588740 0.156897
vt 0.635327 0.183794
vt 0.333333 0.955710
vt 0.333333 1.000000
vt 0.042367 0.130123
vt 0.088740 0.156897
vt 0.135327 0.183794
vt 0.291667 0.544290
vt 0.291667 0.500000
vt 0.518415 0.187947
vt 0.570138 0.201806
vt 0.622099 0.215729
vt 0.291667 0.955710
vt 0.291667 1.000000
vt 0.018415 0.187947
vt 0.070138 0.201806
vt 0.122099 0.215729
vt 0.250000 0.544290
vt 0.250000 0.500000
vt 0.510246 0.250000
vt 0.563793 0.250000
vt 0.617587 0.250000
vt 0.250000 0.955710
vt 0.250000 1.000000
vt 0.010246 0.250000
vt 0.063794 0.250000
vt 0.117587 0.250000
vt 0.208333 0.544290
vt 0.208333 0.500000
vt 0.518415 0.312053
vt 0.570138 0.298194
vt 0.622099 0.284271
vt 0.208333 0.955710
vt 0.208333 1.000000
vt 0.018415 0.312053
vt 0.070138 0.298194
vt 0.122099 0.284271
vt 0.166667 0.544290
vt 0.166666 0.500000
vt 0.542367 0.369877
vt 0.588741 0.343103
vt 0.635327 0.316207
vt 0.166667 0.955710
vt 0.166666 1.000000
vt 0.042367 0.369877
vt 0.088740 0.343103
vt 0.135327 0.316207
vt 0.125000 0.544290
vt 0.125000 0.500000
vt 0.580468 0.419532
vt 0.618332 0.381668
vt 0.656370 0.343630
vt 0.125000 0.955710
vt 0.125000 1.000000
vt 0.080468 0.419532
vt 0.118332 0.381668
vt 0.156370 0.343630
vt 0.083333 0.544290
vt 0.083333 0.500000
vt 0.630123 0.457633
vt 0.656897 0.411260
vt 0.683793 0.364673
vt 0.083333 0.955710
vt 0.083333 1.000000
vt 0.130123 0.457633
vt 0.156897 0.411260
vt 0.183794 0.364673
vt 0.041666 0.544290
vt 0.041666 0.500000
vt 0.687947 0.481585
vt 0.701806 0.429862
vt 0.715729 0.377901
vt 0.041666 0.955710
vt 0.041666 1.000000
vt 0.187947 0.481585
vt 0.201806 0.429862
vt 0.215729 0.377901
vt -0.000000 0.544290
vt 0.001251 0.500000
vt -0.000000 0.955710
vt 0.001251 1.000000
s 0
usemtl skin
f 3660/4339/3607 3668/4340/3607 3670/4341/3607 3662/4342/3607
f 3662/4343/3608 3670/4344/3608 3669/4345/3608 3661/4346/3608
f 3661/4346/3609 3669/4345/3609 3667/4347/3609 3659/4348/3609
f 3672/4349/3610 3664/4350/3610 3666/4351/3610 3674/4352/3610
f 3674/4353/3611 3666/4354/3611 3665/4355/3611 3673/4356/3611
f 3673/4356/3612 3665/4355/3612 3663/4357/3612 3671/4358/3612
f 3668/4340/3613 3676/4359/3613 3678/4360/3613 3670/4341/3613
f 3670/4344/3614 3678/4361/3614 3677/4362/3614 3669/4345/3614
f 3669/4345/3615 3677/4362/3615 3675/4363/3615 3667/4347/3615
f 3680/4364/3616 3672/4349/3616 3674/4352/3616 3682/4365/3616
f 3682/4366/3617 3674/4353/3617 3673/4356/3617 3681/4367/3617
f 3681/4367/3618 3673/4356/3618 3671/4358/3618 3679/4368/3618
f 3676/4359/3619 3684/4369/3619 3686/4370/3619 3678/4360/3619
f 3678/4361/3620 3686/4371/3620 3685/4372/3620 3677/4362/3620
f 3677/4362/3621 3685/4372/3621 3683/4373/3621 3675/4363/3621
f 3688/4374/3622 3680/4364/3622 3682/4365/3622 3690/4375/3622
f 3690/4376/3623 3682/4366/3623 3681/4367/3623 3689/4377/3623
f 3689/4377/3624 3681/4367/3624 3679/4368/3624 3687/4378/3624
f 3684/4369/3625 3692/4379/3625 3694/4380/3625 3686/4370/3625
f 3686/4371/3626 3694/4381/3626 3693/4382/3626 3685/4372/3626
f 3685/4372/3627 3693/4382/3627 3691/4383/3627 3683/4373/3627
f 3696/4384/3628 3688/4374/3628 3690/4375/3628 3698/4385/3628
f 3698/4386/3629 3690/4376/3629 3689/4377/3629 3697/4387/3629
f 3697/4387/3630 3689/4377/3630 3687/4378/3630 3695/4388/3630
f 3692/4379/3631 3700/4389/3631 3702/4390/3631 3694/4380/3631
f 3694/4381/3632 3702/4391/3632 3701/4392/3632 3693/4382/3632
f 3693/4382/3633 3701/4392/3633 3699/4393/3633 3691/4383/3633
f 3704/4394/3634 3696/4384/3634 3698/4385/3634 3706/4395/3634
f 3706/4396/3635 3698/4386/3635 3697/4387/3635 3705/4397/3635
f 3705/4397/3636 3697/4387/3636 3695/4388/3636 3703/4398/3636
f 3700/4389/3637 3708/4399/3637 3710/4400/3637 3702/4390/3637
f 3702/4391/3638 3710/4401/3638 3709/4402/3638 3701/4392/3638
f 3701/4392/3639 3709/4402/3639 3707/4403/3639 3699/4393/3639
f 3712/4404/3640 3704/4394/3640 3706/4395/3640 3714/4405/3640
f 3714/4406/3641 3706/4396/3641 3705/4397/3641 3713/4407/3641
f 3713/4407/3642 3705/4397/3642 3703/4398/3642 3711/4408/3642
f 3708/4399/3643 3716/4409/3643 3718/4410/3643 3710/4400/3643
f 3710/4401/3644 3718/4411/3644 3717/4412/3644 3709/4402/3644
f 3709/4402/3645 3717/4412/3645 3715/4413/3645 3707/4403/3645
f 3720/4414/3646 3712/4404/3646 3714/4405/3646 3722/4415/3646
f 3722/4416/3647 3714/4406/3647 3713/4407/3647 3721/4417/3647
f 3721/4417/3648 3713/4407/3648 3711/4408/3648 3719/4418/3648
f 3716/4409/3649 3724/4419/3649 3726/4420/3649 3718/4410/3649
f 3718/4411/3650 3726/4421/3650 3725/4422/3650 3717/4412/3650
f 3717/4412/3651 3725/4422/3651 3723/4423/3651 3715/4413/3651
f 3728/4424/3652 3720/4414/3652 3722/4415/3652 3730/4425/3652
f 3730/4426/3653 3722/4416/3653 3721/4417/3653 3729/4427/3653
f 3729/4427/3654 3721/4417/3654 3719/4418/3654 3727/4428/3654
f 3724/4419/3655 3732/4429/3655 3734/4430/3655 3726/4420/3655
f 3726/4421/3656 3734/4431/3656 3733/4432/3656 3725/4422/3656
f 3725/4422/3657 3733/4432/3657 3731/4433/3657 3723/4423/3657
f 3736/4434/3658 3728/4424/3658 3730/4425/3658 3738/4435/3658
f 3738/4436/3659 3730/4426/3659 3729/4427/3659 3737/4437/3659
f 3737/4437/3660 3729/4427/3660 3727/4428/3660 3735/4438/3660
f 3732/4429/3661 3740/4439/3661 3742/4440/3661 3734/4430/3661
f 3734/4431/3662 3742/4441/3662 3741/4442/3662 3733/4432/3662
f 3733/4432/3663 3741/4442/3663 3739/4443/3663 3731/4433/3663
f 3744/4444/3664 3736/4434/3664 3738/4435/3664 3746/4445/3664
f 3746/4446/3665 3738/4436/3665 3737/4437/3665 3745/4447/3665
f 3745/4447/3666 3737/4437/3666 3735/4438/3666 3743/4448/3666
f 3740/4439/3667 3748/4449/3667 3750/4450/3667 3742/4440/3667
f 3742/4441/3668 3750/4451/3668 3749/4452/3668 3741/4442/3668
f 3741/4442/3669 3749/4452/3669 3747/4453/3669 3739/4443/3669
f 3752/4454/3670 3744/4444/3670 3746/4445/3670 3754/4455/3670
f 3754/4456/3671 3746/4446/3671 3745/4447/3671 3753/4457/3671
f 3753/4457/3672 3745/4447/3672 3743/4448/3672 3751/4458/3672
f 3748/4449/3673 3756/4459/3673 3758/4460/3673 3750/4450/3673
f 3750/4451/3674 3758/4461/3674 3757/4462/3674 3749/4452/3674
f 3749/4452/3675 3757/4462/3675 3755/4463/3675 3747/4453/3675
f 3760/4464/3676 3752/4454/3676 3754/4455/3676 3762/4465/3676
f 3762/4466/3677 3754/4456/3677 3753/4457/3677 3761/4467/3677
f 3761/4467/3678 3753/4457/3678 3751/4458/3678 3759/4468/3678
f 3756/4459/3679 3764/4469/3679 3766/4470/3679 3758/4460/3679
f 3758/4461/3680 3766/4471/3680 3765/4472/3680 3757/4462/3680
f 3757/4462/3681 3765/4472/3681 3763/4473/3681 3755/4463/3681
f 3768/4474/3682 3760/4464/3682 3762/4465/3682 3770/4475/3682
f 3770/4476/3683 3762/4466/3683 3761/4467/3683 3769/4477/3683
f 3769/4477/3684 3761/4467/3684 3759/4468/3684 3767/4478/3684
f 3764/4469/3685 3772/4479/3685 3774/4480/3685 3766/4470/3685
f 3766/4471/3686 3774/4481/3686 3773/4482/3686 3765/4472/3686
f 3765/4472/3687 3773/4482/3687 3771/4483/3687 3763/4473/3687
f 3776/4484/3688 3768/4474/3688 3770/4475/3688 3778/4485/3688
f 3778/4486/3689 3770/4476/3689 3769/4477/3689 3777/4487/3689
f 3777/4487/3690 3769/4477/3690 3767/4478/3690 3775/4488/3690
f 3772/4479/3691 3780/4489/3691 3782/4490/3691 3774/4480/3691
f 3774/4481/3692 3782/4491/3692 3781/4492/3692 3773/4482/3692
f 3773/4482/3693 3781/4492/3693 3779/4493/3693 3771/4483/3693
f 3784/4494/3694 3776/4484/3694 3778/4485/3694 3786/4495/3694
f 3786/4496/3695 3778/4486/3695 3777/4487/3695 3785/4497/3695
f 3785/4497/3696 3777/4487/3696 3775/4488/3696 3783/4498/3696
f 3780/4489/3697 3788/4499/3697 3790/4500/3697 3782/4490/3697
f 3782/4491/3698 3790/4501/3698 3789/4502/3698 3781/4492/3698
f 3781/4492/3699 3789/4502/3699 3787/4503/3699 3779/4493/3699
f 3792/4504/3700 3784/4494/3700 3786/4495/3700 3794/4505/3700
f 3794/4506/3701 3786/4496/3701 3785/4497/3701 3793/4507/3701
f 3793/4507/3702 3785/4497/3702 3783/4498/3702 3791/4508/3702
f 3788/4499/3703 3796/4509/3703 3798/4510/3703 3790/4500/3703
f 3790/4501/3704 3798/4511/3704 3797/4512/3704 3789/4502/3704
f 3789/4502/3705 3797/4512/3705 3795/4513/3705 3787/4503/3705
f 3800/4514/3706 3792/4504/3706 3794/4505/3706 3802/4515/3706
f 3802/4516/3707 3794/4506/3707 3793/4507/3707 3801/4517/3707
f 3801/4517/3708 3793/4507/3708 3791/4508/3708 3799/4518/3708
f 3796/4509/3709 3804/4519/3709 3806/4520/3709 3798/4510/3709
f 3798/4511/3710 3806/4521/3710 3805/4522/3710 3797/4512/3710
f 3797/4512/3711 3805/4522/3711 3803/4523/3711 3795/4513/3711
f 3808/4524/3712 3800/4514/3712 3802/4515/3712 3810/4525/3712
f 3810/4526/3713 3802/4516/3713 3801/4517/3713 3809/4527/3713
f 3809/4527/3714 3801/4517/3714 3799/4518/3714 3807/4528/3714
f 3804/4519/3715 3812/4529/3715 3814/4530/3715 3806/4520/3715
f 3806/4521/3716 3814/4531/3716 3813/4532/3716 3805/4522/3716
f 3805/4522/3717 3813/4532/3717 3811/4533/3717 3803/4523/3717
f 3816/4534/3718 3808/4524/3718 3810/4525/3718 3818/4535/3718
f 3818/4536/3719 3810/4526/3719 3809/4527/3719 3817/4537/3719
f 3817/4537/3720 3809/4527/3720 3807/4528/3720 3815/4538/3720
f 3812/4529/3721 3820/4539/3721 3822/4540/3721 3814/4530/3721
f 3814/4531/3722 3822/4541/3722 3821/4542/3722 3813/4532/3722
f 3813/4532/3723 3821/4542/3723 3819/4543/3723 3811/4533/3723
f 3824/4544/3724 3816/4534/3724 3818/4535/3724 3826/4545/3724
f 3826/4546/3725 3818/4536/3725 3817/4537/3725 3825/4547/3725
f 3825/4547/3726 3817/4537/3726 3815/4538/3726 3823/4548/3726
f 3820/4539/3727 3828/4549/3727 3830/4550/3727 3822/4540/3727
f 3822/4541/3728 3830/4551/3728 3829/4552/3728 3821/4542/3728
f 3821/4542/3729 3829/4552/3729 3827/4553/3729 3819/4543/3729
f 3832/4554/3730 3824/4544/3730 3826/4545/3730 3834/4555/3730
f 3834/4556/3731 3826/4546/3731 3825/4547/3731 3833/4557/3731
f 3833/4557/3732 3825/4547/3732 3823/4548/3732 3831/4558/3732
f 3828/4549/3733 3836/4559/3733 3838/4560/3733 3830/4550/3733
f 3830/4551/3734 3838/4561/3734 3837/4562/3734 3829/4552/3734
f 3829/4552/3735 3837/4562/3735 3835/4563/3735 3827/4553/3735
f 3840/4564/3736 3832/4554/3736 3834/4555/3736 3842/4565/3736
f 3842/4566/3737 3834/4556/3737 3833/4557/3737 3841/4567/3737
f 3841/4567/3738 3833/4557/3738 3831/4558/3738 3839/4568/3738
f 3836/4559/3739 3844/4569/3739 3846/4570/3739 3838/4560/3739
f 3838/4561/3740 3846/4571/3740 3845/4572/3740 3837/4562/3740
f 3837/4562/3741 3845/4572/3741 3843/4573/3741 3835/4563/3741
f 3848/4574/3742 3840/4564/3742 3842/4565/3742 3850/4575/3742
f 3850/4576/3743 3842/4566/3743 3841/4567/3743 3849/4577/3743
f 3849/4577/3744 3841/4567/3744 3839/4568/3744 3847/4578/3744
f 3844/4569/3745 3660/4579/3745 3662/4580/3745 3846/4570/3745
f 3846/4571/3746 3662/4343/3746 3661/4346/3746 3845/4572/3746
f 3845/4572/3747 3661/4346/3747 3659/4348/3747 3843/4573/3747
f 3664/4581/3748 3848/4574/3748 3850/4575/3748 3666/4582/3748
f 3666/4354/3749 3850/4576/3749 3849/4577/3749 3665/4355/3749
f 3665/4355/3750 3849/4577/3750 3847/4578/3750 3663/4357/3750
f 3659/4348/3751 3667/4347/3751 3675/4363/3751 3683/4373/3751 3691/4383/3751 3699/4393/3751 3707/4403/3751 3715/4413/3751 3723/4423/3751 3731/4433/3751 3739/4443/3751 3747/4453/3751 3755/4463/3751 3763/4473/3751 3771/4483/3751 3779/4493/3751 3787/4503/3751 3795/4513/3751 3803/4523/3751 3811/4533/3751 3819/4543/3751 3827/4553/3751 3835/4563/3751 3843/4573/3751
f 3660/4339/3752 3664/4350/3752 3672/4349/3752 3668/4340/3752
f 3844/4569/3753 3848/4574/3753 3664/4581/3753 3660/4579/3753
f 3671/4358/3754 3663/4357/3754 3847/4578/3754 3839/4568/3754 3831/4558/3754 3823/4548/3754 3815/4538/3754 3807/4528/3754 3799/4518/3754 3791/4508/3754 3783/4498/3754 3775/4488/3754 3767/4478/3754 3759/4468/3754 3751/4458/3754 3743/4448/3754 3735/4438/3754 3727/4428/3754 3719/4418/3754 3711/4408/3754 3703/4398/3754 3695/4388/3754 3687/4378/3754 3679/4368/3754
f 3668/4340/3755 3672/4349/3755 3680/4364/3755 3676/4359/3755
f 3676/4359/3756 3680/4364/3756 3688/4374/3756 3684/4369/3756
f 3684/4369/3757 3688/4374/3757 3696/4384/3757 3692/4379/3757
f 3692/4379/3758 3696/4384/3758 3704/4394/3758 3700/4389/3758
f 3700/4389/3759 3704/4394/3759 3712/4404/3759 3708/4399/3759
f 3708/4399/3760 3712/4404/3760 3720/4414/3760 3716/4409/3760
f 3716/4409/3761 3720/4414/3761 3728/4424/3761 3724/4419/3761
f 3724/4419/3762 3728/4424/3762 3736/4434/3762 3732/4429/3762
f 3732/4429/3763 3736/4434/3763 3744/4444/3763 3740/4439/3763
f 3740/4439/3764 3744/4444/3764 3752/4454/3764 3748/4449/3764
f 3748/4449/3765 3752/4454/3765 3760/4464/3765 3756/4459/3765
f 3756/4459/3766 3760/4464/3766 3768/4474/3766 3764/4469/3766
f 3764/4469/3767 3768/4474/3767 3776/4484/3767 3772/4479/3767
f 3772/4479/3768 3776/4484/3768 3784/4494/3768 3780/4489/3768
f 3780/4489/3769 3784/4494/3769 3792/4504/3769 3788/4499/3769
f 3788/4499/3770 3792/4504/3770 3800/4514/3770 3796/4509/3770
f 3796/4509/3771 3800/4514/3771 3808/4524/3771 3804/4519/3771
f 3804/4519/3772 3808/4524/3772 3816/4534/3772 3812/4529/3772
f 3812/4529/3773 3816/4534/3773 3824/4544/3773 3820/4539/3773
f 3820/4539/3774 3824/4544/3774 3832/4554/3774 3828/4549/3774
f 3828/4549/3775 3832/4554/3775 3840/4564/3775 3836/4559/3775
f 3836/4559/3776 3840/4564/3776 3848/4574/3776 3844/4569/3776
o hand.001
v 0.700000 3.490000 -0.110000
v 0.700000 3.449553 -0.182224
v 0.700000 3.383337 -0.218091
v 0.700000 3.296822 -0.237502
v 0.700000 3.250000 -0.240000
v 0.700000 3.203178 -0.237502
v 0.700000 3.116663 -0.218091
v 0.700000 3.010000 -0.110000
v 0.706090 3.485389 -0.134874
v 0.711945 3.471731 -0.158793
v 0.717342 3.449553 -0.180836
v 0.722072 3.419706 -0.200158
v 0.725954 3.383337 -0.216014
v 0.728838 3.341844 -0.227797
v 0.730615 3.296822 -0.235052
v 0.731214 3.250000 -0.237502
v 0.730615 3.203178 -0.235052
v 0.728838 3.158156 -0.227797
v 0.725954 3.116663 -0.216014
v 0.722072 3.080294 -0.200158
v 0.717342 3.050447 -0.180836
v 0.711945 3.028269 -0.158793
v 0.706090 3.014611 -0.134874
v 0.711945 3.485389 -0.133431
v 0.723431 3.471731 -0.155962
v 0.734017 3.449553 -0.176726
v 0.743296 3.419706 -0.194927
v 0.750910 3.383337 -0.209863
v 0.756569 3.341844 -0.220962
v 0.760053 3.296822 -0.227797
v 0.761229 3.250000 -0.230104
v 0.760053 3.203178 -0.227797
v 0.756569 3.158156 -0.220962
v 0.750910 3.116663 -0.209863
v 0.743296 3.080294 -0.194927
v 0.734017 3.050447 -0.176726
v 0.723431 3.028269 -0.155962
v 0.711945 3.014611 -0.133431
v 0.717342 3.485389 -0.131088
v 0.734017 3.471731 -0.151365
v 0.749385 3.449553 -0.170052
v 0.762856 3.419706 -0.186432
v 0.773910 3.383337 -0.199874
v 0.782125 3.341844 -0.209863
v 0.787183 3.296822 -0.216014
v 0.788891 3.250000 -0.218091
v 0.787183 3.203178 -0.216014
v 0.782125 3.158156 -0.209863
v 0.773910 3.116663 -0.199874
v 0.762856 3.080294 -0.186432
v 0.749385 3.050447 -0.170052
v 0.734017 3.028269 -0.151365
v 0.717342 3.014611 -0.131088
v 0.722072 3.485389 -0.127933
v 0.743296 3.471731 -0.145178
v 0.762856 3.449553 -0.161070
v 0.780000 3.419706 -0.175000
v 0.794070 3.383337 -0.186432
v 0.804525 3.341844 -0.194927
v 0.810963 3.296822 -0.200158
v 0.813137 3.250000 -0.201924
v 0.810963 3.203178 -0.200158
v 0.804525 3.158156 -0.194927
v 0.794070 3.116663 -0.186432
v 0.780000 3.080294 -0.175000
v 0.762856 3.050447 -0.161070
v 0.743296 3.028269 -0.145178
v 0.722072 3.014611 -0.127933
v 0.725954 3.485389 -0.124090
v 0.750910 3.471731 -0.137639
v 0.773910 3.449553 -0.150126
v 0.794070 3.419706 -0.161070
v 0.810615 3.383337 -0.170052
v 0.822908 3.341844 -0.176726
v 0.830479 3.296822 -0.180836
v 0.833035 3.250000 -0.182224
v 0.830479 3.203178 -0.180836
v 0.822908 3.158156 -0.176726
v 0.810615 3.116663 -0.170052
v 0.794070 3.080294 -0.161070
v 0.773910 3.050447 -0.150126
v 0.750910 3.028269 -0.137639
v 0.725954 3.014611 -0.124090
v 0.728838 3.485389 -0.119706
v 0.756569 3.471731 -0.129038
v 0.782125 3.449553 -0.137639
v 0.804525 3.419706 -0.145178
v 0.822908 3.383337 -0.151365
v 0.836569 3.341844 -0.155962
v 0.844980 3.296822 -0.158793
v 0.847821 3.250000 -0.159749
v 0.844980 3.203178 -0.158793
v 0.836569 3.158156 -0.155962
v 0.822908 3.116663 -0.151365
v 0.804525 3.080294 -0.145178
v 0.782125 3.050447 -0.137639
v 0.756569 3.028269 -0.129038
v 0.728838 3.014611 -0.119706
v 0.730615 3.485389 -0.114948
v 0.760053 3.471731 -0.119706
v 0.787183 3.449553 -0.124090
v 0.810963 3.419706 -0.127933
v 0.830479 3.383337 -0.131087
v 0.844980 3.341844 -0.133431
v 0.853910 3.296822 -0.134874
v 0.856926 3.250000 -0.135362
v 0.853910 3.203178 -0.134874
v 0.844980 3.158156 -0.133431
v 0.830479 3.116663 -0.131087
v 0.810963 3.080294 -0.127933
v 0.787183 3.050447 -0.124090
v 0.760053 3.028269 -0.119706
v 0.730615 3.014611 -0.114948
v 0.731214 3.485389 -0.110000
v 0.761229 3.471731 -0.110000
v 0.788891 3.449553 -0.110000
v 0.813137 3.419706 -0.110000
v 0.833035 3.383337 -0.110000
v 0.847821 3.341844 -0.110000
v 0.856926 3.296822 -0.110000
v 0.860000 3.250000 -0.110000
v 0.856926 3.203178 -0.110000
v 0.847821 3.158156 -0.110000
v 0.833035 3.116663 -0.110000
v 0.813137 3.080294 -0.110000
v 0.788891 3.050447 -0.110000
v 0.761229 3.028269 -0.110000
v 0.731214 3.014611 -0.110000
v 0.730615 3.485389 -0.105052
v 0.760053 3.471731 -0.100294
v 0.787183 3.449553 -0.095910
v 0.810963 3.419706 -0.092067
v 0.830479 3.383337 -0.088912
v 0.844980 3.341844 -0.086569
v 0.853910 3.296822 -0.085126
v 0.856926 3.250000 -0.084638
v 0.853910 3.203178 -0.085126
v 0.844980 3.158156 -0.086569
v 0.830479 3.116663 -0.088912
v 0.810963 3.080294 -0.092067
v 0.787183 3.050447 -0.095910
v 0.760053 3.028269 -0.100294
v 0.730615 3.014611 -0.105052
v 0.728838 3.485389 -0.100294
v 0.756569 3.471731 -0.090962
v 0.782125 3.449553 -0.082361
v 0.804525 3.419706 -0.074822
v 0.822908 3.383337 -0.068635
v 0.836569 3.341844 -0.064038
v 0.844980 3.296822 -0.061207
v 0.847821 3.250000 -0.060251
v 0.844980 3.203178 -0.061207
v 0.836569 3.158156 -0.064038
v 0.822908 3.116663 -0.068635
v 0.804525 3.080294 -0.074822
v 0.782125 3.050447 -0.082361
v 0.756569 3.028269 -0.090962
v 0.728838 3.014611 -0.100294
v 0.725954 3.485389 -0.095910
v 0.750910 3.471731 -0.082361
v 0.773910 3.449553 -0.069874
v 0.794070 3.419706 -0.058930
v 0.810615 3.383337 -0.049948
v 0.822908 3.341844 -0.043274
v 0.830479 3.296822 -0.039164
v 0.833035 3.250000 -0.037776
v 0.830479 3.203178 -0.039164
v 0.822908 3.158156 -0.043274
v 0.810615 3.116663 -0.049948
v 0.794070 3.080294 -0.058930
v 0.773910 3.050447 -0.069874
v 0.750910 3.028269 -0.082361
v 0.725954 3.014611 -0.095910
v 0.722072 3.485389 -0.092067
v 0.743296 3.471731 -0.074822
v 0.762856 3.449553 -0.058930
v 0.780000 3.419706 -0.045000
v 0.794070 3.383337 -0.033568
v 0.804525 3.341844 -0.025073
v 0.810963 3.296822 -0.019842
v 0.813137 3.250000 -0.018076
v 0.810963 3.203178 -0.019842
v 0.804525 3.158156 -0.025073
v 0.794070 3.116663 -0.033568
v 0.780000 3.080294 -0.045000
v 0.762856 3.050447 -0.058930
v 0.743296 3.028269 -0.074822
v 0.722072 3.014611 -0.092067
v 0.717342 3.485389 -0.088912
v 0.734017 3.471731 -0.068635
v 0.749385 3.449553 -0.049948
v 0.762856 3.419706 -0.033568
v 0.773910 3.383337 -0.020126
v 0.782125 3.341844 -0.010137
v 0.787183 3.296822 -0.003986
v 0.788891 3.250000 -0.001909
v 0.787183 3.203178 -0.003986
v 0.782125 3.158156 -0.010137
v 0.773910 3.116663 -0.020126
v 0.762856 3.080294 -0.033568
v 0.749385 3.050447 -0.049948
v 0.734017 3.028269 -0.068635
v 0.717342 3.014611 -0.088912
v 0.711945 3.485389 -0.086569
v 0.723431 3.471731 -0.064038
v 0.734017 3.449553 -0.043274
v 0.743296 3.419706 -0.025073
v 0.750910 3.383337 -0.010137
v 0.756569 3.341844 0.000962
v 0.760053 3.296822 0.007797
v 0.761229 3.250000 0.010104
v 0.760053 3.203178 0.007797
v 0.756569 3.158156 0.000962
v 0.750910 3.116663 -0.010137
v 0.743296 3.080294 -0.025073
v 0.734017 3.050447 -0.043274
v 0.723431 3.028269 -0.064038
v 0.711945 3.014611 -0.086569
v 0.706090 3.485389 -0.085126
v 0.711945 3.471731 -0.061207
v 0.717342 3.449553 -0.039164
v 0.722072 3.419706 -0.019842
v 0.725954 3.383337 -0.003986
v 0.728838 3.341844 0.007797
v 0.730615 3.296822 0.015052
v 0.731214 3.250000 0.017502
v 0.730615 3.203178 0.015052
v 0.728838 3.158156 0.007797
v 0.725954 3.116663 -0.003986
v 0.722072 3.080294 -0.019842
v 0.717342 3.050447 -0.039164
v 0.711945 3.028269 -0.061207
v 0.706090 3.014611 -0.085126
v 0.700000 3.485389 -0.084638
v 0.700000 3.471731 -0.060251
v 0.700000 3.449553 -0.037776
v 0.700000 3.419706 -0.018076
v 0.700000 3.383337 -0.001909
v 0.700000 3.341844 0.010104
v 0.700000 3.296822 0.017502
v 0.700000 3.250000 0.020000
v 0.700000 3.203178 0.017502
v 0.700000 3.158156 0.010104
v 0.700000 3.116663 -0.001909
v 0.700000 3.080294 -0.018076
v 0.700000 3.050447 -0.037776
v 0.700000 3.028269 -0.060251
v 0.700000 3.014611 -0.084638
v 0.693910 3.485389 -0.085126
v 0.688055 3.471731 -0.061207
v 0.682658 3.449553 -0.039164
v 0.677928 3.419706 -0.019842
v 0.674046 3.383337 -0.003986
v 0.671162 3.341844 0.007797
v 0.669385 3.296822 0.015052
v 0.668786 3.250000 0.017502
v 0.669385 3.203178 0.015052
v 0.671162 3.158156 0.007797
v 0.674046 3.116663 -0.003986
v 0.677928 3.080294 -0.019842
v 0.682658 3.050447 -0.039164
v 0.688055 3.028269 -0.061207
v 0.693910 3.014611 -0.085126
v 0.688055 3.485389 -0.086569
v 0.676569 3.471731 -0.064038
v 0.665983 3.449553 -0.043274
v 0.656704 3.419706 -0.025073
v 0.649090 3.383337 -0.010137
v 0.643431 3.341844 0.000962
v 0.639947 3.296822 0.007797
v 0.638771 3.250000 0.010104
v 0.639947 3.203178 0.007797
v 0.643431 3.158156 0.000962
v 0.649090 3.116663 -0.010137
v 0.656704 3.080294 -0.025073
v 0.665983 3.050447 -0.043274
v 0.676569 3.028269 -0.064038
v 0.688055 3.014611 -0.086569
v 0.682658 3.485389 -0.088913
v 0.665983 3.471731 -0.068635
v 0.650615 3.449553 -0.049948
v 0.637144 3.419706 -0.033568
v 0.626090 3.383337 -0.020126
v 0.617875 3.341844 -0.010137
v 0.612817 3.296822 -0.003986
v 0.611109 3.250000 -0.001909
v 0.612817 3.203178 -0.003986
v 0.617875 3.158156 -0.010137
v 0.626090 3.116663 -0.020126
v 0.637144 3.080294 -0.033568
v 0.650615 3.050447 -0.049948
v 0.665983 3.028269 -0.068635
v 0.682658 3.014611 -0.088913
v 0.677928 3.485389 -0.092067
v 0.656704 3.471731 -0.074822
v 0.637144 3.449553 -0.058930
v 0.620000 3.419706 -0.045000
v 0.605930 3.383337 -0.033568
v 0.595475 3.341844 -0.025073
v 0.589037 3.296822 -0.019842
v 0.586863 3.250000 -0.018076
v 0.589037 3.203178 -0.019842
v 0.595475 3.158156 -0.025073
v 0.605930 3.116663 -0.033568
v 0.620000 3.080294 -0.045000
v 0.637144 3.050447 -0.058930
v 0.656704 3.028269 -0.074822
v 0.677928 3.014611 -0.092067
v 0.674046 3.485389 -0.095910
v 0.649090 3.471731 -0.082361
v 0.626090 3.449553 -0.069874
v 0.605930 3.419706 -0.058930
v 0.589385 3.383337 -0.049948
v 0.577092 3.341844 -0.043274
v 0.569521 3.296822 -0.039164
v 0.566965 3.250000 -0.037776
v 0.569521 3.203178 -0.039164
v 0.577092 3.158156 -0.043274
v 0.589385 3.116663 -0.049948
v 0.605930 3.080294 -0.058930
v 0.626090 3.050447 -0.069874
v 0.649090 3.028269 -0.082361
v 0.674046 3.014611 -0.095910
v 0.671162 3.485389 -0.100294
v 0.643431 3.471731 -0.090962
v 0.617875 3.449553 -0.082361
v 0.595475 3.419706 -0.074822
v 0.577092 3.383337 -0.068635
v 0.563432 3.341844 -0.064038
v 0.555020 3.296822 -0.061207
v 0.552179 3.250000 -0.060251
v 0.555020 3.203178 -0.061207
v 0.563432 3.158156 -0.064038
v 0.577092 3.116663 -0.068635
v 0.595475 3.080294 -0.074822
v 0.617875 3.050447 -0.082361
v 0.643431 3.028269 -0.090962
v 0.671162 3.014611 -0.100294
v 0.669385 3.485389 -0.105052
v 0.639947 3.471731 -0.100294
v 0.612817 3.449553 -0.095910
v 0.589037 3.419706 -0.092067
v 0.569521 3.383337 -0.088913
v 0.555020 3.341844 -0.086569
v 0.546090 3.296822 -0.085126
v 0.543074 3.250000 -0.084638
v 0.546090 3.203178 -0.085126
v 0.555020 3.158156 -0.086569
v 0.569521 3.116663 -0.088913
v 0.589037 3.080294 -0.092067
v 0.612817 3.050447 -0.095910
v 0.639947 3.028269 -0.100294
v 0.669385 3.014611 -0.105052
v 0.668786 3.485389 -0.110000
v 0.638771 3.471731 -0.110000
v 0.611109 3.449553 -0.110000
v 0.586863 3.419706 -0.110000
v 0.566965 3.383337 -0.110000
v 0.552179 3.341844 -0.110000
v 0.543074 3.296822 -0.110000
v 0.540000 3.250000 -0.110000
v 0.543074 3.203178 -0.110000
v 0.552179 3.158156 -0.110000
v 0.566965 3.116663 -0.110000
v 0.586863 3.080294 -0.110000
v 0.611109 3.050447 -0.110000
v 0.638771 3.028269 -0.110000
v 0.668786 3.014611 -0.110000
v 0.669385 3.485389 -0.114948
v 0.639947 3.471731 -0.119706
v 0.612817 3.449553 -0.124090
v 0.589037 3.419706 -0.127933
v 0.569521 3.383337 -0.131088
v 0.555020 3.341844 -0.133431
v 0.546090 3.296822 -0.134874
v 0.543074 3.250000 -0.135362
v 0.546090 3.203178 -0.134874
v 0.555020 3.158156 -0.133431
v 0.569521 3.116663 -0.131088
v 0.589037 3.080294 -0.127933
v 0.612817 3.050447 -0.124090
v 0.639947 3.028269 -0.119706
v 0.669385 3.014611 -0.114948
v 0.671162 3.485389 -0.119706
v 0.643431 3.471731 -0.129038
v 0.617875 3.449553 -0.137639
v 0.595475 3.419706 -0.145178
v 0.577092 3.383337 -0.151365
v 0.563432 3.341844 -0.155962
v 0.555020 3.296822 -0.158793
v 0.552179 3.250000 -0.159749
v 0.555020 3.203178 -0.158793
v 0.563432 3.158156 -0.155962
v 0.577092 3.116663 -0.151365
v 0.595475 3.080294 -0.145178
v 0.617875 3.050447 -0.137639
v 0.643431 3.028269 -0.129038
v 0.671162 3.014611 -0.119706
v 0.674046 3.485389 -0.124090
v 0.649090 3.471731 -0.137639
v 0.626090 3.449553 -0.150126
v 0.605930 3.419706 -0.161070
v 0.589385 3.383337 -0.170052
v 0.577092 3.341844 -0.176726
v 0.569521 3.296822 -0.180836
v 0.566965 3.250000 -0.182224
v 0.569521 3.203178 -0.180836
v 0.577092 3.158156 -0.176726
v 0.589385 3.116663 -0.170052
v 0.605930 3.080294 -0.161070
v 0.626090 3.050447 -0.150126
v 0.649090 3.028269 -0.137639
v 0.674046 3.014611 -0.124090
v 0.677928 3.485389 -0.127933
v 0.656704 3.471731 -0.145178
v 0.637144 3.449553 -0.161070
v 0.620000 3.419706 -0.175000
v 0.605930 3.383337 -0.186432
v 0.595475 3.341844 -0.194927
v 0.589037 3.296822 -0.200158
v 0.586863 3.250000 -0.201924
v 0.589037 3.203178 -0.200158
v 0.595475 3.158156 -0.194927
v 0.605930 3.116663 -0.186432
v 0.620000 3.080294 -0.175000
v 0.637144 3.050447 -0.161070
v 0.656704 3.028269 -0.145178
v 0.677928 3.014611 -0.127933
v 0.682658 3.485389 -0.131087
v 0.665983 3.471731 -0.151365
v 0.650615 3.449553 -0.170052
v 0.637144 3.419706 -0.186432
v 0.626090 3.383337 -0.199874
v 0.617875 3.341844 -0.209863
v 0.612817 3.296822 -0.216014
v 0.611109 3.250000 -0.218091
v 0.612817 3.203178 -0.216014
v 0.617875 3.158156 -0.209863
v 0.626090 3.116663 -0.199874
v 0.637144 3.080294 -0.186432
v 0.650615 3.050447 -0.170052
v 0.665983 3.028269 -0.151365
v 0.682658 3.014611 -0.131087
v 0.688055 3.485389 -0.133431
v 0.676569 3.471731 -0.155962
v 0.665983 3.449553 -0.176726
v 0.656704 3.419706 -0.194927
v 0.649090 3.383337 -0.209863
v 0.643431 3.341844 -0.220962
v 0.639947 3.296822 -0.227796
v 0.638771 3.250000 -0.230104
v 0.639947 3.203178 -0.227796
v 0.643431 3.158156 -0.220962
v 0.649090 3.116663 -0.209863
v 0.656704 3.080294 -0.194927
v 0.665983 3.050447 -0.176726
v 0.676569 3.028269 -0.155962
v 0.688055 3.014611 -0.133431
v 0.693910 3.485389 -0.134874
v 0.688055 3.471731 -0.158793
v 0.682658 3.449553 -0.180836
v 0.677928 3.419706 -0.200158
v 0.674046 3.383337 -0.216014
v 0.671162 3.341844 -0.227796
v 0.669385 3.296822 -0.235052
v 0.668786 3.250000 -0.237502
v 0.669385 3.203178 -0.235052
v 0.671162 3.158156 -0.227796
v 0.674046 3.116663 -0.216014
v 0.677928 3.080294 -0.200158
v 0.682658 3.050447 -0.180836
v 0.688055 3.028269 -0.158793
v 0.693910 3.014611 -0.134874
v 0.700000 3.485389 -0.135362
v 0.700000 3.471731 -0.159749
v 0.700000 3.419706 -0.201924
v 0.700000 3.341844 -0.230104
v 0.700000 3.158156 -0.230104
v 0.700000 3.080294 -0.201924
v 0.700000 3.050447 -0.182224
v 0.700000 3.028269 -0.159749
v 0.700000 3.014611 -0.135362
vn -0.0000 1.0000 -0.0000
vn -0.0000 0.6322 -0.7748
vn -0.0000 0.3418 -0.9398
vn -0.0000 0.1076 -0.9942
vn -0.0000 -0.0000 -1.0000
vn -0.0000 -0.1076 -0.9942
vn -0.0000 -0.3418 -0.9398
vn -0.0000 -1.0000 -0.0000
vn 0.0544 0.9390 -0.3397
vn 0.0962 0.7978 -0.5951
vn 0.1236 0.6346 -0.7629
vn 0.1404 0.4808 -0.8655
vn 0.1505 0.3438 -0.9269
vn 0.1563 0.2212 -0.9626
vn 0.1593 0.1083 -0.9813
vn 0.1603 -0.0000 -0.9871
vn 0.1593 -0.1083 -0.9813
vn 0.1563 -0.2212 -0.9626
vn 0.1505 -0.3438 -0.9269
vn 0.1404 -0.4808 -0.8655
vn 0.1236 -0.6346 -0.7629
vn 0.0962 -0.7978 -0.5951
vn 0.0544 -0.9390 -0.3397
vn 0.1072 0.9408 -0.3215
vn 0.1900 0.8030 -0.5649
vn 0.2453 0.6415 -0.7268
vn 0.2794 0.4877 -0.8271
vn 0.3001 0.3495 -0.8876
vn 0.3121 0.2252 -0.9230
vn 0.3184 0.1103 -0.9415
vn 0.3204 -0.0000 -0.9473
vn 0.3184 -0.1103 -0.9415
vn 0.3121 -0.2252 -0.9230
vn 0.3001 -0.3495 -0.8876
vn 0.2794 -0.4877 -0.8271
vn 0.2453 -0.6415 -0.7268
vn 0.1900 -0.8030 -0.5649
vn 0.1072 -0.9408 -0.3215
vn 0.1568 0.9436 -0.2916
vn 0.2791 0.8109 -0.5144
vn 0.3623 0.6524 -0.6657
vn 0.4149 0.4986 -0.7611
vn 0.4470 0.3587 -0.8195
vn 0.4659 0.2316 -0.8540
vn 0.4759 0.1136 -0.8721
vn 0.4790 -0.0000 -0.8778
vn 0.4759 -0.1136 -0.8721
vn 0.4659 -0.2316 -0.8540
vn 0.4470 -0.3587 -0.8195
vn 0.4149 -0.4986 -0.7611
vn 0.3623 -0.6524 -0.6657
vn 0.2791 -0.8109 -0.5144
vn 0.1568 -0.9436 -0.2916
vn 0.2015 0.9470 -0.2503
vn 0.3603 0.8205 -0.4438
vn 0.4712 0.6659 -0.5784
vn 0.5429 0.5124 -0.6654
vn 0.5875 0.3704 -0.7195
vn 0.6141 0.2399 -0.7519
vn 0.6282 0.1178 -0.7691
vn 0.6327 -0.0000 -0.7744
vn 0.6282 -0.1178 -0.7691
vn 0.6141 -0.2399 -0.7519
vn 0.5875 -0.3704 -0.7195
vn 0.5429 -0.5124 -0.6654
vn 0.4712 -0.6659 -0.5784
vn 0.3603 -0.8205 -0.4438
vn 0.2015 -0.9470 -0.2503
vn 0.2392 0.9504 -0.1986
vn 0.4301 0.8305 -0.3540
vn 0.5668 0.6802 -0.4649
vn 0.6574 0.5274 -0.5383
vn 0.7149 0.3832 -0.5849
vn 0.7497 0.2491 -0.6131
vn 0.7683 0.1226 -0.6282
vn 0.7742 -0.0000 -0.6330
vn 0.7683 -0.1226 -0.6282
vn 0.7497 -0.2491 -0.6131
vn 0.7149 -0.3832 -0.5849
vn 0.6574 -0.5274 -0.5383
vn 0.5668 -0.6802 -0.4649
vn 0.4301 -0.8305 -0.3540
vn 0.2392 -0.9504 -0.1986
vn 0.2682 0.9534 -0.1380
vn 0.4842 0.8393 -0.2471
vn 0.6426 0.6931 -0.3267
vn 0.7499 0.5411 -0.3806
vn 0.8193 0.3951 -0.4154
vn 0.8619 0.2577 -0.4368
vn 0.8848 0.1270 -0.4483
vn 0.8920 -0.0000 -0.4519
vn 0.8848 -0.1270 -0.4483
vn 0.8619 -0.2577 -0.4368
vn 0.8193 -0.3951 -0.4154
vn 0.7499 -0.5411 -0.3806
vn 0.6426 -0.6931 -0.3267
vn 0.4842 -0.8393 -0.2471
vn 0.2682 -0.9534 -0.1380
vn 0.2865 0.9555 -0.0708
vn 0.5188 0.8454 -0.1272
vn 0.6918 0.7021 -0.1689
vn 0.8109 0.5508 -0.1976
vn 0.8889 0.4037 -0.2164
vn 0.9372 0.2639 -0.2280
vn 0.9634 0.1303 -0.2343
vn 0.9717 -0.0000 -0.2363
vn 0.9634 -0.1303 -0.2343
vn 0.9372 -0.2639 -0.2280
vn 0.8889 -0.4037 -0.2164
vn 0.8109 -0.5508 -0.1976
vn 0.6918 -0.7021 -0.1689
vn 0.5188 -0.8454 -0.1272
vn 0.2865 -0.9555 -0.0708
vn 0.2927 0.9562 -0.0000
vn 0.5307 0.8475 -0.0000
vn 0.7089 0.7053 -0.0000
vn 0.8323 0.5544 -0.0000
vn 0.9135 0.4069 -0.0000
vn 0.9639 0.2662 -0.0000
vn 0.9913 0.1315 -0.0000
vn 1.0000 -0.0000 -0.0000
vn 0.9913 -0.1315 -0.0000
vn 0.9639 -0.2662 -0.0000
vn 0.9135 -0.4069 -0.0000
vn 0.8323 -0.5544 -0.0000
vn 0.7089 -0.7053 -0.0000
vn 0.5307 -0.8475 -0.0000
vn 0.2927 -0.9562 -0.0000
vn 0.2865 0.9555 0.0708
vn 0.5188 0.8454 0.1272
vn 0.6918 0.7021 0.1689
vn 0.8109 0.5508 0.1976
vn 0.8889 0.4037 0.2164
vn 0.9372 0.2639 0.2280
vn 0.9634 0.1303 0.2343
vn 0.9717 -0.0000 0.2363
vn 0.9634 -0.1303 0.2343
vn 0.9372 -0.2639 0.2280
vn 0.8889 -0.4037 0.2164
vn 0.8109 -0.5508 0.1976
vn 0.6918 -0.7021 0.1689
vn 0.5188 -0.8454 0.1272
vn 0.2865 -0.9555 0.0708
vn 0.2682 0.9534 0.1380
vn 0.4842 0.8393 0.2471
vn 0.6426 0.6931 0.3267
vn 0.7499 0.5411 0.3806
vn 0.8193 0.3951 0.4155
vn 0.8619 0.2577 0.4368
vn 0.8848 0.1270 0.4483
vn 0.8920 -0.0000 0.4519
vn 0.8848 -0.1270 0.4483
vn 0.8619 -0.2577 0.4368
vn 0.8193 -0.3951 0.4155
vn 0.7499 -0.5411 0.3806
vn 0.6426 -0.6931 0.3267
vn 0.4842 -0.8393 0.2471
vn 0.2682 -0.9534 0.1380
vn 0.2392 0.9504 0.1986
vn 0.4301 0.8305 0.3540
vn 0.5668 0.6802 0.4649
vn 0.6574 0.5274 0.5383
vn 0.7149 0.3832 0.5849
vn 0.7497 0.2491 0.6131
vn 0.7683 0.1226 0.6282
vn 0.7742 -0.0000 0.6330
vn 0.7683 -0.1226 0.6282
vn 0.7497 -0.2491 0.6131
vn 0.7149 -0.3832 0.5849
vn 0.6574 -0.5274 0.5383
vn 0.5668 -0.6802 0.4649
vn 0.4301 -0.8305 0.3540
vn 0.2392 -0.9504 0.1986
vn 0.2015 0.9470 0.2503
vn 0.3603 0.8205 0.4438
vn 0.4712 0.6659 0.5784
vn 0.5429 0.5124 0.6654
vn 0.5875 0.3704 0.7195
vn 0.6141 0.2399 0.7519
vn 0.6282 0.1178 0.7691
vn 0.6327 -0.0000 0.7744
vn 0.6282 -0.1178 0.7691
vn 0.6141 -0.2399 0.7519
vn 0.5875 -0.3704 0.7195
vn 0.5429 -0.5124 0.6654
vn 0.4712 -0.6659 0.5784
vn 0.3603 -0.8205 0.4438
vn 0.2015 -0.9470 0.2503
vn 0.1568 0.9436 0.2916
vn 0.2791 0.8109 0.5144
vn 0.3623 0.6524 0.6657
vn 0.4149 0.4986 0.7611
vn 0.4470 0.3587 0.8195
vn 0.4659 0.2316 0.8540
vn 0.4759 0.1136 0.8721
vn 0.4790 -0.0000 0.8778
vn 0.4759 -0.1136 0.8721
vn 0.4659 -0.2316 0.8540
vn 0.4470 -0.3587 0.8195
vn 0.4149 -0.4986 0.7611
vn 0.3623 -0.6524 0.6657
vn 0.2791 -0.8109 0.5144
vn 0.1568 -0.9436 0.2916
vn 0.1072 0.9408 0.3215
vn 0.1900 0.8030 0.5649
vn 0.2453 0.6415 0.7268
vn 0.2794 0.4877 0.8271
vn 0.3000 0.3495 0.8876
vn 0.3121 0.2252 0.9230
vn 0.3184 0.1103 0.9415
vn 0.3204 -0.0000 0.9473
vn 0.3184 -0.1103 0.9415
vn 0.3121 -0.2252 0.9230
vn 0.3001 -0.3495 0.8876
vn 0.2794 -0.4877 0.8271
vn 0.2453 -0.6415 0.7268
vn 0.1900 -0.8030 0.5649
vn 0.1072 -0.9408 0.3215
vn 0.0544 0.9390 0.3397
vn 0.0962 0.7978 0.5951
vn 0.1236 0.6346 0.7629
vn 0.1404 0.4808 0.8655
vn 0.1505 0.3438 0.9269
vn 0.1563 0.2212 0.9626
vn 0.1593 0.1083 0.9813
vn 0.1603 -0.0000 0.9871
vn 0.1593 -0.1083 0.9813
vn 0.1563 -0.2212 0.9626
vn 0.1505 -0.3438 0.9269
vn 0.1404 -0.4808 0.8655
vn 0.1236 -0.6346 0.7629
vn 0.0962 -0.7978 0.5951
vn 0.0544 -0.9390 0.3397
vn -0.0000 0.9383 0.3457
vn -0.0000 0.7961 0.6052
vn -0.0000 0.6322 0.7748
vn -0.0000 0.4784 0.8781
vn -0.0000 0.3418 0.9398
vn -0.0000 0.2199 0.9755
vn -0.0000 0.1076 0.9942
vn -0.0000 -0.0000 1.0000
vn -0.0000 -0.1076 0.9942
vn -0.0000 -0.2199 0.9755
vn -0.0000 -0.3418 0.9398
vn -0.0000 -0.4784 0.8781
vn -0.0000 -0.6322 0.7748
vn -0.0000 -0.7961 0.6052
vn -0.0000 -0.9383 0.3457
vn -0.0544 0.9390 0.3397
vn -0.0962 0.7978 0.5951
vn -0.1236 0.6346 0.7629
vn -0.1404 0.4808 0.8655
vn -0.1505 0.3438 0.9269
vn -0.1563 0.2212 0.9626
vn -0.1593 0.1083 0.9813
vn -0.1603 -0.0000 0.9871
vn -0.1593 -0.1083 0.9813
vn -0.1563 -0.2212 0.9626
vn -0.1505 -0.3438 0.9269
vn -0.1404 -0.4808 0.8655
vn -0.1236 -0.6346 0.7629
vn -0.0962 -0.7978 0.5951
vn -0.0544 -0.9390 0.3397
vn -0.1072 0.9408 0.3215
vn -0.1900 0.8030 0.5649
vn -0.2453 0.6415 0.7268
vn -0.2794 0.4877 0.8271
vn -0.3001 0.3495 0.8876
vn -0.3121 0.2252 0.9230
vn -0.3184 0.1103 0.9415
vn -0.3204 -0.0000 0.9473
vn -0.3184 -0.1103 0.9415
vn -0.3121 -0.2252 0.9230
vn -0.3001 -0.3495 0.8876
vn -0.2794 -0.4877 0.8271
vn -0.2453 -0.6415 0.7268
vn -0.1900 -0.8030 0.5649
vn -0.1072 -0.9408 0.3215
vn -0.1568 0.9436 0.2916
vn -0.2791 0.8109 0.5144
vn -0.3623 0.6524 0.6657
vn -0.4149 0.4986 0.7611
vn -0.4470 0.3587 0.8195
vn -0.4659 0.2316 0.8540
vn -0.4759 0.1136 0.8721
vn -0.4790 -0.0000 0.8778
vn -0.4759 -0.1136 0.8721
vn -0.4659 -0.2316 0.8540
vn -0.4470 -0.3587 0.8195
vn -0.4149 -0.4986 0.7611
vn -0.3623 -0.6524 0.6657
vn -0.2791 -0.8109 0.5144
vn -0.1568 -0.9436 0.2916
vn -0.2015 0.9470 0.2503
vn -0.3603 0.8205 0.4438
vn -0.4712 0.6659 0.5784
vn -0.5429 0.5124 0.6654
vn -0.5875 0.3704 0.7195
vn -0.6141 0.2399 0.7519
vn -0.6282 0.1178 0.7691
vn -0.6327 -0.0000 0.7744
vn -0.6282 -0.1178 0.7691
vn -0.6141 -0.2399 0.7519
vn -0.5875 -0.3704 0.7195
vn -0.5429 -0.5124 0.6654
vn -0.4712 -0.6659 0.5784
vn -0.3603 -0.8205 0.4438
vn -0.2015 -0.9470 0.2503
vn -0.2392 0.9504 0.1986
vn -0.4301 0.8305 0.3540
vn -0.5668 0.6802 0.4649
vn -0.6574 0.5274 0.5383
vn -0.7149 0.3832 0.5849
vn -0.7497 0.2491 0.6131
vn -0.7683 0.1226 0.6282
vn -0.7742 -0.0000 0.6330
vn -0.7683 -0.1226 0.6282
vn -0.7497 -0.2491 0.6131
vn -0.7149 -0.3832 0.5849
vn -0.6574 -0.5274 0.5383
vn -0.5668 -0.6802 0.4649
vn -0.4301 -0.8305 0.3540
vn -0.2392 -0.9504 0.1986
vn -0.2682 0.9534 0.1380
vn -0.4842 0.8393 0.2471
vn -0.6426 0.6931 0.3267
vn -0.7499 0.5411 0.3806
vn -0.8193 0.3951 0.4154
vn -0.8619 0.2577 0.4368
vn -0.8848 0.1270 0.4483
vn -0.8920 -0.0000 0.4519
vn -0.8848 -0.1270 0.4483
vn -0.8619 -0.2577 0.4368
vn -0.8193 -0.3951 0.4154
vn -0.7499 -0.5411 0.3806
vn -0.6426 -0.6931 0.3267
vn -0.4842 -0.8393 0.2471
vn -0.2682 -0.9534 0.1380
vn -0.2865 0.9555 0.0708
vn -0.5188 0.8454 0.1272
vn -0.6918 0.7021 0.1689
vn -0.8109 0.5508 0.1976
vn -0.8889 0.4037 0.2164
vn -0.9372 0.2639 0.2280
vn -0.9634 0.1303 0.2343
vn -0.9717 -0.0000 0.2363
vn -0.9634 -0.1303 0.2343
vn -0.9372 -0.2639 0.2280
vn -0.8889 -0.4037 0.2164
vn -0.8109 -0.5508 0.1976
vn -0.6918 -0.7021 0.1689
vn -0.5188 -0.8454 0.1272
vn -0.2865 -0.9555 0.0708
vn -0.2927 0.9562 -0.0000
vn -0.5307 0.8475 -0.0000
vn -0.7089 0.7053 -0.0000
vn -0.8323 0.5544 -0.0000
vn -0.9135 0.4069 -0.0000
vn -0.9639 0.2662 -0.0000
vn -0.9913 0.1315 -0.0000
vn -1.0000 -0.0000 -0.0000
vn -0.9913 -0.1315 -0.0000
vn -0.9639 -0.2662 -0.0000
vn -0.9135 -0.4069 -0.0000
vn -0.8323 -0.5544 -0.0000
vn -0.7089 -0.7053 -0.0000
vn -0.5307 -0.8475 -0.0000
vn -0.2927 -0.9562 -0.0000
vn -0.2865 0.9555 -0.0708
vn -0.5188 0.8454 -0.1272
vn -0.6918 0.7021 -0.1689
vn -0.8109 0.5508 -0.1976
vn -0.8889 0.4037 -0.2164
vn -0.9372 0.2639 -0.2280
vn -0.9634 0.1303 -0.2343
vn -0.9717 -0.0000 -0.2363
vn -0.9634 -0.1303 -0.2343
vn -0.9372 -0.2639 -0.2280
vn -0.8889 -0.4037 -0.2164
vn -0.8109 -0.5508 -0.1976
vn -0.6918 -0.7021 -0.1689
vn -0.5188 -0.8454 -0.1272
vn -0.2865 -0.9555 -0.0708
vn -0.2682 0.9534 -0.1380
vn -0.4842 0.8393 -0.2471
vn -0.6426 0.6931 -0.3267
vn -0.7499 0.5411 -0.3806
vn -0.8193 0.3951 -0.4155
vn -0.8619 0.2577 -0.4368
vn -0.8848 0.1270 -0.4483
vn -0.8920 -0.0000 -0.4519
vn -0.8848 -0.1270 -0.4483
vn -0.8619 -0.2577 -0.4368
vn -0.8193 -0.3951 -0.4155
vn -0.7499 -0.5411 -0.3806
vn -0.6426 -0.6931 -0.3267
vn -0.4842 -0.8393 -0.2471
vn -0.2682 -0.9534 -0.1380
vn -0.2392 0.9504 -0.1986
vn -0.4301 0.8305 -0.3540
vn -0.5668 0.6802 -0.4649
vn -0.6574 0.5274 -0.5383
vn -0.7149 0.3832 -0.5849
vn -0.7497 0.2491 -0.6131
vn -0.7683 0.1226 -0.6282
vn -0.7742 -0.0000 -0.6330
vn -0.7683 -0.1226 -0.6282
vn -0.7497 -0.2491 -0.6131
vn -0.7149 -0.3832 -0.5849
vn -0.6574 -0.5274 -0.5383
vn -0.5668 -0.6802 -0.4649
vn -0.4301 -0.8305 -0.3540
vn -0.2392 -0.9504 -0.1986
vn -0.2015 0.9470 -0.2503
vn -0.3603 0.8205 -0.4438
vn -0.4712 0.6659 -0.5784
vn -0.5429 0.5124 -0.6654
vn -0.5875 0.3704 -0.7195
vn -0.6141 0.2399 -0.7519
vn -0.6282 0.1178 -0.7691
vn -0.6327 -0.0000 -0.7744
vn -0.6282 -0.1178 -0.7691
vn -0.6141 -0.2399 -0.7519
vn -0.5875 -0.3704 -0.7195
vn -0.5429 -0.5124 -0.6654
vn -0.4712 -0.6659 -0.5784
vn -0.3603 -0.8205 -0.4438
vn -0.2015 -0.9470 -0.2503
vn -0.1568 0.9436 -0.2916
vn -0.2791 0.8109 -0.5144
vn -0.3623 0.6524 -0.6657
vn -0.4149 0.4986 -0.7611
vn -0.4470 0.3587 -0.8195
vn -0.4659 0.2316 -0.8540
vn -0.4759 0.1136 -0.8721
vn -0.4790 -0.0000 -0.8778
vn -0.4759 -0.1136 -0.8721
vn -0.4659 -0.2316 -0.8540
vn -0.4470 -0.3587 -0.8195
vn -0.4149 -0.4986 -0.7611
vn -0.3623 -0.6524 -0.6657
vn -0.2791 -0.8109 -0.5144
vn -0.1568 -0.9436 -0.2916
vn -0.1072 0.9408 -0.3215
vn -0.1900 0.8030 -0.5649
vn -0.2453 0.6415 -0.7268
vn -0.2794 0.4877 -0.8271
vn -0.3000 0.3495 -0.8876
vn -0.3121 0.2252 -0.9230
vn -0.3184 0.1103 -0.9415
vn -0.3204 -0.0000 -0.9473
vn -0.3184 -0.1103 -0.9415
vn -0.3121 -0.2252 -0.9230
vn -0.3001 -0.3495 -0.8876
vn -0.2794 -0.4877 -0.8271
vn -0.2453 -0.6415 -0.7268
vn -0.1900 -0.8030 -0.5649
vn -0.1072 -0.9408 -0.3215
vn -0.0544 0.9390 -0.3397
vn -0.0962 0.7978 -0.5951
vn -0.1236 0.6346 -0.7629
vn -0.1404 0.4808 -0.8655
vn -0.1505 0.3438 -0.9269
vn -0.1563 0.2212 -0.9626
vn -0.1593 0.1083 -0.9813
vn -0.1603 -0.0000 -0.9871
vn -0.1593 -0.1083 -0.9813
vn -0.1563 -0.2212 -0.9626
vn -0.1505 -0.3438 -0.9269
vn -0.1404 -0.4808 -0.8655
vn -0.1236 -0.6346 -0.7629
vn -0.0962 -0.7978 -0.5951
vn -0.0544 -0.9390 -0.3397
vn -0.0000 0.9383 -0.3457
vn -0.0000 0.7961 -0.6052
vn -0.0000 0.4784 -0.8781
vn -0.0000 0.2199 -0.9755
vn -0.0000 -0.2199 -0.9755
vn -0.0000 -0.4784 -0.8781
vn -0.0000 -0.6322 -0.7748
vn -0.0000 -0.7961 -0.6052
vn -0.0000 -0.9383 -0.3457
vt 0.750000 0.875000
vt 0.750000 0.937500
vt 0.718750 0.937500
vt 0.718750 0.875000
vt 0.750000 0.375000
vt 0.750000 0.437500
vt 0.718750 0.437500
vt 0.718750 0.375000
vt 0.750000 0.812500
vt 0.718750 0.812500
vt 0.750000 0.312500
vt 0.718750 0.312500
vt 0.750000 0.750000
vt 0.718750 0.750000
vt 0.750000 0.250000
vt 0.718750 0.250000
vt 0.750000 0.687500
vt 0.718750 0.687500
vt 0.750000 0.187500
vt 0.718750 0.187500
vt 0.750000 0.625000
vt 0.718750 0.625000
vt 0.750000 0.125000
vt 0.718750 0.125000
vt 0.750000 0.562500
vt 0.718750 0.562500
vt 0.750000 0.062500
vt 0.718750 0.062500
vt 0.750000 0.500000
vt 0.718750 0.500000
vt 0.734375 1.000000
vt 0.734375 0.000000
vt 0.703125 1.000000
vt 0.687500 0.937500
vt 0.703125 0.000000
vt 0.687500 0.062500
vt 0.687500 0.500000
vt 0.687500 0.437500
vt 0.687500 0.875000
vt 0.687500 0.375000
vt 0.687500 0.812500
vt 0.687500 0.312500
vt 0.687500 0.750000
vt 0.687500 0.250000
vt 0.687500 0.687500
vt 0.687500 0.187500
vt 0.687500 0.625000
vt 0.687500 0.125000
vt 0.687500 0.562500
vt 0.656250 0.750000
vt 0.656250 0.687500
vt 0.656250 0.250000
vt 0.656250 0.187500
vt 0.656250 0.625000
vt 0.656250 0.125000
vt 0.656250 0.562500
vt 0.656250 0.062500
vt 0.656250 0.500000
vt 0.671875 1.000000
vt 0.656250 0.937500
vt 0.671875 0.000000
vt 0.656250 0.437500
vt 0.656250 0.875000
vt 0.656250 0.375000
vt 0.656250 0.812500
vt 0.656250 0.312500
vt 0.625000 0.500000
vt 0.625000 0.437500
vt 0.625000 0.937500
vt 0.625000 0.875000
vt 0.625000 0.375000
vt 0.625000 0.812500
vt 0.625000 0.312500
vt 0.625000 0.750000
vt 0.625000 0.250000
vt 0.625000 0.687500
vt 0.625000 0.187500
vt 0.625000 0.625000
vt 0.625000 0.125000
vt 0.625000 0.562500
vt 0.625000 0.062500
vt 0.640625 1.000000
vt 0.640625 0.000000
vt 0.593750 0.250000
vt 0.593750 0.187500
vt 0.593750 0.687500
vt 0.593750 0.625000
vt 0.593750 0.125000
vt 0.593750 0.562500
vt 0.593750 0.062500
vt 0.593750 0.500000
vt 0.609375 1.000000
vt 0.593750 0.937500
vt 0.609375 0.000000
vt 0.593750 0.437500
vt 0.593750 0.875000
vt 0.593750 0.375000
vt 0.593750 0.812500
vt 0.593750 0.312500
vt 0.593750 0.750000
vt 0.562500 0.937500
vt 0.562500 0.875000
vt 0.562500 0.437500
vt 0.562500 0.375000
vt 0.562500 0.812500
vt 0.562500 0.312500
vt 0.562500 0.750000
vt 0.562500 0.250000
vt 0.562500 0.687500
vt 0.562500 0.187500
vt 0.562500 0.625000
vt 0.562500 0.125000
vt 0.562500 0.562500
vt 0.562500 0.062500
vt 0.562500 0.500000
vt 0.578125 1.000000
vt 0.578125 0.000000
vt 0.531250 0.687500
vt 0.531250 0.625000
vt 0.531250 0.187500
vt 0.531250 0.125000
vt 0.531250 0.562500
vt 0.531250 0.062500
vt 0.531250 0.500000
vt 0.546875 1.000000
vt 0.531250 0.937500
vt 0.546875 0.000000
vt 0.531250 0.437500
vt 0.531250 0.875000
vt 0.531250 0.375000
vt 0.531250 0.812500
vt 0.531250 0.312500
vt 0.531250 0.750000
vt 0.531250 0.250000
vt 0.500000 0.437500
vt 0.500000 0.375000
vt 0.500000 0.875000
vt 0.500000 0.812500
vt 0.500000 0.312500
vt 0.500000 0.750000
vt 0.500000 0.250000
vt 0.500000 0.687500
vt 0.500000 0.187500
vt 0.500000 0.625000
vt 0.500000 0.125000
vt 0.500000 0.562500
vt 0.500000 0.062500
vt 0.500000 0.500000
vt 0.515625 1.000000
vt 0.500000 0.937500
vt 0.515625 0.000000
vt 0.468750 0.187500
vt 0.468750 0.125000
vt 0.468750 0.625000
vt 0.468750 0.562500
vt 0.468750 0.062500
vt 0.468750 0.500000
vt 0.484375 1.000000
vt 0.468750 0.937500
vt 0.484375 0.000000
vt 0.468750 0.437500
vt 0.468750 0.875000
vt 0.468750 0.375000
vt 0.468750 0.812500
vt 0.468750 0.312500
vt 0.468750 0.750000
vt 0.468750 0.250000
vt 0.468750 0.687500
vt 0.437500 0.375000
vt 0.437500 0.312500
vt 0.437500 0.812500
vt 0.437500 0.750000
vt 0.437500 0.250000
vt 0.437500 0.687500
vt 0.437500 0.187500
vt 0.437500 0.625000
vt 0.437500 0.125000
vt 0.437500 0.562500
vt 0.437500 0.062500
vt 0.437500 0.500000
vt 0.453125 1.000000
vt 0.437500 0.937500
vt 0.453125 0.000000
vt 0.437500 0.437500
vt 0.437500 0.875000
vt 0.406250 0.125000
vt 0.406250 0.062500
vt 0.406250 0.562500
vt 0.406250 0.500000
vt 0.421875 1.000000
vt 0.406250 0.937500
vt 0.421875 0.000000
vt 0.406250 0.437500
vt 0.406250 0.875000
vt 0.406250 0.375000
vt 0.406250 0.812500
vt 0.406250 0.312500
vt 0.406250 0.750000
vt 0.406250 0.250000
vt 0.406250 0.687500
vt 0.406250 0.187500
vt 0.406250 0.625000
vt 0.375000 0.812500
vt 0.375000 0.750000
vt 0.375000 0.312500
vt 0.375000 0.250000
vt 0.375000 0.687500
vt 0.375000 0.187500
vt 0.375000 0.625000
vt 0.375000 0.125000
vt 0.375000 0.562500
vt 0.375000 0.062500
vt 0.375000 0.500000
vt 0.390625 1.000000
vt 0.375000 0.937500
vt 0.390625 0.000000
vt 0.375000 0.437500
vt 0.375000 0.875000
vt 0.375000 0.375000
vt 0.343750 0.562500
vt 0.343750 0.500000
vt 0.359375 1.000000
vt 0.343750 0.937500
vt 0.359375 0.000000
vt 0.343750 0.062500
vt 0.343750 0.437500
vt 0.343750 0.875000
vt 0.343750 0.375000
vt 0.343750 0.812500
vt 0.343750 0.312500
vt 0.343750 0.750000
vt 0.343750 0.250000
vt 0.343750 0.687500
vt 0.343750 0.187500
vt 0.343750 0.625000
vt 0.343750 0.125000
vt 0.312500 0.312500
vt 0.312500 0.250000
vt 0.312500 0.750000
vt 0.312500 0.687500
vt 0.312500 0.187500
vt 0.312500 0.625000
vt 0.312500 0.125000
vt 0.312500 0.562500
vt 0.312500 0.062500
vt 0.312500 0.500000
vt 0.328125 1.000000
vt 0.312500 0.937500
vt 0.328125 0.000000
vt 0.312500 0.437500
vt 0.312500 0.875000
vt 0.312500 0.375000
vt 0.312500 0.812500
vt 0.296875 1.000000
vt 0.281250 0.937500
vt 0.296875 0.000000
vt 0.281250 0.062500
vt 0.281250 0.500000
vt 0.281250 0.437500
vt 0.281250 0.875000
vt 0.281250 0.375000
vt 0.281250 0.812500
vt 0.281250 0.312500
vt 0.281250 0.750000
vt 0.281250 0.250000
vt 0.281250 0.687500
vt 0.281250 0.187500
vt 0.281250 0.625000
vt 0.281250 0.125000
vt 0.281250 0.562500
vt 0.250000 0.750000
vt 0.250000 0.687500
vt 0.250000 0.250000
vt 0.250000 0.187500
vt 0.250000 0.625000
vt 0.250000 0.125000
vt 0.250000 0.562500
vt 0.250000 0.062500
vt 0.250000 0.500000
vt 0.265625 1.000000
vt 0.250000 0.937500
vt 0.265625 0.000000
vt 0.250000 0.437500
vt 0.250000 0.875000
vt 0.250000 0.375000
vt 0.250000 0.812500
vt 0.250000 0.312500
vt 0.218750 0.500000
vt 0.218750 0.437500
vt 0.218750 0.937500
vt 0.218750 0.875000
vt 0.218750 0.375000
vt 0.218750 0.812500
vt 0.218750 0.312500
vt 0.218750 0.750000
vt 0.218750 0.250000
vt 0.218750 0.687500
vt 0.218750 0.187500
vt 0.218750 0.625000
vt 0.218750 0.125000
vt 0.218750 0.562500
vt 0.218750 0.062500
vt 0.234375 1.000000
vt 0.234375 0.000000
vt 0.187500 0.250000
vt 0.187500 0.187500
vt 0.187500 0.687500
vt 0.187500 0.625000
vt 0.187500 0.125000
vt 0.187500 0.562500
vt 0.187500 0.062500
vt 0.187500 0.500000
vt 0.203125 1.000000
vt 0.187500 0.937500
vt 0.203125 0.000000
vt 0.187500 0.437500
vt 0.187500 0.875000
vt 0.187500 0.375000
vt 0.187500 0.812500
vt 0.187500 0.312500
vt 0.187500 0.750000
vt 0.156250 0.437500
vt 0.156250 0.375000
vt 0.156250 0.875000
vt 0.156250 0.812500
vt 0.156250 0.312500
vt 0.156250 0.750000
vt 0.156250 0.250000
vt 0.156250 0.687500
vt 0.156250 0.187500
vt 0.156250 0.625000
vt 0.156250 0.125000
vt 0.156250 0.562500
vt 0.156250 0.062500
vt 0.156250 0.500000
vt 0.171875 1.000000
vt 0.156250 0.937500
vt 0.171875 0.000000
vt 0.125000 0.187500
vt 0.125000 0.125000
vt 0.125000 0.625000
vt 0.125000 0.562500
vt 0.125000 0.062500
vt 0.125000 0.500000
vt 0.140625 1.000000
vt 0.125000 0.937500
vt 0.140625 0.000000
vt 0.125000 0.437500
vt 0.125000 0.875000
vt 0.125000 0.375000
vt 0.125000 0.812500
vt 0.125000 0.312500
vt 0.125000 0.750000
vt 0.125000 0.250000
vt 0.125000 0.687500
vt 0.093750 0.875000
vt 0.093750 0.812500
vt 0.093750 0.375000
vt 0.093750 0.312500
vt 0.093750 0.750000
vt 0.093750 0.250000
vt 0.093750 0.687500
vt 0.093750 0.187500
vt 0.093750 0.625000
vt 0.093750 0.125000
vt 0.093750 0.562500
vt 0.093750 0.062500
vt 0.093750 0.500000
vt 0.109375 1.000000
vt 0.093750 0.937500
vt 0.109375 0.000000
vt 0.093750 0.437500
vt 0.062500 0.625000
vt 0.062500 0.562500
vt 0.062500 0.125000
vt 0.062500 0.062500
vt 0.062500 0.500000
vt 0.078125 1.000000
vt 0.062500 0.937500
vt 0.078125 0.000000
vt 0.062500 0.437500
vt 0.062500 0.875000
vt 0.062500 0.375000
vt 0.062500 0.812500
vt 0.062500 0.312500
vt 0.062500 0.750000
vt 0.062500 0.250000
vt 0.062500 0.687500
vt 0.062500 0.187500
vt 0.031250 0.375000
vt 0.031250 0.312500
vt 0.031250 0.812500
vt 0.031250 0.750000
vt 0.031250 0.250000
vt 0.031250 0.687500
vt 0.031250 0.187500
vt 0.031250 0.625000
vt 0.031250 0.125000
vt 0.031250 0.562500
vt 0.031250 0.062500
vt 0.031250 0.500000
vt 0.046875 1.000000
vt 0.031250 0.937500
vt 0.046875 0.000000
vt 0.031250 0.437500
vt 0.031250 0.875000
vt 0.000000 0.125000
vt 0.000000 0.062500
vt 0.000000 0.562500
vt 0.000000 0.500000
vt 0.015625 1.000000
vt 0.000000 0.937500
vt 0.015625 0.000000
vt 0.000000 0.437500
vt 0.000000 0.875000
vt 0.000000 0.375000
vt 0.000000 0.812500
vt 0.000000 0.312500
vt 0.000000 0.750000
vt 0.000000 0.250000
vt 0.000000 0.687500
vt 0.000000 0.187500
vt 0.000000 0.625000
vt 1.000000 0.750000
vt 1.000000 0.812500
vt 0.968750 0.812500
vt 0.968750 0.750000
vt 1.000000 0.250000
vt 1.000000 0.312500
vt 0.968750 0.312500
vt 0.968750 0.250000
vt 1.000000 0.687500
vt 0.968750 0.687500
vt 1.000000 0.187500
vt 0.968750 0.187500
vt 1.000000 0.625000
vt 0.968750 0.625000
vt 1.000000 0.125000
vt 0.968750 0.125000
vt 1.000000 0.562500
vt 0.968750 0.562500
vt 1.000000 0.062500
vt 0.968750 0.062500
vt 1.000000 0.500000
vt 0.968750 0.500000
vt 1.000000 0.937500
vt 0.984375 1.000000
vt 0.968750 0.937500
vt 0.984375 0.000000
vt 1.000000 0.437500
vt 0.968750 0.437500
vt 1.000000 0.875000
vt 0.968750 0.875000
vt 1.000000 0.375000
vt 0.968750 0.375000
vt 0.937500 0.562500
vt 0.937500 0.500000
vt 0.953125 1.000000
vt 0.937500 0.937500
vt 0.953125 0.000000
vt 0.937500 0.062500
vt 0.937500 0.437500
vt 0.937500 0.875000
vt 0.937500 0.375000
vt 0.937500 0.812500
vt 0.937500 0.312500
vt 0.937500 0.750000
vt 0.937500 0.250000
vt 0.937500 0.687500
vt 0.937500 0.187500
vt 0.937500 0.625000
vt 0.937500 0.125000
vt 0.906250 0.312500
vt 0.906250 0.250000
vt 0.906250 0.750000
vt 0.906250 0.687500
vt 0.906250 0.187500
vt 0.906250 0.625000
vt 0.906250 0.125000
vt 0.906250 0.562500
vt 0.906250 0.062500
vt 0.906250 0.500000
vt 0.921875 1.000000
vt 0.906250 0.937500
vt 0.921875 0.000000
vt 0.906250 0.437500
vt 0.906250 0.875000
vt 0.906250 0.375000
vt 0.906250 0.812500
vt 0.890625 0.000000
vt 0.875000 0.062500
vt 0.875000 0.500000
vt 0.875000 0.437500
vt 0.875000 0.937500
vt 0.875000 0.875000
vt 0.875000 0.375000
vt 0.875000 0.812500
vt 0.875000 0.312500
vt 0.875000 0.750000
vt 0.875000 0.250000
vt 0.875000 0.687500
vt 0.875000 0.187500
vt 0.875000 0.625000
vt 0.875000 0.125000
vt 0.875000 0.562500
vt 0.890625 1.000000
vt 0.843750 0.250000
vt 0.843750 0.187500
vt 0.843750 0.687500
vt 0.843750 0.625000
vt 0.843750 0.125000
vt 0.843750 0.562500
vt 0.843750 0.062500
vt 0.843750 0.500000
vt 0.859375 1.000000
vt 0.843750 0.937500
vt 0.859375 0.000000
vt 0.843750 0.437500
vt 0.843750 0.875000
vt 0.843750 0.375000
vt 0.843750 0.812500
vt 0.843750 0.312500
vt 0.843750 0.750000
vt 0.812500 0.937500
vt 0.812500 0.875000
vt 0.812500 0.437500
vt 0.812500 0.375000
vt 0.812500 0.812500
vt 0.812500 0.312500
vt 0.812500 0.750000
vt 0.812500 0.250000
vt 0.812500 0.687500
vt 0.812500 0.187500
vt 0.812500 0.625000
vt 0.812500 0.125000
vt 0.812500 0.562500
vt 0.812500 0.062500
vt 0.812500 0.500000
vt 0.828125 1.000000
vt 0.828125 0.000000
vt 0.781250 0.687500
vt 0.781250 0.625000
vt 0.781250 0.187500
vt 0.781250 0.125000
vt 0.781250 0.562500
vt 0.781250 0.062500
vt 0.781250 0.500000
vt 0.796875 1.000000
vt 0.781250 0.937500
vt 0.796875 0.000000
vt 0.781250 0.437500
vt 0.781250 0.875000
vt 0.781250 0.375000
vt 0.781250 0.812500
vt 0.781250 0.312500
vt 0.781250 0.750000
vt 0.781250 0.250000
vt 0.765625 1.000000
vt 0.765625 0.000000
s 1
usemtl skin
f 4325/4583/4251 4324/4584/4250 3859/4585/3785 3860/4586/3786
f 4328/4587/4254 3856/4588/3782 3867/4589/3793 3868/4590/3794
f 3852/4591/3778 4325/4583/4251 3860/4586/3786 3861/4592/3787
f 3857/4593/3783 4328/4587/4254 3868/4590/3794 3869/4594/3795
f 4326/4595/4252 3852/4591/3778 3861/4592/3787 3862/4596/3788
f 4329/4597/4255 3857/4593/3783 3869/4594/3795 3870/4598/3796
f 3853/4599/3779 4326/4595/4252 3862/4596/3788 3863/4600/3789
f 4330/4601/4256 4329/4597/4255 3870/4598/3796 3871/4602/3797
f 4327/4603/4253 3853/4599/3779 3863/4600/3789 3864/4604/3790
f 4331/4605/4257 4330/4601/4256 3871/4602/3797 3872/4606/3798
f 3854/4607/3780 4327/4603/4253 3864/4604/3790 3865/4608/3791
f 4332/4609/4258 4331/4605/4257 3872/4606/3798 3873/4610/3799
f 3855/4611/3781 3854/4607/3780 3865/4608/3791 3866/4612/3792
f 4324/4584/4250 3851/4613/3777 3859/4585/3785
f 3858/4614/3784 4332/4609/4258 3873/4610/3799
f 3856/4588/3782 3855/4611/3781 3866/4612/3792 3867/4589/3793
f 3859/4585/3785 3851/4615/3777 3874/4616/3800
f 3858/4617/3784 3873/4610/3799 3888/4618/3814
f 3867/4589/3793 3866/4612/3792 3881/4619/3807 3882/4620/3808
f 3860/4586/3786 3859/4585/3785 3874/4616/3800 3875/4621/3801
f 3868/4590/3794 3867/4589/3793 3882/4620/3808 3883/4622/3809
f 3861/4592/3787 3860/4586/3786 3875/4621/3801 3876/4623/3802
f 3869/4594/3795 3868/4590/3794 3883/4622/3809 3884/4624/3810
f 3862/4596/3788 3861/4592/3787 3876/4623/3802 3877/4625/3803
f 3870/4598/3796 3869/4594/3795 3884/4624/3810 3885/4626/3811
f 3863/4600/3789 3862/4596/3788 3877/4625/3803 3878/4627/3804
f 3871/4602/3797 3870/4598/3796 3885/4626/3811 3886/4628/3812
f 3864/4604/3790 3863/4600/3789 3878/4627/3804 3879/4629/3805
f 3872/4606/3798 3871/4602/3797 3886/4628/3812 3887/4630/3813
f 3865/4608/3791 3864/4604/3790 3879/4629/3805 3880/4631/3806
f 3873/4610/3799 3872/4606/3798 3887/4630/3813 3888/4618/3814
f 3866/4612/3792 3865/4608/3791 3880/4631/3806 3881/4619/3807
f 3878/4627/3804 3877/4625/3803 3892/4632/3818 3893/4633/3819
f 3886/4628/3812 3885/4626/3811 3900/4634/3826 3901/4635/3827
f 3879/4629/3805 3878/4627/3804 3893/4633/3819 3894/4636/3820
f 3887/4630/3813 3886/4628/3812 3901/4635/3827 3902/4637/3828
f 3880/4631/3806 3879/4629/3805 3894/4636/3820 3895/4638/3821
f 3888/4618/3814 3887/4630/3813 3902/4637/3828 3903/4639/3829
f 3881/4619/3807 3880/4631/3806 3895/4638/3821 3896/4640/3822
f 3874/4616/3800 3851/4641/3777 3889/4642/3815
f 3858/4643/3784 3888/4618/3814 3903/4639/3829
f 3882/4620/3808 3881/4619/3807 3896/4640/3822 3897/4644/3823
f 3875/4621/3801 3874/4616/3800 3889/4642/3815 3890/4645/3816
f 3883/4622/3809 3882/4620/3808 3897/4644/3823 3898/4646/3824
f 3876/4623/3802 3875/4621/3801 3890/4645/3816 3891/4647/3817
f 3884/4624/3810 3883/4622/3809 3898/4646/3824 3899/4648/3825
f 3877/4625/3803 3876/4623/3802 3891/4647/3817 3892/4632/3818
f 3885/4626/3811 3884/4624/3810 3899/4648/3825 3900/4634/3826
f 3897/4644/3823 3896/4640/3822 3911/4649/3837 3912/4650/3838
f 3890/4645/3816 3889/4642/3815 3904/4651/3830 3905/4652/3831
f 3898/4646/3824 3897/4644/3823 3912/4650/3838 3913/4653/3839
f 3891/4647/3817 3890/4645/3816 3905/4652/3831 3906/4654/3832
f 3899/4648/3825 3898/4646/3824 3913/4653/3839 3914/4655/3840
f 3892/4632/3818 3891/4647/3817 3906/4654/3832 3907/4656/3833
f 3900/4634/3826 3899/4648/3825 3914/4655/3840 3915/4657/3841
f 3893/4633/3819 3892/4632/3818 3907/4656/3833 3908/4658/3834
f 3901/4635/3827 3900/4634/3826 3915/4657/3841 3916/4659/3842
f 3894/4636/3820 3893/4633/3819 3908/4658/3834 3909/4660/3835
f 3902/4637/3828 3901/4635/3827 3916/4659/3842 3917/4661/3843
f 3895/4638/3821 3894/4636/3820 3909/4660/3835 3910/4662/3836
f 3903/4639/3829 3902/4637/3828 3917/4661/3843 3918/4663/3844
f 3896/4640/3822 3895/4638/3821 3910/4662/3836 3911/4649/3837
f 3889/4642/3815 3851/4664/3777 3904/4651/3830
f 3858/4665/3784 3903/4639/3829 3918/4663/3844
f 3916/4659/3842 3915/4657/3841 3930/4666/3856 3931/4667/3857
f 3909/4660/3835 3908/4658/3834 3923/4668/3849 3924/4669/3850
f 3917/4661/3843 3916/4659/3842 3931/4667/3857 3932/4670/3858
f 3910/4662/3836 3909/4660/3835 3924/4669/3850 3925/4671/3851
f 3918/4663/3844 3917/4661/3843 3932/4670/3858 3933/4672/3859
f 3911/4649/3837 3910/4662/3836 3925/4671/3851 3926/4673/3852
f 3904/4651/3830 3851/4674/3777 3919/4675/3845
f 3858/4676/3784 3918/4663/3844 3933/4672/3859
f 3912/4650/3838 3911/4649/3837 3926/4673/3852 3927/4677/3853
f 3905/4652/3831 3904/4651/3830 3919/4675/3845 3920/4678/3846
f 3913/4653/3839 3912/4650/3838 3927/4677/3853 3928/4679/3854
f 3906/4654/3832 3905/4652/3831 3920/4678/3846 3921/4680/3847
f 3914/4655/3840 3913/4653/3839 3928/4679/3854 3929/4681/3855
f 3907/4656/3833 3906/4654/3832 3921/4680/3847 3922/4682/3848
f 3915/4657/3841 3914/4655/3840 3929/4681/3855 3930/4666/3856
f 3908/4658/3834 3907/4656/3833 3922/4682/3848 3923/4668/3849
f 3920/4678/3846 3919/4675/3845 3934/4683/3860 3935/4684/3861
f 3928/4679/3854 3927/4677/3853 3942/4685/3868 3943/4686/3869
f 3921/4680/3847 3920/4678/3846 3935/4684/3861 3936/4687/3862
f 3929/4681/3855 3928/4679/3854 3943/4686/3869 3944/4688/3870
f 3922/4682/3848 3921/4680/3847 3936/4687/3862 3937/4689/3863
f 3930/4666/3856 3929/4681/3855 3944/4688/3870 3945/4690/3871
f 3923/4668/3849 3922/4682/3848 3937/4689/3863 3938/4691/3864
f 3931/4667/3857 3930/4666/3856 3945/4690/3871 3946/4692/3872
f 3924/4669/3850 3923/4668/3849 3938/4691/3864 3939/4693/3865
f 3932/4670/3858 3931/4667/3857 3946/4692/3872 3947/4694/3873
f 3925/4671/3851 3924/4669/3850 3939/4693/3865 3940/4695/3866
f 3933/4672/3859 3932/4670/3858 3947/4694/3873 3948/4696/3874
f 3926/4673/3852 3925/4671/3851 3940/4695/3866 3941/4697/3867
f 3919/4675/3845 3851/4698/3777 3934/4683/3860
f 3858/4699/3784 3933/4672/3859 3948/4696/3874
f 3927/4677/3853 3926/4673/3852 3941/4697/3867 3942/4685/3868
f 3939/4693/3865 3938/4691/3864 3953/4700/3879 3954/4701/3880
f 3947/4694/3873 3946/4692/3872 3961/4702/3887 3962/4703/3888
f 3940/4695/3866 3939/4693/3865 3954/4701/3880 3955/4704/3881
f 3948/4696/3874 3947/4694/3873 3962/4703/3888 3963/4705/3889
f 3941/4697/3867 3940/4695/3866 3955/4704/3881 3956/4706/3882
f 3934/4683/3860 3851/4707/3777 3949/4708/3875
f 3858/4709/3784 3948/4696/3874 3963/4705/3889
f 3942/4685/3868 3941/4697/3867 3956/4706/3882 3957/4710/3883
f 3935/4684/3861 3934/4683/3860 3949/4708/3875 3950/4711/3876
f 3943/4686/3869 3942/4685/3868 3957/4710/3883 3958/4712/3884
f 3936/4687/3862 3935/4684/3861 3950/4711/3876 3951/4713/3877
f 3944/4688/3870 3943/4686/3869 3958/4712/3884 3959/4714/3885
f 3937/4689/3863 3936/4687/3862 3951/4713/3877 3952/4715/3878
f 3945/4690/3871 3944/4688/3870 3959/4714/3885 3960/4716/3886
f 3938/4691/3864 3937/4689/3863 3952/4715/3878 3953/4700/3879
f 3946/4692/3872 3945/4690/3871 3960/4716/3886 3961/4702/3887
f 3958/4712/3884 3957/4710/3883 3972/4717/3898 3973/4718/3899
f 3951/4713/3877 3950/4711/3876 3965/4719/3891 3966/4720/3892
f 3959/4714/3885 3958/4712/3884 3973/4718/3899 3974/4721/3900
f 3952/4715/3878 3951/4713/3877 3966/4720/3892 3967/4722/3893
f 3960/4716/3886 3959/4714/3885 3974/4721/3900 3975/4723/3901
f 3953/4700/3879 3952/4715/3878 3967/4722/3893 3968/4724/3894
f 3961/4702/3887 3960/4716/3886 3975/4723/3901 3976/4725/3902
f 3954/4701/3880 3953/4700/3879 3968/4724/3894 3969/4726/3895
f 3962/4703/3888 3961/4702/3887 3976/4725/3902 3977/4727/3903
f 3955/4704/3881 3954/4701/3880 3969/4726/3895 3970/4728/3896
f 3963/4705/3889 3962/4703/3888 3977/4727/3903 3978/4729/3904
f 3956/4706/3882 3955/4704/3881 3970/4728/3896 3971/4730/3897
f 3949/4708/3875 3851/4731/3777 3964/4732/3890
f 3858/4733/3784 3963/4705/3889 3978/4729/3904
f 3957/4710/3883 3956/4706/3882 3971/4730/3897 3972/4717/3898
f 3950/4711/3876 3949/4708/3875 3964/4732/3890 3965/4719/3891
f 3977/4727/3903 3976/4725/3902 3991/4734/3917 3992/4735/3918
f 3970/4728/3896 3969/4726/3895 3984/4736/3910 3985/4737/3911
f 3978/4729/3904 3977/4727/3903 3992/4735/3918 3993/4738/3919
f 3971/4730/3897 3970/4728/3896 3985/4737/3911 3986/4739/3912
f 3964/4732/3890 3851/4740/3777 3979/4741/3905
f 3858/4742/3784 3978/4729/3904 3993/4738/3919
f 3972/4717/3898 3971/4730/3897 3986/4739/3912 3987/4743/3913
f 3965/4719/3891 3964/4732/3890 3979/4741/3905 3980/4744/3906
f 3973/4718/3899 3972/4717/3898 3987/4743/3913 3988/4745/3914
f 3966/4720/3892 3965/4719/3891 3980/4744/3906 3981/4746/3907
f 3974/4721/3900 3973/4718/3899 3988/4745/3914 3989/4747/3915
f 3967/4722/3893 3966/4720/3892 3981/4746/3907 3982/4748/3908
f 3975/4723/3901 3974/4721/3900 3989/4747/3915 3990/4749/3916
f 3968/4724/3894 3967/4722/3893 3982/4748/3908 3983/4750/3909
f 3976/4725/3902 3975/4723/3901 3990/4749/3916 3991/4734/3917
f 3969/4726/3895 3968/4724/3894 3983/4750/3909 3984/4736/3910
f 3989/4747/3915 3988/4745/3914 4003/4751/3929 4004/4752/3930
f 3982/4748/3908 3981/4746/3907 3996/4753/3922 3997/4754/3923
f 3990/4749/3916 3989/4747/3915 4004/4752/3930 4005/4755/3931
f 3983/4750/3909 3982/4748/3908 3997/4754/3923 3998/4756/3924
f 3991/4734/3917 3990/4749/3916 4005/4755/3931 4006/4757/3932
f 3984/4736/3910 3983/4750/3909 3998/4756/3924 3999/4758/3925
f 3992/4735/3918 3991/4734/3917 4006/4757/3932 4007/4759/3933
f 3985/4737/3911 3984/4736/3910 3999/4758/3925 4000/4760/3926
f 3993/4738/3919 3992/4735/3918 4007/4759/3933 4008/4761/3934
f 3986/4739/3912 3985/4737/3911 4000/4760/3926 4001/4762/3927
f 3979/4741/3905 3851/4763/3777 3994/4764/3920
f 3858/4765/3784 3993/4738/3919 4008/4761/3934
f 3987/4743/3913 3986/4739/3912 4001/4762/3927 4002/4766/3928
f 3980/4744/3906 3979/4741/3905 3994/4764/3920 3995/4767/3921
f 3988/4745/3914 3987/4743/3913 4002/4766/3928 4003/4751/3929
f 3981/4746/3907 3980/4744/3906 3995/4767/3921 3996/4753/3922
f 4008/4761/3934 4007/4759/3933 4022/4768/3948 4023/4769/3949
f 4001/4762/3927 4000/4760/3926 4015/4770/3941 4016/4771/3942
f 3994/4764/3920 3851/4772/3777 4009/4773/3935
f 3858/4774/3784 4008/4761/3934 4023/4769/3949
f 4002/4766/3928 4001/4762/3927 4016/4771/3942 4017/4775/3943
f 3995/4767/3921 3994/4764/3920 4009/4773/3935 4010/4776/3936
f 4003/4751/3929 4002/4766/3928 4017/4775/3943 4018/4777/3944
f 3996/4753/3922 3995/4767/3921 4010/4776/3936 4011/4778/3937
f 4004/4752/3930 4003/4751/3929 4018/4777/3944 4019/4779/3945
f 3997/4754/3923 3996/4753/3922 4011/4778/3937 4012/4780/3938
f 4005/4755/3931 4004/4752/3930 4019/4779/3945 4020/4781/3946
f 3998/4756/3924 3997/4754/3923 4012/4780/3938 4013/4782/3939
f 4006/4757/3932 4005/4755/3931 4020/4781/3946 4021/4783/3947
f 3999/4758/3925 3998/4756/3924 4013/4782/3939 4014/4784/3940
f 4007/4759/3933 4006/4757/3932 4021/4783/3947 4022/4768/3948
f 4000/4760/3926 3999/4758/3925 4014/4784/3940 4015/4770/3941
f 4012/4780/3938 4011/4778/3937 4026/4785/3952 4027/4786/3953
f 4020/4781/3946 4019/4779/3945 4034/4787/3960 4035/4788/3961
f 4013/4782/3939 4012/4780/3938 4027/4786/3953 4028/4789/3954
f 4021/4783/3947 4020/4781/3946 4035/4788/3961 4036/4790/3962
f 4014/4784/3940 4013/4782/3939 4028/4789/3954 4029/4791/3955
f 4022/4768/3948 4021/4783/3947 4036/4790/3962 4037/4792/3963
f 4015/4770/3941 4014/4784/3940 4029/4791/3955 4030/4793/3956
f 4023/4769/3949 4022/4768/3948 4037/4792/3963 4038/4794/3964
f 4016/4771/3942 4015/4770/3941 4030/4793/3956 4031/4795/3957
f 4009/4773/3935 3851/4796/3777 4024/4797/3950
f 3858/4798/3784 4023/4769/3949 4038/4794/3964
f 4017/4775/3943 4016/4771/3942 4031/4795/3957 4032/4799/3958
f 4010/4776/3936 4009/4773/3935 4024/4797/3950 4025/4800/3951
f 4018/4777/3944 4017/4775/3943 4032/4799/3958 4033/4801/3959
f 4011/4778/3937 4010/4776/3936 4025/4800/3951 4026/4785/3952
f 4019/4779/3945 4018/4777/3944 4033/4801/3959 4034/4787/3960
f 4031/4795/3957 4030/4793/3956 4045/4802/3971 4046/4803/3972
f 4024/4797/3950 3851/4804/3777 4039/4805/3965
f 3858/4806/3784 4038/4794/3964 4053/4807/3979
f 4032/4799/3958 4031/4795/3957 4046/4803/3972 4047/4808/3973
f 4025/4800/3951 4024/4797/3950 4039/4805/3965 4040/4809/3966
f 4033/4801/3959 4032/4799/3958 4047/4808/3973 4048/4810/3974
f 4026/4785/3952 4025/4800/3951 4040/4809/3966 4041/4811/3967
f 4034/4787/3960 4033/4801/3959 4048/4810/3974 4049/4812/3975
f 4027/4786/3953 4026/4785/3952 4041/4811/3967 4042/4813/3968
f 4035/4788/3961 4034/4787/3960 4049/4812/3975 4050/4814/3976
f 4028/4789/3954 4027/4786/3953 4042/4813/3968 4043/4815/3969
f 4036/4790/3962 4035/4788/3961 4050/4814/3976 4051/4816/3977
f 4029/4791/3955 4028/4789/3954 4043/4815/3969 4044/4817/3970
f 4037/4792/3963 4036/4790/3962 4051/4816/3977 4052/4818/3978
f 4030/4793/3956 4029/4791/3955 4044/4817/3970 4045/4802/3971
f 4038/4794/3964 4037/4792/3963 4052/4818/3978 4053/4807/3979
f 4050/4814/3976 4049/4812/3975 4064/4819/3990 4065/4820/3991
f 4043/4815/3969 4042/4813/3968 4057/4821/3983 4058/4822/3984
f 4051/4816/3977 4050/4814/3976 4065/4820/3991 4066/4823/3992
f 4044/4817/3970 4043/4815/3969 4058/4822/3984 4059/4824/3985
f 4052/4818/3978 4051/4816/3977 4066/4823/3992 4067/4825/3993
f 4045/4802/3971 4044/4817/3970 4059/4824/3985 4060/4826/3986
f 4053/4807/3979 4052/4818/3978 4067/4825/3993 4068/4827/3994
f 4046/4803/3972 4045/4802/3971 4060/4826/3986 4061/4828/3987
f 4039/4805/3965 3851/4829/3777 4054/4830/3980
f 3858/4831/3784 4053/4807/3979 4068/4827/3994
f 4047/4808/3973 4046/4803/3972 4061/4828/3987 4062/4832/3988
f 4040/4809/3966 4039/4805/3965 4054/4830/3980 4055/4833/3981
f 4048/4810/3974 4047/4808/3973 4062/4832/3988 4063/4834/3989
f 4041/4811/3967 4040/4809/3966 4055/4833/3981 4056/4835/3982
f 4049/4812/3975 4048/4810/3974 4063/4834/3989 4064/4819/3990
f 4042/4813/3968 4041/4811/3967 4056/4835/3982 4057/4821/3983
f 4054/4830/3980 3851/4836/3777 4069/4837/3995
f 3858/4838/3784 4068/4827/3994 4083/4839/4009
f 4062/4832/3988 4061/4828/3987 4076/4840/4002 4077/4841/4003
f 4055/4833/3981 4054/4830/3980 4069/4837/3995 4070/4842/3996
f 4063/4834/3989 4062/4832/3988 4077/4841/4003 4078/4843/4004
f 4056/4835/3982 4055/4833/3981 4070/4842/3996 4071/4844/3997
f 4064/4819/3990 4063/4834/3989 4078/4843/4004 4079/4845/4005
f 4057/4821/3983 4056/4835/3982 4071/4844/3997 4072/4846/3998
f 4065/4820/3991 4064/4819/3990 4079/4845/4005 4080/4847/4006
f 4058/4822/3984 4057/4821/3983 4072/4846/3998 4073/4848/3999
f 4066/4823/3992 4065/4820/3991 4080/4847/4006 4081/4849/4007
f 4059/4824/3985 4058/4822/3984 4073/4848/3999 4074/4850/4000
f 4067/4825/3993 4066/4823/3992 4081/4849/4007 4082/4851/4008
f 4060/4826/3986 4059/4824/3985 4074/4850/4000 4075/4852/4001
f 4068/4827/3994 4067/4825/3993 4082/4851/4008 4083/4839/4009
f 4061/4828/3987 4060/4826/3986 4075/4852/4001 4076/4840/4002
f 4073/4848/3999 4072/4846/3998 4087/4853/4013 4088/4854/4014
f 4081/4849/4007 4080/4847/4006 4095/4855/4021 4096/4856/4022
f 4074/4850/4000 4073/4848/3999 4088/4854/4014 4089/4857/4015
f 4082/4851/4008 4081/4849/4007 4096/4856/4022 4097/4858/4023
f 4075/4852/4001 4074/4850/4000 4089/4857/4015 4090/4859/4016
f 4083/4839/4009 4082/4851/4008 4097/4858/4023 4098/4860/4024
f 4076/4840/4002 4075/4852/4001 4090/4859/4016 4091/4861/4017
f 4069/4837/3995 3851/4862/3777 4084/4863/4010
f 3858/4864/3784 4083/4839/4009 4098/4860/4024
f 4077/4841/4003 4076/4840/4002 4091/4861/4017 4092/4865/4018
f 4070/4842/3996 4069/4837/3995 4084/4863/4010 4085/4866/4011
f 4078/4843/4004 4077/4841/4003 4092/4865/4018 4093/4867/4019
f 4071/4844/3997 4070/4842/3996 4085/4866/4011 4086/4868/4012
f 4079/4845/4005 4078/4843/4004 4093/4867/4019 4094/4869/4020
f 4072/4846/3998 4071/4844/3997 4086/4868/4012 4087/4853/4013
f 4080/4847/4006 4079/4845/4005 4094/4869/4020 4095/4855/4021
f 4092/4865/4018 4091/4861/4017 4106/4870/4032 4107/4871/4033
f 4085/4866/4011 4084/4863/4010 4099/4872/4025 4100/4873/4026
f 4093/4867/4019 4092/4865/4018 4107/4871/4033 4108/4874/4034
f 4086/4868/4012 4085/4866/4011 4100/4873/4026 4101/4875/4027
f 4094/4869/4020 4093/4867/4019 4108/4874/4034 4109/4876/4035
f 4087/4853/4013 4086/4868/4012 4101/4875/4027 4102/4877/4028
f 4095/4855/4021 4094/4869/4020 4109/4876/4035 4110/4878/4036
f 4088/4854/4014 4087/4853/4013 4102/4877/4028 4103/4879/4029
f 4096/4856/4022 4095/4855/4021 4110/4878/4036 4111/4880/4037
f 4089/4857/4015 4088/4854/4014 4103/4879/4029 4104/4881/4030
f 4097/4858/4023 4096/4856/4022 4111/4880/4037 4112/4882/4038
f 4090/4859/4016 4089/4857/4015 4104/4881/4030 4105/4883/4031
f 4098/4860/4024 4097/4858/4023 4112/4882/4038 4113/4884/4039
f 4091/4861/4017 4090/4859/4016 4105/4883/4031 4106/4870/4032
f 4084/4863/4010 3851/4885/3777 4099/4872/4025
f 3858/4886/3784 4098/4860/4024 4113/4884/4039
f 4111/4880/4037 4110/4878/4036 4125/4887/4051 4126/4888/4052
f 4104/4881/4030 4103/4879/4029 4118/4889/4044 4119/4890/4045
f 4112/4882/4038 4111/4880/4037 4126/4888/4052 4127/4891/4053
f 4105/4883/4031 4104/4881/4030 4119/4890/4045 4120/4892/4046
f 4113/4884/4039 4112/4882/4038 4127/4891/4053 4128/4893/4054
f 4106/4870/4032 4105/4883/4031 4120/4892/4046 4121/4894/4047
f 4099/4872/4025 3851/4895/3777 4114/4896/4040
f 3858/4897/3784 4113/4884/4039 4128/4893/4054
f 4107/4871/4033 4106/4870/4032 4121/4894/4047 4122/4898/4048
f 4100/4873/4026 4099/4872/4025 4114/4896/4040 4115/4899/4041
f 4108/4874/4034 4107/4871/4033 4122/4898/4048 4123/4900/4049
f 4101/4875/4027 4100/4873/4026 4115/4899/4041 4116/4901/4042
f 4109/4876/4035 4108/4874/4034 4123/4900/4049 4124/4902/4050
f 4102/4877/4028 4101/4875/4027 4116/4901/4042 4117/4903/4043
f 4110/4878/4036 4109/4876/4035 4124/4902/4050 4125/4887/4051
f 4103/4879/4029 4102/4877/4028 4117/4903/4043 4118/4889/4044
f 4123/4900/4049 4122/4898/4048 4137/4904/4063 4138/4905/4064
f 4116/4901/4042 4115/4899/4041 4130/4906/4056 4131/4907/4057
f 4124/4902/4050 4123/4900/4049 4138/4905/4064 4139/4908/4065
f 4117/4903/4043 4116/4901/4042 4131/4907/4057 4132/4909/4058
f 4125/4887/4051 4124/4902/4050 4139/4908/4065 4140/4910/4066
f 4118/4889/4044 4117/4903/4043 4132/4909/4058 4133/4911/4059
f 4126/4888/4052 4125/4887/4051 4140/4910/4066 4141/4912/4067
f 4119/4890/4045 4118/4889/4044 4133/4911/4059 4134/4913/4060
f 4127/4891/4053 4126/4888/4052 4141/4912/4067 4142/4914/4068
f 4120/4892/4046 4119/4890/4045 4134/4913/4060 4135/4915/4061
f 4128/4893/4054 4127/4891/4053 4142/4914/4068 4143/4916/4069
f 4121/4894/4047 4120/4892/4046 4135/4915/4061 4136/4917/4062
f 4114/4896/4040 3851/4918/3777 4129/4919/4055
f 3858/4920/3784 4128/4893/4054 4143/4916/4069
f 4122/4898/4048 4121/4894/4047 4136/4917/4062 4137/4904/4063
f 4115/4899/4041 4114/4896/4040 4129/4919/4055 4130/4906/4056
f 4142/4914/4068 4141/4912/4067 4156/4921/4082 4157/4922/4083
f 4135/4915/4061 4134/4913/4060 4149/4923/4075 4150/4924/4076
f 4143/4916/4069 4142/4914/4068 4157/4922/4083 4158/4925/4084
f 4136/4917/4062 4135/4915/4061 4150/4924/4076 4151/4926/4077
f 4129/4919/4055 3851/4927/3777 4144/4928/4070
f 3858/4929/3784 4143/4916/4069 4158/4925/4084
f 4137/4904/4063 4136/4917/4062 4151/4926/4077 4152/4930/4078
f 4130/4906/4056 4129/4919/4055 4144/4928/4070 4145/4931/4071
f 4138/4905/4064 4137/4904/4063 4152/4930/4078 4153/4932/4079
f 4131/4907/4057 4130/4906/4056 4145/4931/4071 4146/4933/4072
f 4139/4908/4065 4138/4905/4064 4153/4932/4079 4154/4934/4080
f 4132/4909/4058 4131/4907/4057 4146/4933/4072 4147/4935/4073
f 4140/4910/4066 4139/4908/4065 4154/4934/4080 4155/4936/4081
f 4133/4911/4059 4132/4909/4058 4147/4935/4073 4148/4937/4074
f 4141/4912/4067 4140/4910/4066 4155/4936/4081 4156/4921/4082
f 4134/4913/4060 4133/4911/4059 4148/4937/4074 4149/4923/4075
f 4146/4933/4072 4145/4931/4071 4160/4938/4086 4161/4939/4087
f 4154/4934/4080 4153/4932/4079 4168/4940/4094 4169/4941/4095
f 4147/4935/4073 4146/4933/4072 4161/4939/4087 4162/4942/4088
f 4155/4936/4081 4154/4934/4080 4169/4941/4095 4170/4943/4096
f 4148/4937/4074 4147/4935/4073 4162/4942/4088 4163/4944/4089
f 4156/4921/4082 4155/4936/4081 4170/4943/4096 4171/4945/4097
f 4149/4923/4075 4148/4937/4074 4163/4944/4089 4164/4946/4090
f 4157/4922/4083 4156/4921/4082 4171/4945/4097 4172/4947/4098
f 4150/4924/4076 4149/4923/4075 4164/4946/4090 4165/4948/4091
f 4158/4925/4084 4157/4922/4083 4172/4947/4098 4173/4949/4099
f 4151/4926/4077 4150/4924/4076 4165/4948/4091 4166/4950/4092
f 4144/4928/4070 3851/4951/3777 4159/4952/4085
f 3858/4953/3784 4158/4925/4084 4173/4949/4099
f 4152/4930/4078 4151/4926/4077 4166/4950/4092 4167/4954/4093
f 4145/4931/4071 4144/4928/4070 4159/4952/4085 4160/4938/4086
f 4153/4932/4079 4152/4930/4078 4167/4954/4093 4168/4940/4094
f 4165/4948/4091 4164/4946/4090 4179/4955/4105 4180/4956/4106
f 4173/4949/4099 4172/4947/4098 4187/4957/4113 4188/4958/4114
f 4166/4950/4092 4165/4948/4091 4180/4956/4106 4181/4959/4107
f 4159/4952/4085 3851/4960/3777 4174/4961/4100
f 3858/4962/3784 4173/4949/4099 4188/4958/4114
f 4167/4954/4093 4166/4950/4092 4181/4959/4107 4182/4963/4108
f 4160/4938/4086 4159/4952/4085 4174/4961/4100 4175/4964/4101
f 4168/4940/4094 4167/4954/4093 4182/4963/4108 4183/4965/4109
f 4161/4939/4087 4160/4938/4086 4175/4964/4101 4176/4966/4102
f 4169/4941/4095 4168/4940/4094 4183/4965/4109 4184/4967/4110
f 4162/4942/4088 4161/4939/4087 4176/4966/4102 4177/4968/4103
f 4170/4943/4096 4169/4941/4095 4184/4967/4110 4185/4969/4111
f 4163/4944/4089 4162/4942/4088 4177/4968/4103 4178/4970/4104
f 4171/4945/4097 4170/4943/4096 4185/4969/4111 4186/4971/4112
f 4164/4946/4090 4163/4944/4089 4178/4970/4104 4179/4955/4105
f 4172/4947/4098 4171/4945/4097 4186/4971/4112 4187/4957/4113
f 4184/4967/4110 4183/4965/4109 4198/4972/4124 4199/4973/4125
f 4177/4968/4103 4176/4966/4102 4191/4974/4117 4192/4975/4118
f 4185/4969/4111 4184/4967/4110 4199/4973/4125 4200/4976/4126
f 4178/4970/4104 4177/4968/4103 4192/4975/4118 4193/4977/4119
f 4186/4971/4112 4185/4969/4111 4200/4976/4126 4201/4978/4127
f 4179/4955/4105 4178/4970/4104 4193/4977/4119 4194/4979/4120
f 4187/4957/4113 4186/4971/4112 4201/4978/4127 4202/4980/4128
f 4180/4956/4106 4179/4955/4105 4194/4979/4120 4195/4981/4121
f 4188/4958/4114 4187/4957/4113 4202/4980/4128 4203/4982/4129
f 4181/4959/4107 4180/4956/4106 4195/4981/4121 4196/4983/4122
f 4174/4961/4100 3851/4984/3777 4189/4985/4115
f 3858/4986/3784 4188/4958/4114 4203/4982/4129
f 4182/4963/4108 4181/4959/4107 4196/4983/4122 4197/4987/4123
f 4175/4964/4101 4174/4961/4100 4189/4985/4115 4190/4988/4116
f 4183/4965/4109 4182/4963/4108 4197/4987/4123 4198/4972/4124
f 4176/4966/4102 4175/4964/4101 4190/4988/4116 4191/4974/4117
f 4203/4982/4129 4202/4980/4128 4217/4989/4143 4218/4990/4144
f 4196/4983/4122 4195/4981/4121 4210/4991/4136 4211/4992/4137
f 4189/4985/4115 3851/4993/3777 4204/4994/4130
f 3858/4995/3784 4203/4982/4129 4218/4990/4144
f 4197/4987/4123 4196/4983/4122 4211/4992/4137 4212/4996/4138
f 4190/4988/4116 4189/4985/4115 4204/4994/4130 4205/4997/4131
f 4198/4972/4124 4197/4987/4123 4212/4996/4138 4213/4998/4139
f 4191/4974/4117 4190/4988/4116 4205/4997/4131 4206/4999/4132
f 4199/4973/4125 4198/4972/4124 4213/4998/4139 4214/5000/4140
f 4192/4975/4118 4191/4974/4117 4206/4999/4132 4207/5001/4133
f 4200/4976/4126 4199/4973/4125 4214/5000/4140 4215/5002/4141
f 4193/4977/4119 4192/4975/4118 4207/5001/4133 4208/5003/4134
f 4201/4978/4127 4200/4976/4126 4215/5002/4141 4216/5004/4142
f 4194/4979/4120 4193/4977/4119 4208/5003/4134 4209/5005/4135
f 4202/4980/4128 4201/4978/4127 4216/5004/4142 4217/4989/4143
f 4195/4981/4121 4194/4979/4120 4209/5005/4135 4210/4991/4136
f 4207/5006/4133 4206/5007/4132 4221/5008/4147 4222/5009/4148
f 4215/5010/4141 4214/5011/4140 4229/5012/4155 4230/5013/4156
f 4208/5014/4134 4207/5006/4133 4222/5009/4148 4223/5015/4149
f 4216/5016/4142 4215/5010/4141 4230/5013/4156 4231/5017/4157
f 4209/5018/4135 4208/5014/4134 4223/5015/4149 4224/5019/4150
f 4217/5020/4143 4216/5016/4142 4231/5017/4157 4232/5021/4158
f 4210/5022/4136 4209/5018/4135 4224/5019/4150 4225/5023/4151
f 4218/5024/4144 4217/5020/4143 4232/5021/4158 4233/5025/4159
f 4211/5026/4137 4210/5022/4136 4225/5023/4151 4226/5027/4152
f 4204/5028/4130 3851/5029/3777 4219/5030/4145
f 3858/5031/3784 4218/5024/4144 4233/5025/4159
f 4212/5032/4138 4211/5026/4137 4226/5027/4152 4227/5033/4153
f 4205/5034/4131 4204/5028/4130 4219/5030/4145 4220/5035/4146
f 4213/5036/4139 4212/5032/4138 4227/5033/4153 4228/5037/4154
f 4206/5007/4132 4205/5034/4131 4220/5035/4146 4221/5008/4147
f 4214/5011/4140 4213/5036/4139 4228/5037/4154 4229/5012/4155
f 4226/5027/4152 4225/5023/4151 4240/5038/4166 4241/5039/4167
f 4219/5030/4145 3851/5040/3777 4234/5041/4160
f 3858/5042/3784 4233/5025/4159 4248/5043/4174
f 4227/5033/4153 4226/5027/4152 4241/5039/4167 4242/5044/4168
f 4220/5035/4146 4219/5030/4145 4234/5041/4160 4235/5045/4161
f 4228/5037/4154 4227/5033/4153 4242/5044/4168 4243/5046/4169
f 4221/5008/4147 4220/5035/4146 4235/5045/4161 4236/5047/4162
f 4229/5012/4155 4228/5037/4154 4243/5046/4169 4244/5048/4170
f 4222/5009/4148 4221/5008/4147 4236/5047/4162 4237/5049/4163
f 4230/5013/4156 4229/5012/4155 4244/5048/4170 4245/5050/4171
f 4223/5015/4149 4222/5009/4148 4237/5049/4163 4238/5051/4164
f 4231/5017/4157 4230/5013/4156 4245/5050/4171 4246/5052/4172
f 4224/5019/4150 4223/5015/4149 4238/5051/4164 4239/5053/4165
f 4232/5021/4158 4231/5017/4157 4246/5052/4172 4247/5054/4173
f 4225/5023/4151 4224/5019/4150 4239/5053/4165 4240/5038/4166
f 4233/5025/4159 4232/5021/4158 4247/5054/4173 4248/5043/4174
f 4245/5050/4171 4244/5048/4170 4259/5055/4185 4260/5056/4186
f 4238/5051/4164 4237/5049/4163 4252/5057/4178 4253/5058/4179
f 4246/5052/4172 4245/5050/4171 4260/5056/4186 4261/5059/4187
f 4239/5053/4165 4238/5051/4164 4253/5058/4179 4254/5060/4180
f 4247/5054/4173 4246/5052/4172 4261/5059/4187 4262/5061/4188
f 4240/5038/4166 4239/5053/4165 4254/5060/4180 4255/5062/4181
f 4248/5043/4174 4247/5054/4173 4262/5061/4188 4263/5063/4189
f 4241/5039/4167 4240/5038/4166 4255/5062/4181 4256/5064/4182
f 4234/5041/4160 3851/5065/3777 4249/5066/4175
f 3858/5067/3784 4248/5043/4174 4263/5063/4189
f 4242/5044/4168 4241/5039/4167 4256/5064/4182 4257/5068/4183
f 4235/5045/4161 4234/5041/4160 4249/5066/4175 4250/5069/4176
f 4243/5046/4169 4242/5044/4168 4257/5068/4183 4258/5070/4184
f 4236/5047/4162 4235/5045/4161 4250/5069/4176 4251/5071/4177
f 4244/5048/4170 4243/5046/4169 4258/5070/4184 4259/5055/4185
f 4237/5049/4163 4236/5047/4162 4251/5071/4177 4252/5057/4178
f 3858/5072/3784 4263/5063/4189 4278/5073/4204
f 4257/5068/4183 4256/5064/4182 4271/5074/4197 4272/5075/4198
f 4250/5069/4176 4249/5066/4175 4264/5076/4190 4265/5077/4191
f 4258/5070/4184 4257/5068/4183 4272/5075/4198 4273/5078/4199
f 4251/5071/4177 4250/5069/4176 4265/5077/4191 4266/5079/4192
f 4259/5055/4185 4258/5070/4184 4273/5078/4199 4274/5080/4200
f 4252/5057/4178 4251/5071/4177 4266/5079/4192 4267/5081/4193
f 4260/5056/4186 4259/5055/4185 4274/5080/4200 4275/5082/4201
f 4253/5058/4179 4252/5057/4178 4267/5081/4193 4268/5083/4194
f 4261/5059/4187 4260/5056/4186 4275/5082/4201 4276/5084/4202
f 4254/5060/4180 4253/5058/4179 4268/5083/4194 4269/5085/4195
f 4262/5061/4188 4261/5059/4187 4276/5084/4202 4277/5086/4203
f 4255/5062/4181 4254/5060/4180 4269/5085/4195 4270/5087/4196
f 4263/5063/4189 4262/5061/4188 4277/5086/4203 4278/5073/4204
f 4256/5064/4182 4255/5062/4181 4270/5087/4196 4271/5074/4197
f 4249/5066/4175 3851/5088/3777 4264/5076/4190
f 4276/5084/4202 4275/5082/4201 4290/5089/4216 4291/5090/4217
f 4269/5085/4195 4268/5083/4194 4283/5091/4209 4284/5092/4210
f 4277/5086/4203 4276/5084/4202 4291/5090/4217 4292/5093/4218
f 4270/5087/4196 4269/5085/4195 4284/5092/4210 4285/5094/4211
f 4278/5073/4204 4277/5086/4203 4292/5093/4218 4293/5095/4219
f 4271/5074/4197 4270/5087/4196 4285/5094/4211 4286/5096/4212
f 4264/5076/4190 3851/5097/3777 4279/5098/4205
f 3858/5099/3784 4278/5073/4204 4293/5095/4219
f 4272/5075/4198 4271/5074/4197 4286/5096/4212 4287/5100/4213
f 4265/5077/4191 4264/5076/4190 4279/5098/4205 4280/5101/4206
f 4273/5078/4199 4272/5075/4198 4287/5100/4213 4288/5102/4214
f 4266/5079/4192 4265/5077/4191 4280/5101/4206 4281/5103/4207
f 4274/5080/4200 4273/5078/4199 4288/5102/4214 4289/5104/4215
f 4267/5081/4193 4266/5079/4192 4281/5103/4207 4282/5105/4208
f 4275/5082/4201 4274/5080/4200 4289/5104/4215 4290/5089/4216
f 4268/5083/4194 4267/5081/4193 4282/5105/4208 4283/5091/4209
f 4280/5101/4206 4279/5098/4205 4294/5106/4220 4295/5107/4221
f 4288/5102/4214 4287/5100/4213 4302/5108/4228 4303/5109/4229
f 4281/5103/4207 4280/5101/4206 4295/5107/4221 4296/5110/4222
f 4289/5104/4215 4288/5102/4214 4303/5109/4229 4304/5111/4230
f 4282/5105/4208 4281/5103/4207 4296/5110/4222 4297/5112/4223
f 4290/5089/4216 4289/5104/4215 4304/5111/4230 4305/5113/4231
f 4283/5091/4209 4282/5105/4208 4297/5112/4223 4298/5114/4224
f 4291/5090/4217 4290/5089/4216 4305/5113/4231 4306/5115/4232
f 4284/5092/4210 4283/5091/4209 4298/5114/4224 4299/5116/4225
f 4292/5093/4218 4291/5090/4217 4306/5115/4232 4307/5117/4233
f 4285/5094/4211 4284/5092/4210 4299/5116/4225 4300/5118/4226
f 4293/5095/4219 4292/5093/4218 4307/5117/4233 4308/5119/4234
f 4286/5096/4212 4285/5094/4211 4300/5118/4226 4301/5120/4227
f 4279/5098/4205 3851/5121/3777 4294/5106/4220
f 3858/5122/3784 4293/5095/4219 4308/5119/4234
f 4287/5100/4213 4286/5096/4212 4301/5120/4227 4302/5108/4228
f 4299/5116/4225 4298/5114/4224 4313/5123/4239 4314/5124/4240
f 4307/5117/4233 4306/5115/4232 4321/5125/4247 4322/5126/4248
f 4300/5118/4226 4299/5116/4225 4314/5124/4240 4315/5127/4241
f 4308/5119/4234 4307/5117/4233 4322/5126/4248 4323/5128/4249
f 4301/5120/4227 4300/5118/4226 4315/5127/4241 4316/5129/4242
f 4294/5106/4220 3851/5130/3777 4309/5131/4235
f 3858/5132/3784 4308/5119/4234 4323/5128/4249
f 4302/5108/4228 4301/5120/4227 4316/5129/4242 4317/5133/4243
f 4295/5107/4221 4294/5106/4220 4309/5131/4235 4310/5134/4236
f 4303/5109/4229 4302/5108/4228 4317/5133/4243 4318/5135/4244
f 4296/5110/4222 4295/5107/4221 4310/5134/4236 4311/5136/4237
f 4304/5111/4230 4303/5109/4229 4318/5135/4244 4319/5137/4245
f 4297/5112/4223 4296/5110/4222 4311/5136/4237 4312/5138/4238
f 4305/5113/4231 4304/5111/4230 4319/5137/4245 4320/5139/4246
f 4298/5114/4224 4297/5112/4223 4312/5138/4238 4313/5123/4239
f 4306/5115/4232 4305/5113/4231 4320/5139/4246 4321/5125/4247
f 4318/5135/4244 4317/5133/4243 3856/4588/3782 4328/4587/4254
f 4311/5136/4237 4310/5134/4236 4325/4583/4251 3852/4591/3778
f 4319/5137/4245 4318/5135/4244 4328/4587/4254 3857/4593/3783
f 4312/5138/4238 4311/5136/4237 3852/4591/3778 4326/4595/4252
f 4320/5139/4246 4319/5137/4245 3857/4593/3783 4329/4597/4255
f 4313/5123/4239 4312/5138/4238 4326/4595/4252 3853/4599/3779
f 4321/5125/4247 4320/5139/4246 4329/4597/4255 4330/4601/4256
f 4314/5124/4240 4313/5123/4239 3853/4599/3779 4327/4603/4253
f 4322/5126/4248 4321/5125/4247 4330/4601/4256 4331/4605/4257
f 4315/5127/4241 4314/5124/4240 4327/4603/4253 3854/4607/3780
f 4323/5128/4249 4322/5126/4248 4331/4605/4257 4332/4609/4258
f 4316/5129/4242 4315/5127/4241 3854/4607/3780 3855/4611/3781
f 4309/5131/4235 3851/5140/3777 4324/4584/4250
f 3858/5141/3784 4323/5128/4249 4332/4609/4258
f 4317/5133/4243 4316/5129/4242 3855/4611/3781 3856/4588/3782
f 4310/5134/4236 4309/5131/4235 4324/4584/4250 4325/4583/4251
o thigh
v -0.447677 3.489788 -0.144730
v -0.496612 3.433178 -0.185510
v -0.471225 3.483412 -0.164353
v -0.489136 3.462691 -0.179280
v -0.507677 2.059788 -0.194731
v -0.551585 2.122999 -0.231321
v -0.530551 2.069465 -0.213793
v -0.546622 2.092602 -0.227186
v -0.472724 3.489455 -0.105134
v -0.530106 3.432732 -0.132563
v -0.500495 3.483022 -0.118082
v -0.521498 3.462260 -0.128122
v -0.532724 2.059455 -0.155135
v -0.585078 2.122553 -0.178375
v -0.559821 2.069075 -0.167522
v -0.578984 2.092171 -0.176028
v -0.486683 3.488477 -0.060418
v -0.548770 3.431424 -0.072770
v -0.516806 3.481879 -0.065827
v -0.539532 3.460997 -0.070348
v -0.546682 2.058477 -0.110419
v -0.603742 2.121246 -0.118581
v -0.576133 2.067932 -0.115267
v -0.597018 2.090907 -0.118254
v -0.488600 3.486921 -0.013629
v -0.551334 3.429344 -0.010204
v -0.519047 3.480062 -0.011150
v -0.542009 3.458987 -0.009896
v -0.548600 2.056921 -0.063630
v -0.606307 2.119166 -0.056015
v -0.578373 2.066114 -0.060590
v -0.599495 2.088898 -0.057802
v -0.478346 3.484894 0.032045
v -0.537623 3.426633 0.050870
v -0.507065 3.477693 0.042224
v -0.528761 3.456368 0.049114
v -0.538346 2.054894 -0.017957
v -0.592595 2.116455 0.005058
v -0.566391 2.063745 -0.007216
v -0.586248 2.086278 0.001208
v -0.456620 3.482533 0.073490
v -0.508571 3.423477 0.106290
v -0.481675 3.474934 0.090657
v -0.500691 3.453318 0.102662
v -0.516620 2.052533 0.023489
v -0.563543 2.113298 0.060478
v -0.541002 2.060987 0.041217
v -0.558177 2.083228 0.054756
v -0.424902 3.480000 0.107883
v -0.466158 3.420089 0.152279
v -0.444610 3.471973 0.130847
v -0.459711 3.450044 0.147098
v -0.484902 2.050000 0.057882
v -0.521131 2.109910 0.106467
v -0.503936 2.058026 0.081408
v -0.517197 2.079955 0.099191
v -0.385353 3.477466 0.132879
v -0.413274 3.416701 0.185703
v -0.398394 3.469013 0.160058
v -0.408614 3.446771 0.179393
v -0.445353 2.047466 0.082878
v -0.468247 2.106523 0.139892
v -0.457720 2.055066 0.110618
v -0.466100 2.076682 0.131487
v -0.340669 3.475106 0.146775
v -0.353524 3.413545 0.204285
v -0.346177 3.466254 0.176297
v -0.350882 3.443721 0.197347
v -0.400669 2.045106 0.096774
v -0.408497 2.103366 0.158474
v -0.405503 2.052307 0.126857
v -0.408368 2.073632 0.149441
v -0.293896 3.473078 0.148625
v -0.290979 3.410834 0.206758
v -0.291517 3.463885 0.178458
v -0.290450 3.441102 0.199737
v -0.353895 2.043078 0.098624
v -0.345952 2.100655 0.160947
v -0.350844 2.049938 0.129019
v -0.347936 2.071013 0.151830
v -0.248219 3.471523 0.138301
v -0.229902 3.408754 0.192954
v -0.238140 3.462067 0.166394
v -0.231436 3.439092 0.186399
v -0.308219 2.041523 0.088300
v -0.284874 2.098575 0.147143
v -0.297467 2.048120 0.116955
v -0.288922 2.069003 0.138492
v -0.206753 3.470545 0.116508
v -0.174454 3.407446 0.163813
v -0.189684 3.460925 0.140928
v -0.177861 3.437829 0.158242
v -0.266753 2.040545 0.066507
v -0.229427 2.097268 0.118002
v -0.249010 2.046978 0.091488
v -0.235347 2.067739 0.110336
v -0.172323 3.470212 0.084731
v -0.128415 3.407001 0.121321
v -0.149449 3.460535 0.103793
v -0.133378 3.437398 0.117186
v -0.232323 2.040212 0.034730
v -0.183388 2.096822 0.075510
v -0.208775 2.046588 0.054353
v -0.190864 2.067309 0.069280
v -0.147276 3.470545 0.045135
v -0.094922 3.407446 0.068375
v -0.120179 3.460925 0.057522
v -0.101016 3.437829 0.066028
v -0.207276 2.040545 -0.004866
v -0.149894 2.097268 0.022563
v -0.179505 2.046978 0.008082
v -0.158502 2.067740 0.018122
v -0.133318 3.471523 0.000419
v -0.076257 3.408754 0.008581
v -0.103867 3.462067 0.005267
v -0.082982 3.439092 0.008254
v -0.193317 2.041523 -0.049582
v -0.131230 2.098576 -0.037230
v -0.163194 2.048120 -0.044173
v -0.140468 2.069003 -0.039652
v -0.131400 3.473078 -0.046370
v -0.073693 3.410834 -0.053985
v -0.101627 3.463885 -0.049410
v -0.080505 3.441102 -0.052198
v -0.191400 2.043079 -0.096371
v -0.128666 2.100656 -0.099796
v -0.160953 2.049938 -0.098850
v -0.137991 2.071013 -0.100104
v -0.141654 3.475106 -0.092043
v -0.087405 3.413545 -0.115058
v -0.113609 3.466254 -0.102784
v -0.093753 3.443721 -0.111208
v -0.201654 2.045106 -0.142045
v -0.142377 2.103366 -0.160870
v -0.172935 2.052307 -0.152224
v -0.151239 2.073632 -0.159114
v -0.163380 3.477467 -0.133489
v -0.116457 3.416702 -0.170478
v -0.138998 3.469013 -0.151217
v -0.121823 3.446772 -0.164756
v -0.223380 2.047467 -0.183490
v -0.171429 2.106523 -0.216290
v -0.198325 2.055066 -0.200657
v -0.179309 2.076682 -0.212662
v -0.195098 3.480000 -0.167882
v -0.158870 3.420089 -0.216467
v -0.176064 3.471973 -0.191408
v -0.162803 3.450045 -0.209191
v -0.255098 2.050000 -0.217883
v -0.213842 2.109911 -0.262279
v -0.235390 2.058026 -0.240847
v -0.220289 2.079955 -0.257098
v -0.234647 3.482533 -0.192878
v -0.211753 3.423477 -0.249892
v -0.222280 3.474934 -0.220618
v -0.213900 3.453318 -0.241487
v -0.294647 2.052533 -0.242879
v -0.266726 2.113298 -0.295703
v -0.281606 2.060987 -0.270058
v -0.271386 2.083229 -0.289393
v -0.279331 3.484894 -0.206774
v -0.271503 3.426634 -0.268474
v -0.274497 3.477693 -0.236857
v -0.271632 3.456368 -0.259441
v -0.339331 2.054894 -0.256775
v -0.326476 2.116455 -0.314285
v -0.333823 2.063746 -0.286297
v -0.329118 2.086279 -0.307347
v -0.326105 3.486921 -0.208624
v -0.334048 3.429344 -0.270947
v -0.329156 3.480062 -0.239019
v -0.332064 3.458987 -0.261830
v -0.386104 2.056921 -0.258625
v -0.389021 2.119166 -0.316758
v -0.388483 2.066115 -0.288458
v -0.389550 2.088898 -0.309737
v -0.371781 3.488477 -0.198300
v -0.395126 3.431424 -0.257143
v -0.382533 3.481879 -0.226955
v -0.391078 3.460997 -0.248492
v -0.431781 2.058477 -0.248301
v -0.450098 2.121246 -0.302954
v -0.441860 2.067932 -0.276394
v -0.448564 2.090908 -0.296399
v -0.413247 3.489455 -0.176507
v -0.450573 3.432732 -0.228002
v -0.430990 3.483022 -0.201488
v -0.444653 3.462260 -0.220336
v -0.473247 2.059455 -0.226508
v -0.505546 2.122553 -0.273813
v -0.490316 2.069075 -0.250928
v -0.502139 2.092171 -0.268242
vn -0.8045 0.3107 -0.5063
vn -0.5672 0.7443 -0.3525
vn -0.1780 0.9785 -0.1044
vn -0.8262 -0.2062 -0.5243
vn -0.6265 -0.6678 -0.4019
vn -0.2589 -0.9505 -0.1718
vn -0.9103 0.3071 -0.2774
vn -0.6447 0.7417 -0.1850
vn -0.2064 0.9775 -0.0430
vn -0.9320 -0.2098 -0.2955
vn -0.7040 -0.6704 -0.2344
vn -0.2873 -0.9514 -0.1105
vn -0.9534 0.3002 -0.0291
vn -0.6763 0.7366 -0.0032
vn -0.2179 0.9757 0.0235
vn -0.9751 -0.2166 -0.0472
vn -0.7355 -0.6755 -0.0526
vn -0.2988 -0.9533 -0.0439
vn -0.9308 0.2905 0.2219
vn -0.6597 0.7295 0.1805
vn -0.2118 0.9731 0.0907
vn -0.9525 -0.2264 0.2038
vn -0.7190 -0.6826 0.1311
vn -0.2928 -0.9559 0.0233
vn -0.8440 0.2786 0.4583
vn -0.5962 0.7208 0.3536
vn -0.1886 0.9699 0.1541
vn -0.8657 -0.2383 0.4402
vn -0.6554 -0.6913 0.3042
vn -0.2695 -0.9591 0.0867
vn -0.6989 0.2653 0.6641
vn -0.4900 0.7111 0.5043
vn -0.1497 0.9663 0.2093
vn -0.7206 -0.2516 0.6461
vn -0.5492 -0.7010 0.4549
vn -0.2307 -0.9626 0.1418
vn -0.5055 0.2516 0.8253
vn -0.3484 0.7010 0.6223
vn -0.0979 0.9626 0.2524
vn -0.5272 -0.2653 0.8073
vn -0.4076 -0.7111 0.5729
vn -0.1788 -0.9663 0.1850
vn -0.2769 0.2383 0.9309
vn -0.1810 0.6913 0.6995
vn -0.0366 0.9591 0.2807
vn -0.2986 -0.2786 0.9128
vn -0.2403 -0.7208 0.6502
vn -0.1176 -0.9699 0.2133
vn -0.0287 0.2264 0.9736
vn 0.0007 0.6826 0.7308
vn 0.0299 0.9559 0.2922
vn -0.0504 -0.2905 0.9555
vn -0.0586 -0.7295 0.6814
vn -0.0511 -0.9731 0.2247
vn 0.2222 0.2166 0.9506
vn 0.1844 0.6755 0.7140
vn 0.0971 0.9533 0.2860
vn 0.2005 -0.3002 0.9325
vn 0.1251 -0.7366 0.6646
vn 0.0162 -0.9757 0.2186
vn 0.4587 0.2098 0.8635
vn 0.3575 0.6704 0.6502
vn 0.1605 0.9514 0.2627
vn 0.4371 -0.3071 0.8454
vn 0.2983 -0.7417 0.6008
vn 0.0795 -0.9775 0.1952
vn 0.6647 0.2062 0.7181
vn 0.5083 0.6678 0.5437
vn 0.2157 0.9505 0.2237
vn 0.6430 -0.3107 0.7000
vn 0.4491 -0.7443 0.4944
vn 0.1347 -0.9785 0.1563
vn 0.8262 0.2062 0.5243
vn 0.6265 0.6678 0.4019
vn 0.2589 0.9505 0.1718
vn 0.8045 -0.3107 0.5063
vn 0.5672 -0.7443 0.3525
vn 0.1780 -0.9785 0.1044
vn 0.9320 0.2098 0.2955
vn 0.7040 0.6704 0.2344
vn 0.2873 0.9514 0.1105
vn 0.9103 -0.3071 0.2774
vn 0.6447 -0.7417 0.1850
vn 0.2064 -0.9775 0.0430
vn 0.9751 0.2166 0.0472
vn 0.7355 0.6755 0.0526
vn 0.2988 0.9533 0.0439
vn 0.9534 -0.3002 0.0291
vn 0.6763 -0.7366 0.0032
vn 0.2179 -0.9757 -0.0235
vn 0.9525 0.2264 -0.2038
vn 0.7190 0.6826 -0.1311
vn 0.2928 0.9559 -0.0233
vn 0.9308 -0.2905 -0.2219
vn 0.6597 -0.7295 -0.1805
vn 0.2118 -0.9731 -0.0907
vn 0.8657 0.2383 -0.4402
vn 0.6554 0.6913 -0.3042
vn 0.2695 0.9591 -0.0867
vn 0.8440 -0.2786 -0.4583
vn 0.5962 -0.7208 -0.3536
vn 0.1886 -0.9699 -0.1541
vn 0.7206 0.2516 -0.6461
vn 0.5492 0.7010 -0.4549
vn 0.2307 0.9626 -0.1418
vn 0.6989 -0.2653 -0.6641
vn 0.4900 -0.7111 -0.5043
vn 0.1497 -0.9663 -0.2093
vn 0.5272 0.2653 -0.8073
vn 0.4076 0.7111 -0.5729
vn 0.1788 0.9663 -0.1850
vn 0.5055 -0.2516 -0.8253
vn 0.3484 -0.7010 -0.6223
vn 0.0979 -0.9626 -0.2524
vn 0.2986 0.2786 -0.9128
vn 0.2403 0.7208 -0.6502
vn 0.1176 0.9699 -0.2133
vn 0.2769 -0.2383 -0.9309
vn 0.1810 -0.6913 -0.6995
vn 0.0366 -0.9591 -0.2807
vn 0.0504 0.2905 -0.9555
vn 0.0586 0.7295 -0.6814
vn 0.0511 0.9731 -0.2247
vn 0.0287 -0.2264 -0.9736
vn -0.0007 -0.6826 -0.7308
vn -0.0299 -0.9559 -0.2922
vn -0.2005 0.3002 -0.9325
vn -0.1251 0.7366 -0.6646
vn -0.0162 0.9757 -0.2186
vn -0.2222 -0.2166 -0.9506
vn -0.1844 -0.6755 -0.7140
vn -0.0971 -0.9533 -0.2860
vn -0.4371 0.3071 -0.8454
vn -0.2983 0.7417 -0.6008
vn -0.0795 0.9775 -0.1952
vn -0.4587 -0.2098 -0.8635
vn -0.3575 -0.6704 -0.6502
vn -0.1605 -0.9514 -0.2627
vn -0.6430 0.3107 -0.7000
vn -0.4491 0.7443 -0.4944
vn -0.1347 0.9785 -0.1563
vn -0.6647 -0.2062 -0.7181
vn -0.5083 -0.6678 -0.5437
vn -0.2157 -0.9505 -0.2237
vn 0.0419 0.9985 0.0349
vn -0.8441 0.0541 -0.5335
vn -0.6770 0.0541 -0.7340
vn -0.0419 -0.9985 -0.0349
vn -0.9537 0.0504 -0.2966
vn -0.9983 0.0433 -0.0395
vn -0.9749 0.0332 0.2203
vn -0.8850 0.0209 0.4651
vn -0.7348 0.0071 0.6782
vn -0.5346 -0.0071 0.8451
vn -0.2979 -0.0209 0.9544
vn -0.0409 -0.0332 0.9986
vn 0.2188 -0.0433 0.9748
vn 0.4637 -0.0504 0.8846
vn 0.6770 -0.0541 0.7340
vn 0.8441 -0.0541 0.5335
vn 0.9537 -0.0504 0.2966
vn 0.9983 -0.0433 0.0395
vn 0.9749 -0.0332 -0.2203
vn 0.8850 -0.0209 -0.4651
vn 0.7348 -0.0071 -0.6782
vn 0.5346 0.0071 -0.8451
vn 0.2979 0.0209 -0.9544
vn 0.0409 0.0332 -0.9986
vn -0.2188 0.0433 -0.9748
vn -0.4637 0.0504 -0.8846
vt 1.000000 0.520948
vt 0.958333 0.520948
vt 0.958333 0.500000
vt 0.999296 0.500000
vt 0.750000 0.489862
vt 0.812081 0.481689
vt 0.804285 0.452594
vt 0.750000 0.459741
vt 0.796453 0.423367
vt 0.750000 0.429482
vt 0.958333 0.979052
vt 1.000000 0.979052
vt 0.999296 1.000000
vt 0.958333 1.000000
vt 0.312081 0.481689
vt 0.250000 0.489862
vt 0.250000 0.459741
vt 0.304285 0.452594
vt 0.250000 0.429482
vt 0.296453 0.423367
vt 0.916667 0.520948
vt 0.916667 0.500000
vt 0.869931 0.457726
vt 0.854870 0.431641
vt 0.839741 0.405436
vt 0.916667 0.979052
vt 0.916667 1.000000
vt 0.369931 0.457726
vt 0.354871 0.431641
vt 0.339741 0.405436
vt 0.875000 0.520948
vt 0.875000 0.500000
vt 0.919608 0.419608
vt 0.898309 0.398309
vt 0.876913 0.376913
vt 0.875000 0.979052
vt 0.875000 1.000000
vt 0.419608 0.419608
vt 0.398309 0.398309
vt 0.376913 0.376913
vt 0.833333 0.520948
vt 0.833333 0.500000
vt 0.957726 0.369931
vt 0.931641 0.354871
vt 0.905436 0.339741
vt 0.833333 0.979052
vt 0.833333 1.000000
vt 0.457726 0.369931
vt 0.431641 0.354871
vt 0.405436 0.339741
vt 0.791667 0.520948
vt 0.791667 0.500000
vt 0.981689 0.312081
vt 0.952594 0.304285
vt 0.923367 0.296453
vt 0.791667 0.979052
vt 0.791667 1.000000
vt 0.481689 0.312081
vt 0.452594 0.304285
vt 0.423367 0.296453
vt 0.750000 0.520948
vt 0.750000 0.500000
vt 0.989862 0.250000
vt 0.959741 0.250000
vt 0.929482 0.250000
vt 0.750000 0.979052
vt 0.750000 1.000000
vt 0.489862 0.250000
vt 0.459741 0.250000
vt 0.429482 0.250000
vt 0.708333 0.520948
vt 0.708333 0.500000
vt 0.981689 0.187919
vt 0.952594 0.195715
vt 0.923366 0.203547
vt 0.708333 0.979052
vt 0.708333 1.000000
vt 0.481689 0.187919
vt 0.452594 0.195715
vt 0.423367 0.203547
vt 0.666667 0.520948
vt 0.666667 0.500000
vt 0.957726 0.130069
vt 0.931641 0.145129
vt 0.905436 0.160259
vt 0.666667 0.979052
vt 0.666667 1.000000
vt 0.457726 0.130069
vt 0.431641 0.145129
vt 0.405436 0.160259
vt 0.625000 0.520948
vt 0.625000 0.500000
vt 0.919608 0.080392
vt 0.898309 0.101691
vt 0.876913 0.123087
vt 0.625000 0.979052
vt 0.625000 1.000000
vt 0.419608 0.080392
vt 0.398309 0.101691
vt 0.376913 0.123087
vt 0.583333 0.520948
vt 0.583333 0.500000
vt 0.869931 0.042274
vt 0.854870 0.068359
vt 0.839741 0.094564
vt 0.583333 0.979052
vt 0.583333 1.000000
vt 0.369931 0.042274
vt 0.354871 0.068359
vt 0.339741 0.094564
vt 0.541666 0.520948
vt 0.541666 0.500000
vt 0.812081 0.018311
vt 0.804285 0.047406
vt 0.796453 0.076633
vt 0.541666 0.979052
vt 0.541666 1.000000
vt 0.312081 0.018311
vt 0.304285 0.047406
vt 0.296453 0.076633
vt 0.500000 0.520948
vt 0.500000 0.500000
vt 0.750000 0.010138
vt 0.750000 0.040259
vt 0.750000 0.070518
vt 0.500000 0.979052
vt 0.500000 1.000000
vt 0.250000 0.010138
vt 0.250000 0.040259
vt 0.250000 0.070518
vt 0.458333 0.520948
vt 0.458333 0.500000
vt 0.687919 0.018311
vt 0.695715 0.047406
vt 0.703547 0.076633
vt 0.458333 0.979052
vt 0.458333 1.000000
vt 0.187919 0.018311
vt 0.195715 0.047406
vt 0.203547 0.076633
vt 0.416666 0.520948
vt 0.416667 0.500000
vt 0.630069 0.042274
vt 0.645129 0.068359
vt 0.660259 0.094564
vt 0.416666 0.979052
vt 0.416666 1.000000
vt 0.130069 0.042274
vt 0.145129 0.068359
vt 0.160259 0.094564
vt 0.375000 0.520948
vt 0.375000 0.500000
vt 0.580392 0.080392
vt 0.601691 0.101691
vt 0.623087 0.123087
vt 0.375000 0.979052
vt 0.375000 1.000000
vt 0.080392 0.080392
vt 0.101691 0.101691
vt 0.123087 0.123087
vt 0.333333 0.520948
vt 0.333333 0.500000
vt 0.542274 0.130069
vt 0.568359 0.145129
vt 0.594564 0.160259
vt 0.333333 0.979052
vt 0.333333 1.000000
vt 0.042274 0.130069
vt 0.068359 0.145129
vt 0.094564 0.160259
vt 0.291667 0.520948
vt 0.291667 0.500000
vt 0.518311 0.187919
vt 0.547406 0.195715
vt 0.576634 0.203547
vt 0.291667 0.979052
vt 0.291667 1.000000
vt 0.018311 0.187919
vt 0.047406 0.195715
vt 0.076633 0.203547
vt 0.250000 0.520948
vt 0.250000 0.500000
vt 0.510138 0.250000
vt 0.540259 0.250000
vt 0.570518 0.250000
vt 0.250000 0.979052
vt 0.250000 1.000000
vt 0.010138 0.250000
vt 0.040259 0.250000
vt 0.070518 0.250000
vt 0.208333 0.520948
vt 0.208333 0.500000
vt 0.518311 0.312081
vt 0.547406 0.304285
vt 0.576633 0.296453
vt 0.208333 0.979052
vt 0.208333 1.000000
vt 0.018311 0.312081
vt 0.047406 0.304285
vt 0.076633 0.296453
vt 0.166666 0.520948
vt 0.166667 0.500000
vt 0.542274 0.369931
vt 0.568359 0.354871
vt 0.594564 0.339741
vt 0.166666 0.979052
vt 0.166666 1.000000
vt 0.042274 0.369931
vt 0.068359 0.354871
vt 0.094564 0.339741
vt 0.125000 0.520948
vt 0.125000 0.500000
vt 0.580392 0.419608
vt 0.601691 0.398309
vt 0.623087 0.376913
vt 0.125000 0.979052
vt 0.125000 1.000000
vt 0.080392 0.419608
vt 0.101691 0.398309
vt 0.123087 0.376913
vt 0.083333 0.520948
vt 0.083333 0.500000
vt 0.630069 0.457726
vt 0.645130 0.431641
vt 0.660259 0.405436
vt 0.083333 0.979052
vt 0.083333 1.000000
vt 0.130069 0.457726
vt 0.145129 0.431641
vt 0.160259 0.405436
vt 0.041666 0.520948
vt 0.041666 0.500000
vt 0.687919 0.481689
vt 0.695715 0.452594
vt 0.703547 0.423367
vt 0.041666 0.979052
vt 0.041666 1.000000
vt 0.187919 0.481689
vt 0.195715 0.452594
vt 0.203547 0.423367
vt -0.000000 0.520948
vt 0.000704 0.500000
vt -0.000000 0.979052
vt 0.000704 1.000000
s 0
usemtl trousers
f 4334/5142/4259 4342/5143/4259 4344/5144/4259 4336/5145/4259
f 4336/5146/4260 4344/5147/4260 4343/5148/4260 4335/5149/4260
f 4335/5149/4261 4343/5148/4261 4341/5150/4261 4333/5151/4261
f 4346/5152/4262 4338/5153/4262 4340/5154/4262 4348/5155/4262
f 4348/5156/4263 4340/5157/4263 4339/5158/4263 4347/5159/4263
f 4347/5159/4264 4339/5158/4264 4337/5160/4264 4345/5161/4264
f 4342/5143/4265 4350/5162/4265 4352/5163/4265 4344/5144/4265
f 4344/5147/4266 4352/5164/4266 4351/5165/4266 4343/5148/4266
f 4343/5148/4267 4351/5165/4267 4349/5166/4267 4341/5150/4267
f 4354/5167/4268 4346/5152/4268 4348/5155/4268 4356/5168/4268
f 4356/5169/4269 4348/5156/4269 4347/5159/4269 4355/5170/4269
f 4355/5170/4270 4347/5159/4270 4345/5161/4270 4353/5171/4270
f 4350/5162/4271 4358/5172/4271 4360/5173/4271 4352/5163/4271
f 4352/5164/4272 4360/5174/4272 4359/5175/4272 4351/5165/4272
f 4351/5165/4273 4359/5175/4273 4357/5176/4273 4349/5166/4273
f 4362/5177/4274 4354/5167/4274 4356/5168/4274 4364/5178/4274
f 4364/5179/4275 4356/5169/4275 4355/5170/4275 4363/5180/4275
f 4363/5180/4276 4355/5170/4276 4353/5171/4276 4361/5181/4276
f 4358/5172/4277 4366/5182/4277 4368/5183/4277 4360/5173/4277
f 4360/5174/4278 4368/5184/4278 4367/5185/4278 4359/5175/4278
f 4359/5175/4279 4367/5185/4279 4365/5186/4279 4357/5176/4279
f 4370/5187/4280 4362/5177/4280 4364/5178/4280 4372/5188/4280
f 4372/5189/4281 4364/5179/4281 4363/5180/4281 4371/5190/4281
f 4371/5190/4282 4363/5180/4282 4361/5181/4282 4369/5191/4282
f 4366/5182/4283 4374/5192/4283 4376/5193/4283 4368/5183/4283
f 4368/5184/4284 4376/5194/4284 4375/5195/4284 4367/5185/4284
f 4367/5185/4285 4375/5195/4285 4373/5196/4285 4365/5186/4285
f 4378/5197/4286 4370/5187/4286 4372/5188/4286 4380/5198/4286
f 4380/5199/4287 4372/5189/4287 4371/5190/4287 4379/5200/4287
f 4379/5200/4288 4371/5190/4288 4369/5191/4288 4377/5201/4288
f 4374/5192/4289 4382/5202/4289 4384/5203/4289 4376/5193/4289
f 4376/5194/4290 4384/5204/4290 4383/5205/4290 4375/5195/4290
f 4375/5195/4291 4383/5205/4291 4381/5206/4291 4373/5196/4291
f 4386/5207/4292 4378/5197/4292 4380/5198/4292 4388/5208/4292
f 4388/5209/4293 4380/5199/4293 4379/5200/4293 4387/5210/4293
f 4387/5210/4294 4379/5200/4294 4377/5201/4294 4385/5211/4294
f 4382/5202/4295 4390/5212/4295 4392/5213/4295 4384/5203/4295
f 4384/5204/4296 4392/5214/4296 4391/5215/4296 4383/5205/4296
f 4383/5205/4297 4391/5215/4297 4389/5216/4297 4381/5206/4297
f 4394/5217/4298 4386/5207/4298 4388/5208/4298 4396/5218/4298
f 4396/5219/4299 4388/5209/4299 4387/5210/4299 4395/5220/4299
f 4395/5220/4300 4387/5210/4300 4385/5211/4300 4393/5221/4300
f 4390/5212/4301 4398/5222/4301 4400/5223/4301 4392/5213/4301
f 4392/5214/4302 4400/5224/4302 4399/5225/4302 4391/5215/4302
f 4391/5215/4303 4399/5225/4303 4397/5226/4303 4389/5216/4303
f 4402/5227/4304 4394/5217/4304 4396/5218/4304 4404/5228/4304
f 4404/5229/4305 4396/5219/4305 4395/5220/4305 4403/5230/4305
f 4403/5230/4306 4395/5220/4306 4393/5221/4306 4401/5231/4306
f 4398/5222/4307 4406/5232/4307 4408/5233/4307 4400/5223/4307
f 4400/5224/4308 4408/5234/4308 4407/5235/4308 4399/5225/4308
f 4399/5225/4309 4407/5235/4309 4405/5236/4309 4397/5226/4309
f 4410/5237/4310 4402/5227/4310 4404/5228/4310 4412/5238/4310
f 4412/5239/4311 4404/5229/4311 4403/5230/4311 4411/5240/4311
f 4411/5240/4312 4403/5230/4312 4401/5231/4312 4409/5241/4312
f 4406/5232/4313 4414/5242/4313 4416/5243/4313 4408/5233/4313
f 4408/5234/4314 4416/5244/4314 4415/5245/4314 4407/5235/4314
f 4407/5235/4315 4415/5245/4315 4413/5246/4315 4405/5236/4315
f 4418/5247/4316 4410/5237/4316 4412/5238/4316 4420/5248/4316
f 4420/5249/4317 4412/5239/4317 4411/5240/4317 4419/5250/4317
f 4419/5250/4318 4411/5240/4318 4409/5241/4318 4417/5251/4318
f 4414/5242/4319 4422/5252/4319 4424/5253/4319 4416/5243/4319
f 4416/5244/4320 4424/5254/4320 4423/5255/4320 4415/5245/4320
f 4415/5245/4321 4423/5255/4321 4421/5256/4321 4413/5246/4321
f 4426/5257/4322 4418/5247/4322 4420/5248/4322 4428/5258/4322
f 4428/5259/4323 4420/5249/4323 4419/5250/4323 4427/5260/4323
f 4427/5260/4324 4419/5250/4324 4417/5251/4324 4425/5261/4324
f 4422/5252/4325 4430/5262/4325 4432/5263/4325 4424/5253/4325
f 4424/5254/4326 4432/5264/4326 4431/5265/4326 4423/5255/4326
f 4423/5255/4327 4431/5265/4327 4429/5266/4327 4421/5256/4327
f 4434/5267/4328 4426/5257/4328 4428/5258/4328 4436/5268/4328
f 4436/5269/4329 4428/5259/4329 4427/5260/4329 4435/5270/4329
f 4435/5270/4330 4427/5260/4330 4425/5261/4330 4433/5271/4330
f 4430/5262/4331 4438/5272/4331 4440/5273/4331 4432/5263/4331
f 4432/5264/4332 4440/5274/4332 4439/5275/4332 4431/5265/4332
f 4431/5265/4333 4439/5275/4333 4437/5276/4333 4429/5266/4333
f 4442/5277/4334 4434/5267/4334 4436/5268/4334 4444/5278/4334
f 4444/5279/4335 4436/5269/4335 4435/5270/4335 4443/5280/4335
f 4443/5280/4336 4435/5270/4336 4433/5271/4336 4441/5281/4336
f 4438/5272/4337 4446/5282/4337 4448/5283/4337 4440/5273/4337
f 4440/5274/4338 4448/5284/4338 4447/5285/4338 4439/5275/4338
f 4439/5275/4339 4447/5285/4339 4445/5286/4339 4437/5276/4339
f 4450/5287/4340 4442/5277/4340 4444/5278/4340 4452/5288/4340
f 4452/5289/4341 4444/5279/4341 4443/5280/4341 4451/5290/4341
f 4451/5290/4342 4443/5280/4342 4441/5281/4342 4449/5291/4342
f 4446/5282/4343 4454/5292/4343 4456/5293/4343 4448/5283/4343
f 4448/5284/4344 4456/5294/4344 4455/5295/4344 4447/5285/4344
f 4447/5285/4345 4455/5295/4345 4453/5296/4345 4445/5286/4345
f 4458/5297/4346 4450/5287/4346 4452/5288/4346 4460/5298/4346
f 4460/5299/4347 4452/5289/4347 4451/5290/4347 4459/5300/4347
f 4459/5300/4348 4451/5290/4348 4449/5291/4348 4457/5301/4348
f 4454/5292/4349 4462/5302/4349 4464/5303/4349 4456/5293/4349
f 4456/5294/4350 4464/5304/4350 4463/5305/4350 4455/5295/4350
f 4455/5295/4351 4463/5305/4351 4461/5306/4351 4453/5296/4351
f 4466/5307/4352 4458/5297/4352 4460/5298/4352 4468/5308/4352
f 4468/5309/4353 4460/5299/4353 4459/5300/4353 4467/5310/4353
f 4467/5310/4354 4459/5300/4354 4457/5301/4354 4465/5311/4354
f 4462/5302/4355 4470/5312/4355 4472/5313/4355 4464/5303/4355
f 4464/5304/4356 4472/5314/4356 4471/5315/4356 4463/5305/4356
f 4463/5305/4357 4471/5315/4357 4469/5316/4357 4461/5306/4357
f 4474/5317/4358 4466/5307/4358 4468/5308/4358 4476/5318/4358
f 4476/5319/4359 4468/5309/4359 4467/5310/4359 4475/5320/4359
f 4475/5320/4360 4467/5310/4360 4465/5311/4360 4473/5321/4360
f 4470/5312/4361 4478/5322/4361 4480/5323/4361 4472/5313/4361
f 4472/5314/4362 4480/5324/4362 4479/5325/4362 4471/5315/4362
f 4471/5315/4363 4479/5325/4363 4477/5326/4363 4469/5316/4363
f 4482/5327/4364 4474/5317/4364 4476/5318/4364 4484/5328/4364
f 4484/5329/4365 4476/5319/4365 4475/5320/4365 4483/5330/4365
f 4483/5330/4366 4475/5320/4366 4473/5321/4366 4481/5331/4366
f 4478/5322/4367 4486/5332/4367 4488/5333/4367 4480/5323/4367
f 4480/5324/4368 4488/5334/4368 4487/5335/4368 4479/5325/4368
f 4479/5325/4369 4487/5335/4369 4485/5336/4369 4477/5326/4369
f 4490/5337/4370 4482/5327/4370 4484/5328/4370 4492/5338/4370
f 4492/5339/4371 4484/5329/4371 4483/5330/4371 4491/5340/4371
f 4491/5340/4372 4483/5330/4372 4481/5331/4372 4489/5341/4372
f 4486/5332/4373 4494/5342/4373 4496/5343/4373 4488/5333/4373
f 4488/5334/4374 4496/5344/4374 4495/5345/4374 4487/5335/4374
f 4487/5335/4375 4495/5345/4375 4493/5346/4375 4485/5336/4375
f 4498/5347/4376 4490/5337/4376 4492/5338/4376 4500/5348/4376
f 4500/5349/4377 4492/5339/4377 4491/5340/4377 4499/5350/4377
f 4499/5350/4378 4491/5340/4378 4489/5341/4378 4497/5351/4378
f 4494/5342/4379 4502/5352/4379 4504/5353/4379 4496/5343/4379
f 4496/5344/4380 4504/5354/4380 4503/5355/4380 4495/5345/4380
f 4495/5345/4381 4503/5355/4381 4501/5356/4381 4493/5346/4381
f 4506/5357/4382 4498/5347/4382 4500/5348/4382 4508/5358/4382
f 4508/5359/4383 4500/5349/4383 4499/5350/4383 4507/5360/4383
f 4507/5360/4384 4499/5350/4384 4497/5351/4384 4505/5361/4384
f 4502/5352/4385 4510/5362/4385 4512/5363/4385 4504/5353/4385
f 4504/5354/4386 4512/5364/4386 4511/5365/4386 4503/5355/4386
f 4503/5355/4387 4511/5365/4387 4509/5366/4387 4501/5356/4387
f 4514/5367/4388 4506/5357/4388 4508/5358/4388 4516/5368/4388
f 4516/5369/4389 4508/5359/4389 4507/5360/4389 4515/5370/4389
f 4515/5370/4390 4507/5360/4390 4505/5361/4390 4513/5371/4390
f 4510/5362/4391 4518/5372/4391 4520/5373/4391 4512/5363/4391
f 4512/5364/4392 4520/5374/4392 4519/5375/4392 4511/5365/4392
f 4511/5365/4393 4519/5375/4393 4517/5376/4393 4509/5366/4393
f 4522/5377/4394 4514/5367/4394 4516/5368/4394 4524/5378/4394
f 4524/5379/4395 4516/5369/4395 4515/5370/4395 4523/5380/4395
f 4523/5380/4396 4515/5370/4396 4513/5371/4396 4521/5381/4396
f 4518/5372/4397 4334/5382/4397 4336/5383/4397 4520/5373/4397
f 4520/5374/4398 4336/5146/4398 4335/5149/4398 4519/5375/4398
f 4519/5375/4399 4335/5149/4399 4333/5151/4399 4517/5376/4399
f 4338/5384/4400 4522/5377/4400 4524/5378/4400 4340/5385/4400
f 4340/5157/4401 4524/5379/4401 4523/5380/4401 4339/5158/4401
f 4339/5158/4402 4523/5380/4402 4521/5381/4402 4337/5160/4402
f 4333/5151/4403 4341/5150/4403 4349/5166/4403 4357/5176/4403 4365/5186/4403 4373/5196/4403 4381/5206/4403 4389/5216/4403 4397/5226/4403 4405/5236/4403 4413/5246/4403 4421/5256/4403 4429/5266/4403 4437/5276/4403 4445/5286/4403 4453/5296/4403 4461/5306/4403 4469/5316/4403 4477/5326/4403 4485/5336/4403 4493/5346/4403 4501/5356/4403 4509/5366/4403 4517/5376/4403
f 4334/5142/4404 4338/5153/4404 4346/5152/4404 4342/5143/4404
f 4518/5372/4405 4522/5377/4405 4338/5384/4405 4334/5382/4405
f 4345/5161/4406 4337/5160/4406 4521/5381/4406 4513/5371/4406 4505/5361/4406 4497/5351/4406 4489/5341/4406 4481/5331/4406 4473/5321/4406 4465/5311/4406 4457/5301/4406 4449/5291/4406 4441/5281/4406 4433/5271/4406 4425/5261/4406 4417/5251/4406 4409/5241/4406 4401/5231/4406 4393/5221/4406 4385/5211/4406 4377/5201/4406 4369/5191/4406 4361/5181/4406 4353/5171/4406
f 4342/5143/4407 4346/5152/4407 4354/5167/4407 4350/5162/4407
f 4350/5162/4408 4354/5167/4408 4362/5177/4408 4358/5172/4408
f 4358/5172/4409 4362/5177/4409 4370/5187/4409 4366/5182/4409
f 4366/5182/4410 4370/5187/4410 4378/5197/4410 4374/5192/4410
f 4374/5192/4411 4378/5197/4411 4386/5207/4411 4382/5202/4411
f 4382/5202/4412 4386/5207/4412 4394/5217/4412 4390/5212/4412
f 4390/5212/4413 4394/5217/4413 4402/5227/4413 4398/5222/4413
f 4398/5222/4414 4402/5227/4414 4410/5237/4414 4406/5232/4414
f 4406/5232/4415 4410/5237/4415 4418/5247/4415 4414/5242/4415
f 4414/5242/4416 4418/5247/4416 4426/5257/4416 4422/5252/4416
f 4422/5252/4417 4426/5257/4417 4434/5267/4417 4430/5262/4417
f 4430/5262/4418 4434/5267/4418 4442/5277/4418 4438/5272/4418
f 4438/5272/4419 4442/5277/4419 4450/5287/4419 4446/5282/4419
f 4446/5282/4420 4450/5287/4420 4458/5297/4420 4454/5292/4420
f 4454/5292/4421 4458/5297/4421 4466/5307/4421 4462/5302/4421
f 4462/5302/4422 4466/5307/4422 4474/5317/4422 4470/5312/4422
f 4470/5312/4423 4474/5317/4423 4482/5327/4423 4478/5322/4423
f 4478/5322/4424 4482/5327/4424 4490/5337/4424 4486/5332/4424
f 4486/5332/4425 4490/5337/4425 4498/5347/4425 4494/5342/4425
f 4494/5342/4426 4498/5347/4426 4506/5357/4426 4502/5352/4426
f 4502/5352/4427 4506/5357/4427 4514/5367/4427 4510/5362/4427
f 4510/5362/4428 4514/5367/4428 4522/5377/4428 4518/5372/4428
o shin
v -0.477589 2.056757 -0.151726
v -0.530479 1.999996 -0.186987
v -0.503081 2.050308 -0.168721
v -0.522440 2.029532 -0.181627
v -0.537589 0.676757 -0.191725
v -0.585269 0.739833 -0.223512
v -0.562383 0.686363 -0.208255
v -0.579835 0.709451 -0.219889
v -0.492512 2.056526 -0.121398
v -0.552378 1.999659 -0.142484
v -0.521491 2.050024 -0.131305
v -0.543404 2.029209 -0.139023
v -0.552512 0.676527 -0.161397
v -0.607167 0.739495 -0.179009
v -0.580793 0.686079 -0.170839
v -0.600798 0.709127 -0.177285
v -0.499087 2.055851 -0.088249
v -0.562025 1.998668 -0.093841
v -0.529602 2.049191 -0.090409
v -0.552639 2.028261 -0.092456
v -0.559087 0.675852 -0.128248
v -0.616814 0.738505 -0.130367
v -0.588904 0.685247 -0.129943
v -0.610034 0.708179 -0.130719
v -0.496864 2.054778 -0.054538
v -0.558763 1.997093 -0.044374
v -0.526860 2.047867 -0.048820
v -0.549517 2.026752 -0.045100
v -0.556864 0.674778 -0.094537
v -0.613553 0.736929 -0.080899
v -0.586162 0.683922 -0.088354
v -0.606912 0.706671 -0.083362
v -0.485996 2.053378 -0.022562
v -0.542815 1.995039 0.002548
v -0.513452 2.046140 -0.009371
v -0.534249 2.024787 -0.000181
v -0.545996 0.673379 -0.062561
v -0.597605 0.734876 -0.033978
v -0.572754 0.682195 -0.048905
v -0.591644 0.704705 -0.038443
v -0.467223 2.051749 0.005500
v -0.515268 1.992648 0.043725
v -0.490292 2.044130 0.025248
v -0.507877 2.022498 0.039240
v -0.527223 0.671749 -0.034499
v -0.570058 0.732485 0.007199
v -0.549594 0.680185 -0.014285
v -0.565272 0.702416 0.000977
v -0.441824 2.050000 0.027735
v -0.477998 1.990082 0.076352
v -0.458957 2.041973 0.052679
v -0.472198 2.020041 0.070475
v -0.501824 0.670000 -0.012264
v -0.532788 0.729918 0.039827
v -0.518259 0.678028 0.013146
v -0.529593 0.699959 0.032212
v -0.411530 2.048251 0.042628
v -0.433546 1.987516 0.098206
v -0.421585 2.039815 0.071053
v -0.429643 2.017584 0.091396
v -0.471530 0.668251 0.002629
v -0.488336 0.727352 0.061681
v -0.480887 0.675870 0.031519
v -0.487038 0.697503 0.053134
v -0.378407 2.046622 0.049164
v -0.384941 1.985124 0.107797
v -0.380720 2.037805 0.079116
v -0.383112 2.015295 0.100577
v -0.438407 0.666622 0.009165
v -0.439731 0.724961 0.071272
v -0.440022 0.673860 0.039583
v -0.440507 0.695213 0.062315
v -0.344710 2.045222 0.046898
v -0.335495 1.983071 0.104472
v -0.339149 2.036078 0.076321
v -0.335776 2.013329 0.097394
v -0.404710 0.665222 0.006899
v -0.390285 0.722908 0.067946
v -0.398451 0.672133 0.036787
v -0.393171 0.693248 0.059132
v -0.312737 2.044148 0.035984
v -0.288579 1.981495 0.088456
v -0.299704 2.034754 0.062856
v -0.290862 2.011821 0.082062
v -0.372737 0.664149 -0.004015
v -0.343368 0.721332 0.051931
v -0.359006 0.670809 0.023322
v -0.348257 0.691739 0.043800
v -0.284666 2.043473 0.017166
v -0.247388 1.980505 0.060843
v -0.265074 2.033921 0.039640
v -0.251429 2.010873 0.055627
v -0.344666 0.663474 -0.022833
v -0.302178 0.720341 0.024317
v -0.324376 0.669976 0.000106
v -0.308824 0.690791 0.017364
v -0.262411 2.043243 -0.008275
v -0.214731 1.980167 0.023512
v -0.237617 2.033637 0.008255
v -0.220165 2.010549 0.019889
v -0.322411 0.663243 -0.048273
v -0.269521 0.720004 -0.013013
v -0.296919 0.669692 -0.031279
v -0.277560 0.690468 -0.018373
v -0.247488 2.043473 -0.038603
v -0.192833 1.980505 -0.020991
v -0.219207 2.033921 -0.029161
v -0.199202 2.010873 -0.022715
v -0.307488 0.663474 -0.078602
v -0.247622 0.720341 -0.057516
v -0.278509 0.669976 -0.068695
v -0.256596 0.690791 -0.060977
v -0.240913 2.044148 -0.071752
v -0.183186 1.981495 -0.069633
v -0.211096 2.034754 -0.070057
v -0.189966 2.011821 -0.069281
v -0.300913 0.664149 -0.111751
v -0.237975 0.721332 -0.106159
v -0.270398 0.670808 -0.109591
v -0.247361 0.691739 -0.107544
v -0.243136 2.045222 -0.105463
v -0.186447 1.983071 -0.119101
v -0.213838 2.036078 -0.111646
v -0.193088 2.013329 -0.116638
v -0.303136 0.665222 -0.145462
v -0.241237 0.722907 -0.155626
v -0.273140 0.672133 -0.151180
v -0.250483 0.693247 -0.154900
v -0.254004 2.046622 -0.137439
v -0.202395 1.985124 -0.166022
v -0.227246 2.037805 -0.151095
v -0.208356 2.015295 -0.161557
v -0.314004 0.666622 -0.177438
v -0.257185 0.724961 -0.202548
v -0.286548 0.673860 -0.190629
v -0.265751 0.695213 -0.199819
v -0.272777 2.048251 -0.165501
v -0.229942 1.987515 -0.207199
v -0.250406 2.039815 -0.185715
v -0.234728 2.017584 -0.200977
v -0.332777 0.668251 -0.205500
v -0.284732 0.727352 -0.243725
v -0.309708 0.675870 -0.225248
v -0.292123 0.697502 -0.239240
v -0.298176 2.050000 -0.187736
v -0.267212 1.990082 -0.239827
v -0.281741 2.041972 -0.213146
v -0.270407 2.020041 -0.232212
v -0.358176 0.670000 -0.227735
v -0.322002 0.729918 -0.276352
v -0.341043 0.678027 -0.252679
v -0.327802 0.699959 -0.270475
v -0.328470 2.051749 -0.202629
v -0.311664 1.992648 -0.261681
v -0.319113 2.044130 -0.231519
v -0.312962 2.022497 -0.253134
v -0.388470 0.671749 -0.242628
v -0.366454 0.732484 -0.298206
v -0.378415 0.680185 -0.271053
v -0.370357 0.702416 -0.291396
v -0.361593 2.053378 -0.209165
v -0.360269 1.995039 -0.271272
v -0.359978 2.046140 -0.239583
v -0.359493 2.024786 -0.262315
v -0.421593 0.673378 -0.249164
v -0.415059 0.734876 -0.307797
v -0.419280 0.682195 -0.279116
v -0.416888 0.704705 -0.300577
v -0.395290 2.054778 -0.206899
v -0.409715 1.997092 -0.267946
v -0.401549 2.047867 -0.236787
v -0.406829 2.026752 -0.259132
v -0.455290 0.674778 -0.246898
v -0.464505 0.736929 -0.304472
v -0.460851 0.683922 -0.276321
v -0.464224 0.706671 -0.297394
v -0.427263 2.055851 -0.195985
v -0.456632 1.998668 -0.251931
v -0.440994 2.049191 -0.223322
v -0.451743 2.028261 -0.243800
v -0.487263 0.675852 -0.235984
v -0.511421 0.738505 -0.288456
v -0.500296 0.685246 -0.262856
v -0.509138 0.708179 -0.282062
v -0.455334 2.056526 -0.177167
v -0.497822 1.999659 -0.224317
v -0.475624 2.050024 -0.200106
v -0.491176 2.029209 -0.217364
v -0.515334 0.676527 -0.217166
v -0.552612 0.739495 -0.260843
v -0.534926 0.686079 -0.239640
v -0.548571 0.709127 -0.255627
vn -0.8544 0.3084 -0.4181
vn -0.6030 0.7427 -0.2911
vn -0.1900 0.9780 -0.0861
vn -0.8769 -0.2085 -0.4331
vn -0.6644 -0.6696 -0.3320
vn -0.2739 -0.9512 -0.1420
vn -0.9353 0.3050 -0.1793
vn -0.6622 0.7402 -0.1163
vn -0.2117 0.9771 -0.0221
vn -0.9578 -0.2119 -0.1943
vn -0.7236 -0.6721 -0.1572
vn -0.2956 -0.9521 -0.0780
vn -0.9517 0.2985 0.0723
vn -0.6742 0.7354 0.0679
vn -0.2161 0.9753 0.0453
vn -0.9742 -0.2185 0.0573
vn -0.7356 -0.6769 0.0269
vn -0.3000 -0.9539 -0.0106
vn -0.9024 0.2892 0.3194
vn -0.6382 0.7286 0.2488
vn -0.2029 0.9728 0.1115
vn -0.9249 -0.2278 0.3044
vn -0.6996 -0.6837 0.2078
vn -0.2868 -0.9564 0.0556
vn -0.7909 0.2778 0.5453
vn -0.5565 0.7203 0.4141
vn -0.1730 0.9698 0.1721
vn -0.8134 -0.2392 0.5303
vn -0.6179 -0.6920 0.3732
vn -0.2569 -0.9594 0.1161
vn -0.6247 0.2650 0.7345
vn -0.4349 0.7110 0.5527
vn -0.1285 0.9664 0.2228
vn -0.6472 -0.2519 0.7195
vn -0.4963 -0.7013 0.5117
vn -0.2123 -0.9628 0.1668
vn -0.4152 0.2519 0.8742
vn -0.2815 0.7013 0.6549
vn -0.0723 0.9628 0.2602
vn -0.4377 -0.2650 0.8592
vn -0.3429 -0.7110 0.6140
vn -0.1562 -0.9664 0.2043
vn -0.1766 0.2392 0.9548
vn -0.1068 0.6920 0.7139
vn -0.0084 0.9594 0.2818
vn -0.1991 -0.2778 0.9398
vn -0.1682 -0.7203 0.6730
vn -0.0923 -0.9698 0.2259
vn 0.0748 0.2278 0.9708
vn 0.0772 0.6837 0.7257
vn 0.0590 0.9564 0.2861
vn 0.0523 -0.2891 0.9559
vn 0.0158 -0.7286 0.6848
vn -0.0249 -0.9728 0.2302
vn 0.3218 0.2185 0.9213
vn 0.2581 0.6769 0.6894
vn 0.1252 0.9539 0.2728
vn 0.2993 -0.2985 0.9063
vn 0.1967 -0.7354 0.6485
vn 0.0413 -0.9753 0.2169
vn 0.5477 0.2119 0.8094
vn 0.4234 0.6721 0.6075
vn 0.1857 0.9521 0.2428
vn 0.5252 -0.3050 0.7944
vn 0.3620 -0.7402 0.5666
vn 0.1018 -0.9771 0.1869
vn 0.7370 0.2085 0.6429
vn 0.5620 0.6696 0.4856
vn 0.2364 0.9512 0.1982
vn 0.7146 -0.3084 0.6279
vn 0.5006 -0.7427 0.4447
vn 0.1525 -0.9780 0.1423
vn 0.8769 0.2085 0.4331
vn 0.6644 0.6696 0.3320
vn 0.2739 0.9512 0.1420
vn 0.8544 -0.3084 0.4181
vn 0.6030 -0.7427 0.2911
vn 0.1900 -0.9780 0.0861
vn 0.9578 0.2119 0.1943
vn 0.7236 0.6721 0.1572
vn 0.2956 0.9521 0.0780
vn 0.9353 -0.3050 0.1793
vn 0.6622 -0.7402 0.1163
vn 0.2117 -0.9771 0.0221
vn 0.9742 0.2185 -0.0573
vn 0.7356 0.6769 -0.0269
vn 0.3000 0.9539 0.0106
vn 0.9517 -0.2985 -0.0723
vn 0.6742 -0.7354 -0.0679
vn 0.2161 -0.9753 -0.0453
vn 0.9249 0.2278 -0.3044
vn 0.6996 0.6837 -0.2079
vn 0.2868 0.9564 -0.0556
vn 0.9024 -0.2892 -0.3194
vn 0.6382 -0.7286 -0.2488
vn 0.2029 -0.9728 -0.1115
vn 0.8134 0.2392 -0.5303
vn 0.6179 0.6920 -0.3732
vn 0.2569 0.9594 -0.1161
vn 0.7909 -0.2778 -0.5453
vn 0.5565 -0.7203 -0.4141
vn 0.1730 -0.9698 -0.1720
vn 0.6472 0.2519 -0.7195
vn 0.4963 0.7013 -0.5117
vn 0.2123 0.9628 -0.1668
vn 0.6247 -0.2650 -0.7345
vn 0.4349 -0.7110 -0.5527
vn 0.1285 -0.9664 -0.2228
vn 0.4377 0.2650 -0.8592
vn 0.3429 0.7110 -0.6140
vn 0.1562 0.9664 -0.2043
vn 0.4152 -0.2519 -0.8742
vn 0.2815 -0.7013 -0.6549
vn 0.0723 -0.9628 -0.2602
vn 0.1991 0.2778 -0.9398
vn 0.1682 0.7203 -0.6730
vn 0.0923 0.9698 -0.2259
vn 0.1766 -0.2392 -0.9548
vn 0.1068 -0.6920 -0.7139
vn 0.0084 -0.9594 -0.2818
vn -0.0523 0.2891 -0.9559
vn -0.0158 0.7286 -0.6848
vn 0.0249 0.9728 -0.2302
vn -0.0748 -0.2278 -0.9708
vn -0.0772 -0.6837 -0.7257
vn -0.0590 -0.9564 -0.2861
vn -0.2993 0.2985 -0.9063
vn -0.1967 0.7354 -0.6485
vn -0.0413 0.9753 -0.2169
vn -0.3218 -0.2185 -0.9213
vn -0.2581 -0.6769 -0.6894
vn -0.1252 -0.9539 -0.2728
vn -0.5252 0.3050 -0.7944
vn -0.3620 0.7402 -0.5666
vn -0.1018 0.9771 -0.1869
vn -0.5477 -0.2119 -0.8094
vn -0.4234 -0.6721 -0.6075
vn -0.1857 -0.9521 -0.2428
vn -0.7146 0.3084 -0.6279
vn -0.5006 0.7427 -0.4447
vn -0.1525 0.9780 -0.1423
vn -0.7370 -0.2085 -0.6429
vn -0.5620 -0.6696 -0.4856
vn -0.2364 -0.9512 -0.1982
vn 0.0434 0.9986 0.0289
vn -0.8962 0.0517 -0.4406
vn -0.7514 0.0517 -0.6578
vn -0.0434 -0.9986 -0.0289
vn -0.9799 0.0482 -0.1934
vn -0.9969 0.0414 0.0670
vn -0.9459 0.0318 0.3229
vn -0.8305 0.0200 0.5567
vn -0.6584 0.0068 0.7526
vn -0.4415 -0.0068 0.8972
vn -0.1945 -0.0200 0.9807
vn 0.0658 -0.0318 0.9973
vn 0.3215 -0.0414 0.9460
vn 0.5554 -0.0482 0.8302
vn 0.7514 -0.0517 0.6578
vn 0.8962 -0.0517 0.4406
vn 0.9799 -0.0482 0.1934
vn 0.9969 -0.0414 -0.0670
vn 0.9459 -0.0318 -0.3229
vn 0.8305 -0.0200 -0.5567
vn 0.6584 -0.0068 -0.7526
vn 0.4415 0.0068 -0.8972
vn 0.1945 0.0200 -0.9807
vn -0.0658 0.0318 -0.9973
vn -0.3215 0.0414 -0.9460
vn -0.5554 0.0482 -0.8302
vt 1.000000 0.521710
vt 0.958333 0.521709
vt 0.958333 0.500000
vt 0.999111 0.500000
vt 0.750000 0.489826
vt 0.812071 0.481654
vt 0.802224 0.444903
vt 0.750000 0.451778
vt 0.792331 0.407983
vt 0.750000 0.413557
vt 0.958333 0.978291
vt 1.000000 0.978291
vt 0.999111 1.000000
vt 0.958333 1.000000
vt 0.312071 0.481654
vt 0.250000 0.489826
vt 0.250000 0.451778
vt 0.302224 0.444903
vt 0.250000 0.413556
vt 0.292332 0.407983
vt 0.916667 0.521709
vt 0.916667 0.500000
vt 0.869913 0.457695
vt 0.850889 0.424745
vt 0.831778 0.391644
vt 0.916667 0.978290
vt 0.916667 1.000000
vt 0.369913 0.457695
vt 0.350889 0.424745
vt 0.331778 0.391644
vt 0.875000 0.521710
vt 0.875000 0.500000
vt 0.919582 0.419582
vt 0.892679 0.392679
vt 0.865652 0.365652
vt 0.875000 0.978290
vt 0.875000 1.000000
vt 0.419582 0.419582
vt 0.392679 0.392679
vt 0.365652 0.365652
vt 0.833333 0.521710
vt 0.833333 0.500000
vt 0.957695 0.369913
vt 0.924745 0.350889
vt 0.891644 0.331778
vt 0.833333 0.978291
vt 0.833333 1.000000
vt 0.457695 0.369913
vt 0.424745 0.350889
vt 0.391644 0.331778
vt 0.791667 0.521709
vt 0.791667 0.500000
vt 0.981654 0.312071
vt 0.944903 0.302224
vt 0.907984 0.292332
vt 0.791667 0.978291
vt 0.791667 1.000000
vt 0.481654 0.312071
vt 0.444903 0.302224
vt 0.407984 0.292332
vt 0.750000 0.521709
vt 0.750000 0.500000
vt 0.989826 0.250000
vt 0.951778 0.250000
vt 0.913557 0.250000
vt 0.750000 0.978291
vt 0.750000 1.000000
vt 0.489826 0.250000
vt 0.451778 0.250000
vt 0.413557 0.250000
vt 0.708333 0.521709
vt 0.708333 0.500000
vt 0.981654 0.187929
vt 0.944903 0.197776
vt 0.907983 0.207668
vt 0.708333 0.978291
vt 0.708333 1.000000
vt 0.481654 0.187929
vt 0.444903 0.197776
vt 0.407983 0.207668
vt 0.666667 0.521709
vt 0.666667 0.500000
vt 0.957695 0.130087
vt 0.924745 0.149111
vt 0.891644 0.168222
vt 0.666667 0.978290
vt 0.666667 1.000000
vt 0.457695 0.130087
vt 0.424745 0.149111
vt 0.391644 0.168222
vt 0.625000 0.521710
vt 0.625000 0.500000
vt 0.919582 0.080418
vt 0.892679 0.107321
vt 0.865652 0.134348
vt 0.625000 0.978290
vt 0.625000 1.000000
vt 0.419582 0.080418
vt 0.392679 0.107321
vt 0.365652 0.134348
vt 0.583333 0.521710
vt 0.583333 0.500000
vt 0.869913 0.042305
vt 0.850889 0.075255
vt 0.831778 0.108356
vt 0.583333 0.978291
vt 0.583333 1.000000
vt 0.369913 0.042305
vt 0.350889 0.075255
vt 0.331778 0.108356
vt 0.541666 0.521709
vt 0.541666 0.500000
vt 0.812071 0.018346
vt 0.802224 0.055097
vt 0.792332 0.092017
vt 0.541666 0.978291
vt 0.541666 1.000000
vt 0.312071 0.018346
vt 0.302224 0.055097
vt 0.292332 0.092017
vt 0.500000 0.521709
vt 0.500000 0.500000
vt 0.750000 0.010174
vt 0.750000 0.048222
vt 0.750000 0.086443
vt 0.500000 0.978291
vt 0.500000 1.000000
vt 0.250000 0.010174
vt 0.250000 0.048222
vt 0.250000 0.086443
vt 0.458333 0.521709
vt 0.458333 0.500000
vt 0.687929 0.018346
vt 0.697776 0.055097
vt 0.707668 0.092017
vt 0.458333 0.978291
vt 0.458333 1.000000
vt 0.187929 0.018346
vt 0.197776 0.055097
vt 0.207668 0.092017
vt 0.416667 0.521709
vt 0.416666 0.500000
vt 0.630087 0.042305
vt 0.649111 0.075255
vt 0.668222 0.108356
vt 0.416667 0.978290
vt 0.416666 1.000000
vt 0.130087 0.042305
vt 0.149111 0.075255
vt 0.168222 0.108356
vt 0.375000 0.521710
vt 0.375000 0.500000
vt 0.580418 0.080418
vt 0.607321 0.107321
vt 0.634348 0.134348
vt 0.375000 0.978290
vt 0.375000 1.000000
vt 0.080418 0.080418
vt 0.107321 0.107321
vt 0.134348 0.134348
vt 0.333333 0.521710
vt 0.333333 0.500000
vt 0.542305 0.130087
vt 0.575255 0.149111
vt 0.608356 0.168222
vt 0.333333 0.978291
vt 0.333333 1.000000
vt 0.042305 0.130087
vt 0.075255 0.149111
vt 0.108356 0.168222
vt 0.291667 0.521709
vt 0.291667 0.500000
vt 0.518346 0.187929
vt 0.555097 0.197776
vt 0.592017 0.207668
vt 0.291667 0.978291
vt 0.291667 1.000000
vt 0.018346 0.187929
vt 0.055097 0.197776
vt 0.092017 0.207668
vt 0.250000 0.521709
vt 0.250000 0.500000
vt 0.510175 0.250000
vt 0.548222 0.250000
vt 0.586444 0.250000
vt 0.250000 0.978291
vt 0.250000 1.000000
vt 0.010174 0.250000
vt 0.048222 0.250000
vt 0.086443 0.250000
vt 0.208333 0.521709
vt 0.208333 0.500000
vt 0.518346 0.312071
vt 0.555097 0.302224
vt 0.592017 0.292332
vt 0.208333 0.978291
vt 0.208333 1.000000
vt 0.018346 0.312071
vt 0.055097 0.302224
vt 0.092017 0.292332
vt 0.166666 0.521709
vt 0.166666 0.500000
vt 0.542305 0.369913
vt 0.575255 0.350889
vt 0.608356 0.331778
vt 0.166667 0.978290
vt 0.166667 1.000000
vt 0.042305 0.369913
vt 0.075255 0.350889
vt 0.108356 0.331778
vt 0.125000 0.521710
vt 0.125000 0.500000
vt 0.580418 0.419582
vt 0.607321 0.392679
vt 0.634348 0.365652
vt 0.125000 0.978290
vt 0.125000 1.000000
vt 0.080418 0.419582
vt 0.107321 0.392679
vt 0.134348 0.365652
vt 0.083333 0.521710
vt 0.083333 0.500000
vt 0.630087 0.457695
vt 0.649111 0.424745
vt 0.668222 0.391644
vt 0.083333 0.978291
vt 0.083333 1.000000
vt 0.130087 0.457695
vt 0.149111 0.424745
vt 0.168222 0.391644
vt 0.041666 0.521709
vt 0.041666 0.500000
vt 0.687929 0.481654
vt 0.697776 0.444903
vt 0.707668 0.407983
vt 0.041666 0.978291
vt 0.041666 1.000000
vt 0.187929 0.481654
vt 0.197776 0.444903
vt 0.207668 0.407983
vt -0.000000 0.521709
vt 0.000889 0.500000
vt -0.000000 0.978290
vt 0.000889 1.000000
s 0
usemtl trousers
f 4526/5386/4429 4534/5387/4429 4536/5388/4429 4528/5389/4429
f 4528/5390/4430 4536/5391/4430 4535/5392/4430 4527/5393/4430
f 4527/5393/4431 4535/5392/4431 4533/5394/4431 4525/5395/4431
f 4538/5396/4432 4530/5397/4432 4532/5398/4432 4540/5399/4432
f 4540/5400/4433 4532/5401/4433 4531/5402/4433 4539/5403/4433
f 4539/5403/4434 4531/5402/4434 4529/5404/4434 4537/5405/4434
f 4534/5387/4435 4542/5406/4435 4544/5407/4435 4536/5388/4435
f 4536/5391/4436 4544/5408/4436 4543/5409/4436 4535/5392/4436
f 4535/5392/4437 4543/5409/4437 4541/5410/4437 4533/5394/4437
f 4546/5411/4438 4538/5396/4438 4540/5399/4438 4548/5412/4438
f 4548/5413/4439 4540/5400/4439 4539/5403/4439 4547/5414/4439
f 4547/5414/4440 4539/5403/4440 4537/5405/4440 4545/5415/4440
f 4542/5406/4441 4550/5416/4441 4552/5417/4441 4544/5407/4441
f 4544/5408/4442 4552/5418/4442 4551/5419/4442 4543/5409/4442
f 4543/5409/4443 4551/5419/4443 4549/5420/4443 4541/5410/4443
f 4554/5421/4444 4546/5411/4444 4548/5412/4444 4556/5422/4444
f 4556/5423/4445 4548/5413/4445 4547/5414/4445 4555/5424/4445
f 4555/5424/4446 4547/5414/4446 4545/5415/4446 4553/5425/4446
f 4550/5416/4447 4558/5426/4447 4560/5427/4447 4552/5417/4447
f 4552/5418/4448 4560/5428/4448 4559/5429/4448 4551/5419/4448
f 4551/5419/4449 4559/5429/4449 4557/5430/4449 4549/5420/4449
f 4562/5431/4450 4554/5421/4450 4556/5422/4450 4564/5432/4450
f 4564/5433/4451 4556/5423/4451 4555/5424/4451 4563/5434/4451
f 4563/5434/4452 4555/5424/4452 4553/5425/4452 4561/5435/4452
f 4558/5426/4453 4566/5436/4453 4568/5437/4453 4560/5427/4453
f 4560/5428/4454 4568/5438/4454 4567/5439/4454 4559/5429/4454
f 4559/5429/4455 4567/5439/4455 4565/5440/4455 4557/5430/4455
f 4570/5441/4456 4562/5431/4456 4564/5432/4456 4572/5442/4456
f 4572/5443/4457 4564/5433/4457 4563/5434/4457 4571/5444/4457
f 4571/5444/4458 4563/5434/4458 4561/5435/4458 4569/5445/4458
f 4566/5436/4459 4574/5446/4459 4576/5447/4459 4568/5437/4459
f 4568/5438/4460 4576/5448/4460 4575/5449/4460 4567/5439/4460
f 4567/5439/4461 4575/5449/4461 4573/5450/4461 4565/5440/4461
f 4578/5451/4462 4570/5441/4462 4572/5442/4462 4580/5452/4462
f 4580/5453/4463 4572/5443/4463 4571/5444/4463 4579/5454/4463
f 4579/5454/4464 4571/5444/4464 4569/5445/4464 4577/5455/4464
f 4574/5446/4465 4582/5456/4465 4584/5457/4465 4576/5447/4465
f 4576/5448/4466 4584/5458/4466 4583/5459/4466 4575/5449/4466
f 4575/5449/4467 4583/5459/4467 4581/5460/4467 4573/5450/4467
f 4586/5461/4468 4578/5451/4468 4580/5452/4468 4588/5462/4468
f 4588/5463/4469 4580/5453/4469 4579/5454/4469 4587/5464/4469
f 4587/5464/4470 4579/5454/4470 4577/5455/4470 4585/5465/4470
f 4582/5456/4471 4590/5466/4471 4592/5467/4471 4584/5457/4471
f 4584/5458/4472 4592/5468/4472 4591/5469/4472 4583/5459/4472
f 4583/5459/4473 4591/5469/4473 4589/5470/4473 4581/5460/4473
f 4594/5471/4474 4586/5461/4474 4588/5462/4474 4596/5472/4474
f 4596/5473/4475 4588/5463/4475 4587/5464/4475 4595/5474/4475
f 4595/5474/4476 4587/5464/4476 4585/5465/4476 4593/5475/4476
f 4590/5466/4477 4598/5476/4477 4600/5477/4477 4592/5467/4477
f 4592/5468/4478 4600/5478/4478 4599/5479/4478 4591/5469/4478
f 4591/5469/4479 4599/5479/4479 4597/5480/4479 4589/5470/4479
f 4602/5481/4480 4594/5471/4480 4596/5472/4480 4604/5482/4480
f 4604/5483/4481 4596/5473/4481 4595/5474/4481 4603/5484/4481
f 4603/5484/4482 4595/5474/4482 4593/5475/4482 4601/5485/4482
f 4598/5476/4483 4606/5486/4483 4608/5487/4483 4600/5477/4483
f 4600/5478/4484 4608/5488/4484 4607/5489/4484 4599/5479/4484
f 4599/5479/4485 4607/5489/4485 4605/5490/4485 4597/5480/4485
f 4610/5491/4486 4602/5481/4486 4604/5482/4486 4612/5492/4486
f 4612/5493/4487 4604/5483/4487 4603/5484/4487 4611/5494/4487
f 4611/5494/4488 4603/5484/4488 4601/5485/4488 4609/5495/4488
f 4606/5486/4489 4614/5496/4489 4616/5497/4489 4608/5487/4489
f 4608/5488/4490 4616/5498/4490 4615/5499/4490 4607/5489/4490
f 4607/5489/4491 4615/5499/4491 4613/5500/4491 4605/5490/4491
f 4618/5501/4492 4610/5491/4492 4612/5492/4492 4620/5502/4492
f 4620/5503/4493 4612/5493/4493 4611/5494/4493 4619/5504/4493
f 4619/5504/4494 4611/5494/4494 4609/5495/4494 4617/5505/4494
f 4614/5496/4495 4622/5506/4495 4624/5507/4495 4616/5497/4495
f 4616/5498/4496 4624/5508/4496 4623/5509/4496 4615/5499/4496
f 4615/5499/4497 4623/5509/4497 4621/5510/4497 4613/5500/4497
f 4626/5511/4498 4618/5501/4498 4620/5502/4498 4628/5512/4498
f 4628/5513/4499 4620/5503/4499 4619/5504/4499 4627/5514/4499
f 4627/5514/4500 4619/5504/4500 4617/5505/4500 4625/5515/4500
f 4622/5506/4501 4630/5516/4501 4632/5517/4501 4624/5507/4501
f 4624/5508/4502 4632/5518/4502 4631/5519/4502 4623/5509/4502
f 4623/5509/4503 4631/5519/4503 4629/5520/4503 4621/5510/4503
f 4634/5521/4504 4626/5511/4504 4628/5512/4504 4636/5522/4504
f 4636/5523/4505 4628/5513/4505 4627/5514/4505 4635/5524/4505
f 4635/5524/4506 4627/5514/4506 4625/5515/4506 4633/5525/4506
f 4630/5516/4507 4638/5526/4507 4640/5527/4507 4632/5517/4507
f 4632/5518/4508 4640/5528/4508 4639/5529/4508 4631/5519/4508
f 4631/5519/4509 4639/5529/4509 4637/5530/4509 4629/5520/4509
f 4642/5531/4510 4634/5521/4510 4636/5522/4510 4644/5532/4510
f 4644/5533/4511 4636/5523/4511 4635/5524/4511 4643/5534/4511
f 4643/5534/4512 4635/5524/4512 4633/5525/4512 4641/5535/4512
f 4638/5526/4513 4646/5536/4513 4648/5537/4513 4640/5527/4513
f 4640/5528/4514 4648/5538/4514 4647/5539/4514 4639/5529/4514
f 4639/5529/4515 4647/5539/4515 4645/5540/4515 4637/5530/4515
f 4650/5541/4516 4642/5531/4516 4644/5532/4516 4652/5542/4516
f 4652/5543/4517 4644/5533/4517 4643/5534/4517 4651/5544/4517
f 4651/5544/4518 4643/5534/4518 4641/5535/4518 4649/5545/4518
f 4646/5536/4519 4654/5546/4519 4656/5547/4519 4648/5537/4519
f 4648/5538/4520 4656/5548/4520 4655/5549/4520 4647/5539/4520
f 4647/5539/4521 4655/5549/4521 4653/5550/4521 4645/5540/4521
f 4658/5551/4522 4650/5541/4522 4652/5542/4522 4660/5552/4522
f 4660/5553/4523 4652/5543/4523 4651/5544/4523 4659/5554/4523
f 4659/5554/4524 4651/5544/4524 4649/5545/4524 4657/5555/4524
f 4654/5546/4525 4662/5556/4525 4664/5557/4525 4656/5547/4525
f 4656/5548/4526 4664/5558/4526 4663/5559/4526 4655/5549/4526
f 4655/5549/4527 4663/5559/4527 4661/5560/4527 4653/5550/4527
f 4666/5561/4528 4658/5551/4528 4660/5552/4528 4668/5562/4528
f 4668/5563/4529 4660/5553/4529 4659/5554/4529 4667/5564/4529
f 4667/5564/4530 4659/5554/4530 4657/5555/4530 4665/5565/4530
f 4662/5556/4531 4670/5566/4531 4672/5567/4531 4664/5557/4531
f 4664/5558/4532 4672/5568/4532 4671/5569/4532 4663/5559/4532
f 4663/5559/4533 4671/5569/4533 4669/5570/4533 4661/5560/4533
f 4674/5571/4534 4666/5561/4534 4668/5562/4534 4676/5572/4534
f 4676/5573/4535 4668/5563/4535 4667/5564/4535 4675/5574/4535
f 4675/5574/4536 4667/5564/4536 4665/5565/4536 4673/5575/4536
f 4670/5566/4537 4678/5576/4537 4680/5577/4537 4672/5567/4537
f 4672/5568/4538 4680/5578/4538 4679/5579/4538 4671/5569/4538
f 4671/5569/4539 4679/5579/4539 4677/5580/4539 4669/5570/4539
f 4682/5581/4540 4674/5571/4540 4676/5572/4540 4684/5582/4540
f 4684/5583/4541 4676/5573/4541 4675/5574/4541 4683/5584/4541
f 4683/5584/4542 4675/5574/4542 4673/5575/4542 4681/5585/4542
f 4678/5576/4543 4686/5586/4543 4688/5587/4543 4680/5577/4543
f 4680/5578/4544 4688/5588/4544 4687/5589/4544 4679/5579/4544
f 4679/5579/4545 4687/5589/4545 4685/5590/4545 4677/5580/4545
f 4690/5591/4546 4682/5581/4546 4684/5582/4546 4692/5592/4546
f 4692/5593/4547 4684/5583/4547 4683/5584/4547 4691/5594/4547
f 4691/5594/4548 4683/5584/4548 4681/5585/4548 4689/5595/4548
f 4686/5586/4549 4694/5596/4549 4696/5597/4549 4688/5587/4549
f 4688/5588/4550 4696/5598/4550 4695/5599/4550 4687/5589/4550
f 4687/5589/4551 4695/5599/4551 4693/5600/4551 4685/5590/4551
f 4698/5601/4552 4690/5591/4552 4692/5592/4552 4700/5602/4552
f 4700/5603/4553 4692/5593/4553 4691/5594/4553 4699/5604/4553
f 4699/5604/4554 4691/5594/4554 4689/5595/4554 4697/5605/4554
f 4694/5596/4555 4702/5606/4555 4704/5607/4555 4696/5597/4555
f 4696/5598/4556 4704/5608/4556 4703/5609/4556 4695/5599/4556
f 4695/5599/4557 4703/5609/4557 4701/5610/4557 4693/5600/4557
f 4706/5611/4558 4698/5601/4558 4700/5602/4558 4708/5612/4558
f 4708/5613/4559 4700/5603/4559 4699/5604/4559 4707/5614/4559
f 4707/5614/4560 4699/5604/4560 4697/5605/4560 4705/5615/4560
f 4702/5606/4561 4710/5616/4561 4712/5617/4561 4704/5607/4561
f 4704/5608/4562 4712/5618/4562 4711/5619/4562 4703/5609/4562
f 4703/5609/4563 4711/5619/4563 4709/5620/4563 4701/5610/4563
f 4714/5621/4564 4706/5611/4564 4708/5612/4564 4716/5622/4564
f 4716/5623/4565 4708/5613/4565 4707/5614/4565 4715/5624/4565
f 4715/5624/4566 4707/5614/4566 4705/5615/4566 4713/5625/4566
f 4710/5616/4567 4526/5626/4567 4528/5627/4567 4712/5617/4567
f 4712/5618/4568 4528/5390/4568 4527/5393/4568 4711/5619/4568
f 4711/5619/4569 4527/5393/4569 4525/5395/4569 4709/5620/4569
f 4530/5628/4570 4714/5621/4570 4716/5622/4570 4532/5629/4570
f 4532/5401/4571 4716/5623/4571 4715/5624/4571 4531/5402/4571
f 4531/5402/4572 4715/5624/4572 4713/5625/4572 4529/5404/4572
f 4525/5395/4573 4533/5394/4573 4541/5410/4573 4549/5420/4573 4557/5430/4573 4565/5440/4573 4573/5450/4573 4581/5460/4573 4589/5470/4573 4597/5480/4573 4605/5490/4573 4613/5500/4573 4621/5510/4573 4629/5520/4573 4637/5530/4573 4645/5540/4573 4653/5550/4573 4661/5560/4573 4669/5570/4573 4677/5580/4573 4685/5590/4573 4693/5600/4573 4701/5610/4573 4709/5620/4573
f 4526/5386/4574 4530/5397/4574 4538/5396/4574 4534/5387/4574
f 4710/5616/4575 4714/5621/4575 4530/5628/4575 4526/5626/4575
f 4537/5405/4576 4529/5404/4576 4713/5625/4576 4705/5615/4576 4697/5605/4576 4689/5595/4576 4681/5585/4576 4673/5575/4576 4665/5565/4576 4657/5555/4576 4649/5545/4576 4641/5535/4576 4633/5525/4576 4625/5515/4576 4617/5505/4576 4609/5495/4576 4601/5485/4576 4593/5475/4576 4585/5465/4576 4577/5455/4576 4569/5445/4576 4561/5435/4576 4553/5425/4576 4545/5415/4576
f 4534/5387/4577 4538/5396/4577 4546/5411/4577 4542/5406/4577
f 4542/5406/4578 4546/5411/4578 4554/5421/4578 4550/5416/4578
f 4550/5416/4579 4554/5421/4579 4562/5431/4579 4558/5426/4579
f 4558/5426/4580 4562/5431/4580 4570/5441/4580 4566/5436/4580
f 4566/5436/4581 4570/5441/4581 4578/5451/4581 4574/5446/4581
f 4574/5446/4582 4578/5451/4582 4586/5461/4582 4582/5456/4582
f 4582/5456/4583 4586/5461/4583 4594/5471/4583 4590/5466/4583
f 4590/5466/4584 4594/5471/4584 4602/5481/4584 4598/5476/4584
f 4598/5476/4585 4602/5481/4585 4610/5491/4585 4606/5486/4585
f 4606/5486/4586 4610/5491/4586 4618/5501/4586 4614/5496/4586
f 4614/5496/4587 4618/5501/4587 4626/5511/4587 4622/5506/4587
f 4622/5506/4588 4626/5511/4588 4634/5521/4588 4630/5516/4588
f 4630/5516/4589 4634/5521/4589 4642/5531/4589 4638/5526/4589
f 4638/5526/4590 4642/5531/4590 4650/5541/4590 4646/5536/4590
f 4646/5536/4591 4650/5541/4591 4658/5551/4591 4654/5546/4591
f 4654/5546/4592 4658/5551/4592 4666/5561/4592 4662/5556/4592
f 4662/5556/4593 4666/5561/4593 4674/5571/4593 4670/5566/4593
f 4670/5566/4594 4674/5571/4594 4682/5581/4594 4678/5576/4594
f 4678/5576/4595 4682/5581/4595 4690/5591/4595 4686/5586/4595
f 4686/5586/4596 4690/5591/4596 4698/5601/4596 4694/5596/4596
f 4694/5596/4597 4698/5601/4597 4706/5611/4597 4702/5606/4597
f 4702/5606/4598 4706/5611/4598 4714/5621/4598 4710/5616/4598
o thigh.001
v 0.449586 3.496121 0.131668
v 0.500859 3.441799 0.172687
v 0.473682 3.490833 0.150946
v 0.492450 3.470950 0.165960
v 0.549586 2.076121 0.211669
v 0.592443 2.141315 0.245954
v 0.572555 2.086845 0.230044
v 0.588241 2.110707 0.242593
v 0.473849 3.495572 0.091589
v 0.533303 3.441065 0.119094
v 0.502035 3.490191 0.104110
v 0.523797 3.470240 0.114177
v 0.573849 2.075572 0.171590
v 0.624887 2.140580 0.192361
v 0.600908 2.086203 0.183208
v 0.619589 2.109998 0.190811
v 0.486946 3.493961 0.046632
v 0.550816 3.438911 0.058978
v 0.517341 3.488309 0.051572
v 0.540719 3.468159 0.056092
v 0.586946 2.073961 0.126632
v 0.642400 2.138426 0.132245
v 0.616213 2.084321 0.130671
v 0.636511 2.107917 0.132725
v 0.487984 3.491399 -0.000141
v 0.552205 3.435485 -0.003566
v 0.518554 3.485315 -0.003086
v 0.542060 3.464849 -0.004339
v 0.587984 2.071399 0.079859
v 0.643788 2.135000 0.069701
v 0.617426 2.081327 0.076013
v 0.637852 2.104607 0.072295
v 0.476893 3.488060 -0.045541
v 0.537374 3.431021 -0.064274
v 0.505593 3.481413 -0.056140
v 0.527731 3.460536 -0.062996
v 0.576893 2.068060 0.034459
v 0.628958 2.130536 0.008993
v 0.604466 2.077425 0.022958
v 0.623523 2.100293 0.013637
v 0.454429 3.484172 -0.086475
v 0.507335 3.425822 -0.119009
v 0.479342 3.476870 -0.103974
v 0.498707 3.455512 -0.115883
v 0.554429 2.064172 -0.006474
v 0.598919 2.125337 -0.045742
v 0.578214 2.072882 -0.024876
v 0.594499 2.095270 -0.039249
v 0.422122 3.480000 -0.120152
v 0.464135 3.420243 -0.164042
v 0.441588 3.471994 -0.143329
v 0.456966 3.450121 -0.159394
v 0.522122 2.060000 -0.040152
v 0.555719 2.119757 -0.090775
v 0.540460 2.068006 -0.064231
v 0.552758 2.089879 -0.082761
v 0.382174 3.475827 -0.144279
v 0.410718 3.414663 -0.196303
v 0.394905 3.467118 -0.171523
v 0.405353 3.444730 -0.190566
v 0.482174 2.055827 -0.064278
v 0.502301 2.114178 -0.123036
v 0.493778 2.063130 -0.092425
v 0.501145 2.084488 -0.113932
v 0.337307 3.471940 -0.157210
v 0.350723 3.409464 -0.213594
v 0.342475 3.462574 -0.186634
v 0.347386 3.439707 -0.207273
v 0.437307 2.051939 -0.077209
v 0.442307 2.108979 -0.140327
v 0.441347 2.058586 -0.107536
v 0.443177 2.079464 -0.130639
v 0.290580 3.468601 -0.158064
v 0.288240 3.404999 -0.214737
v 0.287870 3.458673 -0.187633
v 0.287013 3.435393 -0.208377
v 0.390580 2.048601 -0.078064
v 0.379824 2.104514 -0.141470
v 0.386742 2.054685 -0.108535
v 0.382805 2.075151 -0.131743
v 0.245176 3.466039 -0.146784
v 0.227527 3.401574 -0.199653
v 0.234811 3.455679 -0.174451
v 0.228351 3.432083 -0.193802
v 0.345176 2.046039 -0.066784
v 0.319111 2.101089 -0.126386
v 0.333684 2.051691 -0.095353
v 0.324143 2.071841 -0.117169
v 0.204190 3.464428 -0.124138
v 0.172721 3.399420 -0.169371
v 0.186915 3.453797 -0.147987
v 0.175397 3.430002 -0.164543
v 0.304190 2.044428 -0.044137
v 0.264305 2.098935 -0.096104
v 0.285788 2.049809 -0.068889
v 0.271189 2.069760 -0.087910
v 0.170414 3.463879 -0.091669
v 0.127557 3.398685 -0.125954
v 0.147445 3.453155 -0.110044
v 0.131759 3.429293 -0.122593
v 0.270414 2.043879 -0.011668
v 0.219141 2.098201 -0.052687
v 0.246318 2.049167 -0.030946
v 0.227550 2.069050 -0.045960
v 0.146151 3.464428 -0.051590
v 0.095113 3.399420 -0.072361
v 0.119092 3.453797 -0.063208
v 0.100411 3.430002 -0.070811
v 0.246151 2.044428 0.028411
v 0.186697 2.098935 0.000906
v 0.217965 2.049809 0.015890
v 0.196203 2.069760 0.005823
v 0.133054 3.466039 -0.006632
v 0.077600 3.401574 -0.012245
v 0.103787 3.455679 -0.010671
v 0.083489 3.432083 -0.012725
v 0.233055 2.046039 0.073368
v 0.169184 2.101089 0.061022
v 0.202660 2.051691 0.068428
v 0.179281 2.071841 0.063908
v 0.132016 3.468601 0.040141
v 0.076212 3.404999 0.050299
v 0.102574 3.458673 0.043987
v 0.082148 3.435393 0.047705
v 0.232016 2.048601 0.120141
v 0.167795 2.104515 0.123566
v 0.201446 2.054685 0.123086
v 0.177940 2.075151 0.124339
v 0.143107 3.471940 0.085541
v 0.091042 3.409464 0.111007
v 0.115534 3.462574 0.097042
v 0.096477 3.439707 0.106363
v 0.243107 2.051939 0.165541
v 0.182626 2.108979 0.184274
v 0.214407 2.058587 0.176140
v 0.192269 2.079464 0.182996
v 0.165571 3.475828 0.126474
v 0.121081 3.414663 0.165742
v 0.141786 3.467118 0.144876
v 0.125501 3.444730 0.159249
v 0.265571 2.055828 0.206475
v 0.212665 2.114178 0.239009
v 0.240658 2.063130 0.223974
v 0.221293 2.084488 0.235883
v 0.197878 3.480000 0.160152
v 0.164281 3.420243 0.210775
v 0.179540 3.471994 0.184231
v 0.167242 3.450121 0.202761
v 0.297878 2.060000 0.240152
v 0.255865 2.119757 0.284042
v 0.278412 2.068006 0.263329
v 0.263034 2.089879 0.279394
v 0.237826 3.484173 0.184278
v 0.217699 3.425822 0.243036
v 0.226222 3.476870 0.212425
v 0.218855 3.455512 0.233932
v 0.337826 2.064173 0.264279
v 0.309282 2.125337 0.316303
v 0.325095 2.072882 0.291523
v 0.314647 2.095270 0.310566
v 0.282693 3.488060 0.197209
v 0.277693 3.431021 0.260327
v 0.278653 3.481414 0.227536
v 0.276823 3.460536 0.250639
v 0.382693 2.068060 0.277210
v 0.369277 2.130536 0.333594
v 0.377525 2.077425 0.306634
v 0.372615 2.100293 0.327273
v 0.329420 3.491399 0.198064
v 0.340176 3.435486 0.261470
v 0.333258 3.485315 0.228535
v 0.337195 3.464849 0.251743
v 0.429420 2.071399 0.278064
v 0.431760 2.135000 0.334737
v 0.432130 2.081327 0.307633
v 0.432987 2.104607 0.328377
v 0.374824 3.493961 0.186784
v 0.400889 3.438911 0.246386
v 0.386316 3.488309 0.215353
v 0.395857 3.468159 0.237169
v 0.474824 2.073961 0.266784
v 0.492473 2.138426 0.319653
v 0.485189 2.084321 0.294451
v 0.491649 2.107917 0.313802
v 0.415810 3.495572 0.164137
v 0.455695 3.441065 0.216104
v 0.434212 3.490191 0.188889
v 0.448811 3.470240 0.207910
v 0.515810 2.075572 0.244138
v 0.547279 2.140580 0.289371
v 0.533085 2.086203 0.267987
v 0.544603 2.109998 0.284543
vn 0.8054 0.3438 0.4829
vn 0.5533 0.7672 0.3244
vn 0.1529 0.9851 0.0791
vn 0.8417 -0.1718 0.5119
vn 0.6525 -0.6413 0.4038
vn 0.2884 -0.9390 0.1875
vn 0.9068 0.3379 0.2521
vn 0.6275 0.7629 0.1555
vn 0.1801 0.9835 0.0172
vn 0.9431 -0.1776 0.2811
vn 0.7267 -0.6456 0.2348
vn 0.3156 -0.9405 0.1256
vn 0.9452 0.3266 0.0031
vn 0.6556 0.7546 -0.0268
vn 0.1904 0.9805 -0.0495
vn 0.9815 -0.1889 0.0321
vn 0.7548 -0.6539 0.0526
vn 0.3259 -0.9436 0.0589
vn 0.9179 0.3106 -0.2471
vn 0.6356 0.7429 -0.2099
vn 0.1831 0.9762 -0.1165
vn 0.9542 -0.2050 -0.2180
vn 0.7348 -0.6656 -0.1306
vn 0.3186 -0.9479 -0.0081
vn 0.8268 0.2910 -0.4814
vn 0.5690 0.7286 -0.3814
vn 0.1587 0.9709 -0.1793
vn 0.8631 -0.2246 -0.4523
vn 0.6681 -0.6799 -0.3021
vn 0.2942 -0.9531 -0.0709
vn 0.6781 0.2691 -0.6839
vn 0.4601 0.7125 -0.5297
vn 0.1188 0.9651 -0.2336
vn 0.7145 -0.2464 -0.6548
vn 0.5593 -0.6960 -0.4503
vn 0.2543 -0.9590 -0.1252
vn 0.4820 0.2464 -0.8408
vn 0.3166 0.6960 -0.6445
vn 0.0663 0.9590 -0.2756
vn 0.5183 -0.2691 -0.8117
vn 0.4158 -0.7125 -0.5652
vn 0.2018 -0.9651 -0.1672
vn 0.2518 0.2246 -0.9414
vn 0.1481 0.6799 -0.7182
vn 0.0046 0.9531 -0.3025
vn 0.2882 -0.2910 -0.9123
vn 0.2473 -0.7286 -0.6388
vn 0.1401 -0.9709 -0.1941
vn 0.0033 0.2050 -0.9788
vn -0.0339 0.6656 -0.7456
vn -0.0620 0.9479 -0.3126
vn 0.0396 -0.3106 -0.9497
vn 0.0653 -0.7429 -0.6662
vn 0.0735 -0.9762 -0.2042
vn -0.2468 0.1889 -0.9505
vn -0.2170 0.6539 -0.7248
vn -0.1290 0.9436 -0.3050
vn -0.2105 -0.3266 -0.9214
vn -0.1178 -0.7546 -0.6455
vn 0.0065 -0.9805 -0.1966
vn -0.4813 0.1776 -0.8584
vn -0.3886 0.6456 -0.6574
vn -0.1918 0.9405 -0.2803
vn -0.4450 -0.3379 -0.8293
vn -0.2894 -0.7629 -0.5781
vn -0.0563 -0.9835 -0.1719
vn -0.6842 0.1718 -0.7088
vn -0.5372 0.6413 -0.5479
vn -0.2462 0.9390 -0.2402
vn -0.6479 -0.3438 -0.6798
vn -0.4380 -0.7672 -0.4686
vn -0.1107 -0.9851 -0.1318
vn -0.8417 0.1718 -0.5119
vn -0.6525 0.6413 -0.4038
vn -0.2884 0.9390 -0.1875
vn -0.8054 -0.3438 -0.4829
vn -0.5533 -0.7672 -0.3244
vn -0.1529 -0.9851 -0.0791
vn -0.9431 0.1776 -0.2811
vn -0.7267 0.6456 -0.2348
vn -0.3156 0.9405 -0.1256
vn -0.9068 -0.3379 -0.2521
vn -0.6275 -0.7629 -0.1555
vn -0.1801 -0.9835 -0.0172
vn -0.9815 0.1889 -0.0321
vn -0.7548 0.6539 -0.0526
vn -0.3259 0.9436 -0.0589
vn -0.9452 -0.3266 -0.0031
vn -0.6556 -0.7546 0.0268
vn -0.1904 -0.9805 0.0495
vn -0.9542 0.2050 0.2180
vn -0.7348 0.6656 0.1306
vn -0.3186 0.9479 0.0081
vn -0.9179 -0.3106 0.2471
vn -0.6356 -0.7429 0.2099
vn -0.1831 -0.9762 0.1165
vn -0.8631 0.2246 0.4523
vn -0.6681 0.6799 0.3021
vn -0.2942 0.9531 0.0709
vn -0.8268 -0.2910 0.4814
vn -0.5690 -0.7286 0.3814
vn -0.1587 -0.9709 0.1793
vn -0.7145 0.2464 0.6548
vn -0.5593 0.6960 0.4503
vn -0.2543 0.9590 0.1252
vn -0.6781 -0.2691 0.6839
vn -0.4601 -0.7125 0.5297
vn -0.1188 -0.9651 0.2336
vn -0.5183 0.2691 0.8117
vn -0.4158 0.7125 0.5652
vn -0.2018 0.9651 0.1672
vn -0.4820 -0.2464 0.8408
vn -0.3166 -0.6960 0.6445
vn -0.0663 -0.9590 0.2756
vn -0.2882 0.2910 0.9123
vn -0.2473 0.7286 0.6388
vn -0.1401 0.9709 0.1941
vn -0.2518 -0.2246 0.9414
vn -0.1481 -0.6799 0.7182
vn -0.0046 -0.9531 0.3025
vn -0.0396 0.3106 0.9497
vn -0.0653 0.7429 0.6662
vn -0.0735 0.9762 0.2042
vn -0.0033 -0.2050 0.9788
vn 0.0339 -0.6656 0.7456
vn 0.0620 -0.9479 0.3126
vn 0.2105 0.3266 0.9214
vn 0.1178 0.7546 0.6455
vn -0.0065 0.9805 0.1966
vn 0.2468 -0.1889 0.9505
vn 0.2170 -0.6539 0.7248
vn 0.1290 -0.9436 0.3050
vn 0.4450 0.3379 0.8293
vn 0.2894 0.7629 0.5781
vn 0.0563 0.9835 0.1719
vn 0.4813 -0.1776 0.8584
vn 0.3886 -0.6456 0.6574
vn 0.1918 -0.9405 0.2803
vn 0.6479 0.3438 0.6798
vn 0.4380 0.7672 0.4686
vn 0.1107 0.9851 0.1318
vn 0.6842 -0.1718 0.7088
vn 0.5372 -0.6413 0.5479
vn 0.2462 -0.9390 0.2402
vn -0.0701 0.9960 -0.0561
vn 0.8526 0.0891 0.5149
vn 0.6895 0.0891 0.7188
vn 0.0701 -0.9960 0.0561
vn 0.9576 0.0830 0.2760
vn 0.9973 0.0713 0.0182
vn 0.9690 0.0547 -0.2408
vn 0.8748 0.0344 -0.4833
vn 0.7209 0.0117 -0.6930
vn 0.5178 -0.0117 -0.8554
vn 0.2795 -0.0344 -0.9595
vn 0.0222 -0.0547 -0.9983
vn -0.2367 -0.0713 -0.9690
vn -0.4795 -0.0830 -0.8736
vn -0.6895 -0.0891 -0.7188
vn -0.8526 -0.0891 -0.5149
vn -0.9576 -0.0830 -0.2760
vn -0.9973 -0.0713 -0.0182
vn -0.9690 -0.0547 0.2408
vn -0.8748 -0.0344 0.4833
vn -0.7209 -0.0117 0.6930
vn -0.5178 0.0117 0.8554
vn -0.2795 0.0344 0.9595
vn -0.0222 0.0547 0.9983
vn 0.2367 0.0713 0.9690
vn 0.4795 0.0830 0.8736
vt 1.000000 0.521041
vt 0.958333 0.521041
vt 0.958333 0.500000
vt 0.999296 0.500000
vt 0.750000 0.489862
vt 0.812081 0.481689
vt 0.804285 0.452594
vt 0.750000 0.459741
vt 0.796453 0.423367
vt 0.750000 0.429482
vt 0.958333 0.978959
vt 1.000000 0.978959
vt 0.999296 1.000000
vt 0.958333 1.000000
vt 0.312081 0.481689
vt 0.250000 0.489862
vt 0.250000 0.459741
vt 0.304285 0.452594
vt 0.250000 0.429482
vt 0.296453 0.423367
vt 0.916667 0.521041
vt 0.916667 0.500000
vt 0.869931 0.457726
vt 0.854870 0.431641
vt 0.839741 0.405436
vt 0.916667 0.978959
vt 0.916667 1.000000
vt 0.369931 0.457726
vt 0.354871 0.431641
vt 0.339741 0.405436
vt 0.875000 0.521041
vt 0.875000 0.500000
vt 0.919608 0.419608
vt 0.898309 0.398309
vt 0.876913 0.376913
vt 0.875000 0.978959
vt 0.875000 1.000000
vt 0.419608 0.419608
vt 0.398309 0.398309
vt 0.376913 0.376913
vt 0.833333 0.521041
vt 0.833333 0.500000
vt 0.957726 0.369931
vt 0.931641 0.354871
vt 0.905436 0.339741
vt 0.833333 0.978959
vt 0.833333 1.000000
vt 0.457726 0.369931
vt 0.431641 0.354871
vt 0.405436 0.339741
vt 0.791667 0.521041
vt 0.791667 0.500000
vt 0.981689 0.312081
vt 0.952594 0.304285
vt 0.923367 0.296453
vt 0.791667 0.978959
vt 0.791667 1.000000
vt 0.481689 0.312081
vt 0.452594 0.304285
vt 0.423367 0.296453
vt 0.750000 0.521041
vt 0.750000 0.500000
vt 0.989862 0.250000
vt 0.959741 0.250000
vt 0.929482 0.250000
vt 0.750000 0.978959
vt 0.750000 1.000000
vt 0.489862 0.250000
vt 0.459741 0.250000
vt 0.429482 0.250000
vt 0.708333 0.521041
vt 0.708333 0.500000
vt 0.981689 0.187919
vt 0.952594 0.195715
vt 0.923366 0.203547
vt 0.708333 0.978959
vt 0.708333 1.000000
vt 0.481689 0.187919
vt 0.452594 0.195715
vt 0.423367 0.203547
vt 0.666667 0.521041
vt 0.666667 0.500000
vt 0.957726 0.130069
vt 0.931641 0.145129
vt 0.905436 0.160259
vt 0.666667 0.978959
vt 0.666667 1.000000
vt 0.457726 0.130069
vt 0.431641 0.145129
vt 0.405436 0.160259
vt 0.625000 0.521041
vt 0.625000 0.500000
vt 0.919608 0.080392
vt 0.898309 0.101691
vt 0.876913 0.123087
vt 0.625000 0.978959
vt 0.625000 1.000000
vt 0.419608 0.080392
vt 0.398309 0.101691
vt 0.376913 0.123087
vt 0.583333 0.521041
vt 0.583333 0.500000
vt 0.869931 0.042274
vt 0.854870 0.068359
vt 0.839741 0.094564
vt 0.583333 0.978959
vt 0.583333 1.000000
vt 0.369931 0.042274
vt 0.354871 0.068359
vt 0.339741 0.094564
vt 0.541666 0.521041
vt 0.541666 0.500000
vt 0.812081 0.018311
vt 0.804285 0.047406
vt 0.796453 0.076633
vt 0.541666 0.978959
vt 0.541666 1.000000
vt 0.312081 0.018311
vt 0.304285 0.047406
vt 0.296453 0.076633
vt 0.500000 0.521041
vt 0.500000 0.500000
vt 0.750000 0.010138
vt 0.750000 0.040259
vt 0.750000 0.070518
vt 0.500000 0.978959
vt 0.500000 1.000000
vt 0.250000 0.010138
vt 0.250000 0.040259
vt 0.250000 0.070518
vt 0.458333 0.521041
vt 0.458333 0.500000
vt 0.687919 0.018311
vt 0.695715 0.047406
vt 0.703547 0.076633
vt 0.458333 0.978959
vt 0.458333 1.000000
vt 0.187919 0.018311
vt 0.195715 0.047406
vt 0.203547 0.076633
vt 0.416666 0.521041
vt 0.416667 0.500000
vt 0.630069 0.042274
vt 0.645129 0.068359
vt 0.660259 0.094564
vt 0.416666 0.978959
vt 0.416666 1.000000
vt 0.130069 0.042274
vt 0.145129 0.068359
vt 0.160259 0.094564
vt 0.375000 0.521041
vt 0.375000 0.500000
vt 0.580392 0.080392
vt 0.601691 0.101691
vt 0.623087 0.123087
vt 0.375000 0.978959
vt 0.375000 1.000000
vt 0.080392 0.080392
vt 0.101691 0.101691
vt 0.123087 0.123087
vt 0.333333 0.521041
vt 0.333333 0.500000
vt 0.542274 0.130069
vt 0.568359 0.145129
vt 0.594564 0.160259
vt 0.333333 0.978959
vt 0.333333 1.000000
vt 0.042274 0.130069
vt 0.068359 0.145129
vt 0.094564 0.160259
vt 0.291667 0.521041
vt 0.291667 0.500000
vt 0.518311 0.187919
vt 0.547406 0.195715
vt 0.576634 0.203547
vt 0.291667 0.978959
vt 0.291667 1.000000
vt 0.018311 0.187919
vt 0.047406 0.195715
vt 0.076633 0.203547
vt 0.250000 0.521041
vt 0.250000 0.500000
vt 0.510138 0.250000
vt 0.540259 0.250000
vt 0.570518 0.250000
vt 0.250000 0.978959
vt 0.250000 1.000000
vt 0.010138 0.250000
vt 0.040259 0.250000
vt 0.070518 0.250000
vt 0.208333 0.521041
vt 0.208333 0.500000
vt 0.518311 0.312081
vt 0.547406 0.304285
vt 0.576633 0.296453
vt 0.208333 0.978959
vt 0.208333 1.000000
vt 0.018311 0.312081
vt 0.047406 0.304285
vt 0.076633 0.296453
vt 0.166666 0.521041
vt 0.166667 0.500000
vt 0.542274 0.369931
vt 0.568359 0.354871
vt 0.594564 0.339741
vt 0.166666 0.978959
vt 0.166666 1.000000
vt 0.042274 0.369931
vt 0.068359 0.354871
vt 0.094564 0.339741
vt 0.125000 0.521041
vt 0.125000 0.500000
vt 0.580392 0.419608
vt 0.601691 0.398309
vt 0.623087 0.376913
vt 0.125000 0.978959
vt 0.125000 1.000000
vt 0.080392 0.419608
vt 0.101691 0.398309
vt 0.123087 0.376913
vt 0.083333 0.521041
vt 0.083333 0.500000
vt 0.630069 0.457726
vt 0.645130 0.431641
vt 0.660259 0.405436
vt 0.083333 0.978959
vt 0.083333 1.000000
vt 0.130069 0.457726
vt 0.145129 0.431641
vt 0.160259 0.405436
vt 0.041666 0.521041
vt 0.041666 0.500000
vt 0.687919 0.481689
vt 0.695715 0.452594
vt 0.703547 0.423367
vt 0.041666 0.978959
vt 0.041666 1.000000
vt 0.187919 0.481689
vt 0.195715 0.452594
vt 0.203547 0.423367
vt -0.000000 0.521041
vt 0.000704 0.500000
vt -0.000000 0.978959
vt 0.000704 1.000000
s 0
usemtl trousers
f 4718/5630/4599 4726/5631/4599 4728/5632/4599 4720/5633/4599
f 4720/5634/4600 4728/5635/4600 4727/5636/4600 4719/5637/4600
f 4719/5637/4601 4727/5636/4601 4725/5638/4601 4717/5639/4601
f 4730/5640/4602 4722/5641/4602 4724/5642/4602 4732/5643/4602
f 4732/5644/4603 4724/5645/4603 4723/5646/4603 4731/5647/4603
f 4731/5647/4604 4723/5646/4604 4721/5648/4604 4729/5649/4604
f 4726/5631/4605 4734/5650/4605 4736/5651/4605 4728/5632/4605
f 4728/5635/4606 4736/5652/4606 4735/5653/4606 4727/5636/4606
f 4727/5636/4607 4735/5653/4607 4733/5654/4607 4725/5638/4607
f 4738/5655/4608 4730/5640/4608 4732/5643/4608 4740/5656/4608
f 4740/5657/4609 4732/5644/4609 4731/5647/4609 4739/5658/4609
f 4739/5658/4610 4731/5647/4610 4729/5649/4610 4737/5659/4610
f 4734/5650/4611 4742/5660/4611 4744/5661/4611 4736/5651/4611
f 4736/5652/4612 4744/5662/4612 4743/5663/4612 4735/5653/4612
f 4735/5653/4613 4743/5663/4613 4741/5664/4613 4733/5654/4613
f 4746/5665/4614 4738/5655/4614 4740/5656/4614 4748/5666/4614
f 4748/5667/4615 4740/5657/4615 4739/5658/4615 4747/5668/4615
f 4747/5668/4616 4739/5658/4616 4737/5659/4616 4745/5669/4616
f 4742/5660/4617 4750/5670/4617 4752/5671/4617 4744/5661/4617
f 4744/5662/4618 4752/5672/4618 4751/5673/4618 4743/5663/4618
f 4743/5663/4619 4751/5673/4619 4749/5674/4619 4741/5664/4619
f 4754/5675/4620 4746/5665/4620 4748/5666/4620 4756/5676/4620
f 4756/5677/4621 4748/5667/4621 4747/5668/4621 4755/5678/4621
f 4755/5678/4622 4747/5668/4622 4745/5669/4622 4753/5679/4622
f 4750/5670/4623 4758/5680/4623 4760/5681/4623 4752/5671/4623
f 4752/5672/4624 4760/5682/4624 4759/5683/4624 4751/5673/4624
f 4751/5673/4625 4759/5683/4625 4757/5684/4625 4749/5674/4625
f 4762/5685/4626 4754/5675/4626 4756/5676/4626 4764/5686/4626
f 4764/5687/4627 4756/5677/4627 4755/5678/4627 4763/5688/4627
f 4763/5688/4628 4755/5678/4628 4753/5679/4628 4761/5689/4628
f 4758/5680/4629 4766/5690/4629 4768/5691/4629 4760/5681/4629
f 4760/5682/4630 4768/5692/4630 4767/5693/4630 4759/5683/4630
f 4759/5683/4631 4767/5693/4631 4765/5694/4631 4757/5684/4631
f 4770/5695/4632 4762/5685/4632 4764/5686/4632 4772/5696/4632
f 4772/5697/4633 4764/5687/4633 4763/5688/4633 4771/5698/4633
f 4771/5698/4634 4763/5688/4634 4761/5689/4634 4769/5699/4634
f 4766/5690/4635 4774/5700/4635 4776/5701/4635 4768/5691/4635
f 4768/5692/4636 4776/5702/4636 4775/5703/4636 4767/5693/4636
f 4767/5693/4637 4775/5703/4637 4773/5704/4637 4765/5694/4637
f 4778/5705/4638 4770/5695/4638 4772/5696/4638 4780/5706/4638
f 4780/5707/4639 4772/5697/4639 4771/5698/4639 4779/5708/4639
f 4779/5708/4640 4771/5698/4640 4769/5699/4640 4777/5709/4640
f 4774/5700/4641 4782/5710/4641 4784/5711/4641 4776/5701/4641
f 4776/5702/4642 4784/5712/4642 4783/5713/4642 4775/5703/4642
f 4775/5703/4643 4783/5713/4643 4781/5714/4643 4773/5704/4643
f 4786/5715/4644 4778/5705/4644 4780/5706/4644 4788/5716/4644
f 4788/5717/4645 4780/5707/4645 4779/5708/4645 4787/5718/4645
f 4787/5718/4646 4779/5708/4646 4777/5709/4646 4785/5719/4646
f 4782/5710/4647 4790/5720/4647 4792/5721/4647 4784/5711/4647
f 4784/5712/4648 4792/5722/4648 4791/5723/4648 4783/5713/4648
f 4783/5713/4649 4791/5723/4649 4789/5724/4649 4781/5714/4649
f 4794/5725/4650 4786/5715/4650 4788/5716/4650 4796/5726/4650
f 4796/5727/4651 4788/5717/4651 4787/5718/4651 4795/5728/4651
f 4795/5728/4652 4787/5718/4652 4785/5719/4652 4793/5729/4652
f 4790/5720/4653 4798/5730/4653 4800/5731/4653 4792/5721/4653
f 4792/5722/4654 4800/5732/4654 4799/5733/4654 4791/5723/4654
f 4791/5723/4655 4799/5733/4655 4797/5734/4655 4789/5724/4655
f 4802/5735/4656 4794/5725/4656 4796/5726/4656 4804/5736/4656
f 4804/5737/4657 4796/5727/4657 4795/5728/4657 4803/5738/4657
f 4803/5738/4658 4795/5728/4658 4793/5729/4658 4801/5739/4658
f 4798/5730/4659 4806/5740/4659 4808/5741/4659 4800/5731/4659
f 4800/5732/4660 4808/5742/4660 4807/5743/4660 4799/5733/4660
f 4799/5733/4661 4807/5743/4661 4805/5744/4661 4797/5734/4661
f 4810/5745/4662 4802/5735/4662 4804/5736/4662 4812/5746/4662
f 4812/5747/4663 4804/5737/4663 4803/5738/4663 4811/5748/4663
f 4811/5748/4664 4803/5738/4664 4801/5739/4664 4809/5749/4664
f 4806/5740/4665 4814/5750/4665 4816/5751/4665 4808/5741/4665
f 4808/5742/4666 4816/5752/4666 4815/5753/4666 4807/5743/4666
f 4807/5743/4667 4815/5753/4667 4813/5754/4667 4805/5744/4667
f 4818/5755/4668 4810/5745/4668 4812/5746/4668 4820/5756/4668
f 4820/5757/4669 4812/5747/4669 4811/5748/4669 4819/5758/4669
f 4819/5758/4670 4811/5748/4670 4809/5749/4670 4817/5759/4670
f 4814/5750/4671 4822/5760/4671 4824/5761/4671 4816/5751/4671
f 4816/5752/4672 4824/5762/4672 4823/5763/4672 4815/5753/4672
f 4815/5753/4673 4823/5763/4673 4821/5764/4673 4813/5754/4673
f 4826/5765/4674 4818/5755/4674 4820/5756/4674 4828/5766/4674
f 4828/5767/4675 4820/5757/4675 4819/5758/4675 4827/5768/4675
f 4827/5768/4676 4819/5758/4676 4817/5759/4676 4825/5769/4676
f 4822/5760/4677 4830/5770/4677 4832/5771/4677 4824/5761/4677
f 4824/5762/4678 4832/5772/4678 4831/5773/4678 4823/5763/4678
f 4823/5763/4679 4831/5773/4679 4829/5774/4679 4821/5764/4679
f 4834/5775/4680 4826/5765/4680 4828/5766/4680 4836/5776/4680
f 4836/5777/4681 4828/5767/4681 4827/5768/4681 4835/5778/4681
f 4835/5778/4682 4827/5768/4682 4825/5769/4682 4833/5779/4682
f 4830/5770/4683 4838/5780/4683 4840/5781/4683 4832/5771/4683
f 4832/5772/4684 4840/5782/4684 4839/5783/4684 4831/5773/4684
f 4831/5773/4685 4839/5783/4685 4837/5784/4685 4829/5774/4685
f 4842/5785/4686 4834/5775/4686 4836/5776/4686 4844/5786/4686
f 4844/5787/4687 4836/5777/4687 4835/5778/4687 4843/5788/4687
f 4843/5788/4688 4835/5778/4688 4833/5779/4688 4841/5789/4688
f 4838/5780/4689 4846/5790/4689 4848/5791/4689 4840/5781/4689
f 4840/5782/4690 4848/5792/4690 4847/5793/4690 4839/5783/4690
f 4839/5783/4691 4847/5793/4691 4845/5794/4691 4837/5784/4691
f 4850/5795/4692 4842/5785/4692 4844/5786/4692 4852/5796/4692
f 4852/5797/4693 4844/5787/4693 4843/5788/4693 4851/5798/4693
f 4851/5798/4694 4843/5788/4694 4841/5789/4694 4849/5799/4694
f 4846/5790/4695 4854/5800/4695 4856/5801/4695 4848/5791/4695
f 4848/5792/4696 4856/5802/4696 4855/5803/4696 4847/5793/4696
f 4847/5793/4697 4855/5803/4697 4853/5804/4697 4845/5794/4697
f 4858/5805/4698 4850/5795/4698 4852/5796/4698 4860/5806/4698
f 4860/5807/4699 4852/5797/4699 4851/5798/4699 4859/5808/4699
f 4859/5808/4700 4851/5798/4700 4849/5799/4700 4857/5809/4700
f 4854/5800/4701 4862/5810/4701 4864/5811/4701 4856/5801/4701
f 4856/5802/4702 4864/5812/4702 4863/5813/4702 4855/5803/4702
f 4855/5803/4703 4863/5813/4703 4861/5814/4703 4853/5804/4703
f 4866/5815/4704 4858/5805/4704 4860/5806/4704 4868/5816/4704
f 4868/5817/4705 4860/5807/4705 4859/5808/4705 4867/5818/4705
f 4867/5818/4706 4859/5808/4706 4857/5809/4706 4865/5819/4706
f 4862/5810/4707 4870/5820/4707 4872/5821/4707 4864/5811/4707
f 4864/5812/4708 4872/5822/4708 4871/5823/4708 4863/5813/4708
f 4863/5813/4709 4871/5823/4709 4869/5824/4709 4861/5814/4709
f 4874/5825/4710 4866/5815/4710 4868/5816/4710 4876/5826/4710
f 4876/5827/4711 4868/5817/4711 4867/5818/4711 4875/5828/4711
f 4875/5828/4712 4867/5818/4712 4865/5819/4712 4873/5829/4712
f 4870/5820/4713 4878/5830/4713 4880/5831/4713 4872/5821/4713
f 4872/5822/4714 4880/5832/4714 4879/5833/4714 4871/5823/4714
f 4871/5823/4715 4879/5833/4715 4877/5834/4715 4869/5824/4715
f 4882/5835/4716 4874/5825/4716 4876/5826/4716 4884/5836/4716
f 4884/5837/4717 4876/5827/4717 4875/5828/4717 4883/5838/4717
f 4883/5838/4718 4875/5828/4718 4873/5829/4718 4881/5839/4718
f 4878/5830/4719 4886/5840/4719 4888/5841/4719 4880/5831/4719
f 4880/5832/4720 4888/5842/4720 4887/5843/4720 4879/5833/4720
f 4879/5833/4721 4887/5843/4721 4885/5844/4721 4877/5834/4721
f 4890/5845/4722 4882/5835/4722 4884/5836/4722 4892/5846/4722
f 4892/5847/4723 4884/5837/4723 4883/5838/4723 4891/5848/4723
f 4891/5848/4724 4883/5838/4724 4881/5839/4724 4889/5849/4724
f 4886/5840/4725 4894/5850/4725 4896/5851/4725 4888/5841/4725
f 4888/5842/4726 4896/5852/4726 4895/5853/4726 4887/5843/4726
f 4887/5843/4727 4895/5853/4727 4893/5854/4727 4885/5844/4727
f 4898/5855/4728 4890/5845/4728 4892/5846/4728 4900/5856/4728
f 4900/5857/4729 4892/5847/4729 4891/5848/4729 4899/5858/4729
f 4899/5858/4730 4891/5848/4730 4889/5849/4730 4897/5859/4730
f 4894/5850/4731 4902/5860/4731 4904/5861/4731 4896/5851/4731
f 4896/5852/4732 4904/5862/4732 4903/5863/4732 4895/5853/4732
f 4895/5853/4733 4903/5863/4733 4901/5864/4733 4893/5854/4733
f 4906/5865/4734 4898/5855/4734 4900/5856/4734 4908/5866/4734
f 4908/5867/4735 4900/5857/4735 4899/5858/4735 4907/5868/4735
f 4907/5868/4736 4899/5858/4736 4897/5859/4736 4905/5869/4736
f 4902/5860/4737 4718/5870/4737 4720/5871/4737 4904/5861/4737
f 4904/5862/4738 4720/5634/4738 4719/5637/4738 4903/5863/4738
f 4903/5863/4739 4719/5637/4739 4717/5639/4739 4901/5864/4739
f 4722/5872/4740 4906/5865/4740 4908/5866/4740 4724/5873/4740
f 4724/5645/4741 4908/5867/4741 4907/5868/4741 4723/5646/4741
f 4723/5646/4742 4907/5868/4742 4905/5869/4742 4721/5648/4742
f 4717/5639/4743 4725/5638/4743 4733/5654/4743 4741/5664/4743 4749/5674/4743 4757/5684/4743 4765/5694/4743 4773/5704/4743 4781/5714/4743 4789/5724/4743 4797/5734/4743 4805/5744/4743 4813/5754/4743 4821/5764/4743 4829/5774/4743 4837/5784/4743 4845/5794/4743 4853/5804/4743 4861/5814/4743 4869/5824/4743 4877/5834/4743 4885/5844/4743 4893/5854/4743 4901/5864/4743
f 4718/5630/4744 4722/5641/4744 4730/5640/4744 4726/5631/4744
f 4902/5860/4745 4906/5865/4745 4722/5872/4745 4718/5870/4745
f 4729/5649/4746 4721/5648/4746 4905/5869/4746 4897/5859/4746 4889/5849/4746 4881/5839/4746 4873/5829/4746 4865/5819/4746 4857/5809/4746 4849/5799/4746 4841/5789/4746 4833/5779/4746 4825/5769/4746 4817/5759/4746 4809/5749/4746 4801/5739/4746 4793/5729/4746 4785/5719/4746 4777/5709/4746 4769/5699/4746 4761/5689/4746 4753/5679/4746 4745/5669/4746 4737/5659/4746
f 4726/5631/4747 4730/5640/4747 4738/5655/4747 4734/5650/4747
f 4734/5650/4748 4738/5655/4748 4746/5665/4748 4742/5660/4748
f 4742/5660/4749 4746/5665/4749 4754/5675/4749 4750/5670/4749
f 4750/5670/4750 4754/5675/4750 4762/5685/4750 4758/5680/4750
f 4758/5680/4751 4762/5685/4751 4770/5695/4751 4766/5690/4751
f 4766/5690/4752 4770/5695/4752 4778/5705/4752 4774/5700/4752
f 4774/5700/4753 4778/5705/4753 4786/5715/4753 4782/5710/4753
f 4782/5710/4754 4786/5715/4754 4794/5725/4754 4790/5720/4754
f 4790/5720/4755 4794/5725/4755 4802/5735/4755 4798/5730/4755
f 4798/5730/4756 4802/5735/4756 4810/5745/4756 4806/5740/4756
f 4806/5740/4757 4810/5745/4757 4818/5755/4757 4814/5750/4757
f 4814/5750/4758 4818/5755/4758 4826/5765/4758 4822/5760/4758
f 4822/5760/4759 4826/5765/4759 4834/5775/4759 4830/5770/4759
f 4830/5770/4760 4834/5775/4760 4842/5785/4760 4838/5780/4760
f 4838/5780/4761 4842/5785/4761 4850/5795/4761 4846/5790/4761
f 4846/5790/4762 4850/5795/4762 4858/5805/4762 4854/5800/4762
f 4854/5800/4763 4858/5805/4763 4866/5815/4763 4862/5810/4763
f 4862/5810/4764 4866/5815/4764 4874/5825/4764 4870/5820/4764
f 4870/5820/4765 4874/5825/4765 4882/5835/4765 4878/5830/4765
f 4878/5830/4766 4882/5835/4766 4890/5845/4766 4886/5840/4766
f 4886/5840/4767 4890/5845/4767 4898/5855/4767 4894/5850/4767
f 4894/5850/4768 4898/5855/4768 4906/5865/4768 4902/5860/4768
o shin.001
v 0.528026 2.069151 0.152456
v 0.587065 2.013579 0.178695
v 0.556127 2.063272 0.164945
v 0.577737 2.042931 0.174550
v 0.618026 0.679152 0.192456
v 0.669315 0.743279 0.215251
v 0.645089 0.689309 0.204484
v 0.663862 0.712781 0.212828
v 0.537616 2.068840 0.120044
v 0.601136 2.013121 0.131135
v 0.567957 2.062887 0.124959
v 0.591207 2.042493 0.129019
v 0.627616 0.678840 0.160045
v 0.683386 0.742821 0.167691
v 0.656919 0.688924 0.164499
v 0.677332 0.712343 0.167297
v 0.538508 2.067925 0.086267
v 0.602445 2.011780 0.081571
v 0.569058 2.061759 0.083288
v 0.592461 2.041208 0.081570
v 0.628508 0.677926 0.126267
v 0.684695 0.741480 0.118127
v 0.658020 0.687796 0.122828
v 0.678586 0.711059 0.119848
v 0.530642 2.066471 0.053425
v 0.590904 2.009645 0.033380
v 0.559355 2.059965 0.042772
v 0.581412 2.039165 0.035435
v 0.620642 0.676471 0.093426
v 0.673153 0.739346 0.069935
v 0.648316 0.686002 0.082311
v 0.667537 0.709015 0.073713
v 0.514556 2.064576 0.023758
v 0.567298 2.006864 -0.010154
v 0.539508 2.057626 0.006171
v 0.558814 2.036503 -0.006241
v 0.604556 0.674576 0.063758
v 0.649548 0.736564 0.026402
v 0.628470 0.683664 0.045710
v 0.644938 0.706353 0.032037
v 0.491343 2.062368 -0.000714
v 0.533237 2.003625 -0.046064
v 0.510872 2.054904 -0.024019
v 0.526206 2.033402 -0.040619
v 0.581343 0.672369 0.039286
v 0.615487 0.733326 -0.009508
v 0.599833 0.680941 0.015520
v 0.612331 0.703252 -0.002340
v 0.462588 2.060000 -0.018323
v 0.491041 2.000150 -0.071902
v 0.475396 2.051981 -0.045743
v 0.485811 2.030075 -0.065354
v 0.552588 0.670000 0.021678
v 0.573291 0.729850 -0.035346
v 0.564358 0.678018 -0.006204
v 0.571936 0.699925 -0.027076
v 0.430248 2.057631 -0.027868
v 0.443587 1.996674 -0.085908
v 0.435499 2.049059 -0.057518
v 0.440382 2.026747 -0.078763
v 0.520248 0.667631 0.012133
v 0.525837 0.726374 -0.049352
v 0.524461 0.675096 -0.017979
v 0.526507 0.696598 -0.040484
v 0.396529 2.055424 -0.028699
v 0.394108 1.993436 -0.087128
v 0.393900 2.046336 -0.058543
v 0.393014 2.023647 -0.079930
v 0.486529 0.665424 0.011302
v 0.476358 0.723136 -0.050572
v 0.482862 0.672373 -0.019004
v 0.479139 0.693497 -0.041652
v 0.363728 2.053529 -0.020759
v 0.345976 1.990654 -0.075477
v 0.353434 2.043998 -0.048748
v 0.346936 2.020984 -0.068777
v 0.453728 0.663529 0.019242
v 0.428226 0.720354 -0.038921
v 0.442395 0.670035 -0.009209
v 0.433061 0.690835 -0.030498
v 0.334080 2.052074 -0.004590
v 0.302471 1.988520 -0.051751
v 0.316857 2.042204 -0.028801
v 0.305288 2.018941 -0.046063
v 0.424080 0.662075 0.035411
v 0.384721 0.718220 -0.015195
v 0.405819 0.668241 0.010738
v 0.391412 0.688792 -0.007785
v 0.309606 2.051160 0.018707
v 0.266559 1.987179 -0.017566
v 0.286664 2.041076 -0.000060
v 0.270907 2.017657 -0.013337
v 0.399606 0.661160 0.058707
v 0.348808 0.716879 0.018990
v 0.375625 0.667113 0.039479
v 0.357032 0.687507 0.024942
v 0.291973 2.050848 0.047544
v 0.240685 1.986721 0.024749
v 0.264911 2.040691 0.035516
v 0.246138 2.017219 0.027172
v 0.381974 0.660848 0.087544
v 0.322935 0.716421 0.061305
v 0.353873 0.666728 0.075055
v 0.332263 0.687069 0.065450
v 0.282384 2.051160 0.079955
v 0.226614 1.987179 0.072309
v 0.253081 2.041076 0.075501
v 0.232668 2.017657 0.072703
v 0.372384 0.661160 0.119956
v 0.308864 0.716879 0.108865
v 0.342043 0.667113 0.115041
v 0.318793 0.687507 0.110981
v 0.281492 2.052074 0.113733
v 0.225305 1.988520 0.121873
v 0.251980 2.042204 0.117173
v 0.231414 2.018941 0.120152
v 0.371492 0.662075 0.153733
v 0.307555 0.718220 0.158429
v 0.340942 0.668241 0.156712
v 0.317539 0.688792 0.158430
v 0.289358 2.053529 0.146574
v 0.236847 1.990654 0.170065
v 0.261684 2.043998 0.157689
v 0.242463 2.020985 0.166287
v 0.379358 0.663529 0.186575
v 0.319096 0.720354 0.206620
v 0.350645 0.670035 0.197228
v 0.328588 0.690835 0.204565
v 0.305444 2.055424 0.176242
v 0.260452 1.993436 0.213598
v 0.281530 2.046336 0.194290
v 0.265062 2.023647 0.207963
v 0.395444 0.665424 0.216242
v 0.342702 0.723136 0.250154
v 0.370492 0.672373 0.233829
v 0.351186 0.693497 0.246241
v 0.328657 2.057631 0.200714
v 0.294513 1.996674 0.249508
v 0.310167 2.049059 0.224480
v 0.297669 2.026748 0.242340
v 0.418657 0.667632 0.240714
v 0.376763 0.726375 0.286064
v 0.399128 0.675096 0.264019
v 0.383794 0.696598 0.280619
v 0.357412 2.060000 0.218322
v 0.336709 2.000150 0.275346
v 0.345642 2.051981 0.246204
v 0.338064 2.030075 0.267076
v 0.447412 0.670000 0.258323
v 0.418959 0.729850 0.311902
v 0.434604 0.678019 0.285743
v 0.424189 0.699925 0.305354
v 0.389752 2.062369 0.227867
v 0.384163 2.003626 0.289352
v 0.385539 2.054904 0.257979
v 0.383493 2.033402 0.280484
v 0.479752 0.672369 0.267868
v 0.466413 0.733326 0.325908
v 0.474501 0.680941 0.297518
v 0.469618 0.703252 0.318763
v 0.423471 2.064576 0.228698
v 0.433642 2.006865 0.290572
v 0.427138 2.057627 0.259004
v 0.430861 2.036503 0.281652
v 0.513471 0.674576 0.268699
v 0.515892 0.736565 0.327128
v 0.516100 0.683664 0.298543
v 0.516986 0.706353 0.319930
v 0.456272 2.066471 0.220758
v 0.481774 2.009646 0.278921
v 0.467605 2.059965 0.249209
v 0.476939 2.039165 0.270499
v 0.546272 0.676471 0.260759
v 0.564024 0.739346 0.315477
v 0.556566 0.686002 0.288748
v 0.563064 0.709016 0.308777
v 0.485920 2.067925 0.204589
v 0.525279 2.011780 0.255195
v 0.504181 2.061759 0.229262
v 0.518587 2.041208 0.247785
v 0.575920 0.677926 0.244590
v 0.607529 0.741480 0.291751
v 0.593143 0.687796 0.268801
v 0.604712 0.711059 0.286063
v 0.510394 2.068840 0.181293
v 0.561192 2.013121 0.221010
v 0.534375 2.062887 0.200521
v 0.552968 2.042493 0.215058
v 0.600394 0.678840 0.221293
v 0.643441 0.742821 0.257566
v 0.623336 0.688924 0.240060
v 0.639093 0.712343 0.253337
vn 0.9074 0.3259 0.2653
vn 0.6308 0.7549 0.1794
vn 0.1852 0.9816 0.0454
vn 0.9409 -0.1905 0.2802
vn 0.7222 -0.6558 0.2200
vn 0.3100 -0.9454 0.1008
vn 0.9469 0.3212 0.0163
vn 0.6597 0.7515 -0.0029
vn 0.1958 0.9804 -0.0214
vn 0.9803 -0.1951 0.0312
vn 0.7511 -0.6592 0.0377
vn 0.3206 -0.9466 0.0341
vn 0.9206 0.3123 -0.2343
vn 0.6405 0.7450 -0.1864
vn 0.1888 0.9780 -0.0885
vn 0.9541 -0.2040 -0.2195
vn 0.7318 -0.6657 -0.1458
vn 0.3135 -0.9490 -0.0331
vn 0.8305 0.2997 -0.4695
vn 0.5745 0.7358 -0.3585
vn 0.1646 0.9746 -0.1515
vn 0.8639 -0.2166 -0.4546
vn 0.6659 -0.6749 -0.3179
vn 0.2894 -0.9524 -0.0961
vn 0.6827 0.2843 -0.6732
vn 0.4663 0.7245 -0.5076
vn 0.1250 0.9705 -0.2061
vn 0.7161 -0.2320 -0.6583
vn 0.5576 -0.6862 -0.4671
vn 0.2498 -0.9565 -0.1507
vn 0.4872 0.2671 -0.8315
vn 0.3232 0.7119 -0.6235
vn 0.0726 0.9659 -0.2485
vn 0.5206 -0.2493 -0.8166
vn 0.4145 -0.6988 -0.5829
vn 0.1974 -0.9611 -0.1931
vn 0.2573 0.2493 -0.9336
vn 0.1549 0.6988 -0.6983
vn 0.0110 0.9611 -0.2759
vn 0.2907 -0.2671 -0.9188
vn 0.2463 -0.7119 -0.6577
vn 0.1358 -0.9659 -0.2204
vn 0.0088 0.2320 -0.9727
vn -0.0270 0.6862 -0.7269
vn -0.0556 0.9565 -0.2864
vn 0.0422 -0.2843 -0.9578
vn 0.0643 -0.7245 -0.6863
vn 0.0692 -0.9705 -0.2309
vn -0.2415 0.2166 -0.9459
vn -0.2102 0.6749 -0.7073
vn -0.1226 0.9524 -0.2792
vn -0.2080 -0.2997 -0.9311
vn -0.1189 -0.7358 -0.6667
vn 0.0022 -0.9746 -0.2237
vn -0.4764 0.2040 -0.8552
vn -0.3822 0.6657 -0.6409
vn -0.1856 0.9490 -0.2549
vn -0.4430 -0.3123 -0.8404
vn -0.2909 -0.7450 -0.6003
vn -0.0608 -0.9780 -0.1994
vn -0.6800 0.1951 -0.7067
vn -0.5313 0.6592 -0.5322
vn -0.2401 0.9466 -0.2151
vn -0.6466 -0.3212 -0.6919
vn -0.4399 -0.7515 -0.4916
vn -0.1154 -0.9804 -0.1597
vn -0.8384 0.1905 -0.5106
vn -0.6472 0.6558 -0.3887
vn -0.2826 0.9454 -0.1626
vn -0.8050 -0.3259 -0.4958
vn -0.5559 -0.7549 -0.3481
vn -0.1578 -0.9816 -0.1071
vn -0.9409 0.1905 -0.2802
vn -0.7222 0.6558 -0.2200
vn -0.3100 0.9454 -0.1008
vn -0.9074 -0.3259 -0.2653
vn -0.6308 -0.7549 -0.1794
vn -0.1852 -0.9816 -0.0454
vn -0.9803 0.1951 -0.0312
vn -0.7511 0.6592 -0.0377
vn -0.3206 0.9466 -0.0341
vn -0.9469 -0.3212 -0.0163
vn -0.6597 -0.7515 0.0029
vn -0.1958 -0.9804 0.0214
vn -0.9541 0.2040 0.2195
vn -0.7318 0.6657 0.1458
vn -0.3135 0.9490 0.0331
vn -0.9206 -0.3123 0.2343
vn -0.6405 -0.7450 0.1864
vn -0.1888 -0.9780 0.0885
vn -0.8639 0.2166 0.4546
vn -0.6659 0.6749 0.3179
vn -0.2894 0.9524 0.0961
vn -0.8305 -0.2997 0.4695
vn -0.5745 -0.7358 0.3585
vn -0.1646 -0.9746 0.1515
vn -0.7161 0.2320 0.6583
vn -0.5576 0.6862 0.4671
vn -0.2498 0.9565 0.1507
vn -0.6827 -0.2843 0.6732
vn -0.4663 -0.7245 0.5076
vn -0.1250 -0.9705 0.2061
vn -0.5206 0.2493 0.8166
vn -0.4145 0.6988 0.5829
vn -0.1974 0.9611 0.1931
vn -0.4872 -0.2671 0.8315
vn -0.3232 -0.7119 0.6235
vn -0.0726 -0.9659 0.2485
vn -0.2907 0.2671 0.9188
vn -0.2463 0.7119 0.6577
vn -0.1358 0.9659 0.2204
vn -0.2573 -0.2493 0.9336
vn -0.1549 -0.6988 0.6983
vn -0.0110 -0.9611 0.2759
vn -0.0422 0.2843 0.9578
vn -0.0643 0.7245 0.6863
vn -0.0692 0.9705 0.2309
vn -0.0088 -0.2320 0.9727
vn 0.0270 -0.6862 0.7269
vn 0.0556 -0.9565 0.2864
vn 0.2080 0.2997 0.9311
vn 0.1189 0.7358 0.6667
vn -0.0022 0.9746 0.2237
vn 0.2415 -0.2166 0.9459
vn 0.2102 -0.6749 0.7073
vn 0.1226 -0.9524 0.2792
vn 0.4430 0.3123 0.8404
vn 0.2909 0.7450 0.6003
vn 0.0608 0.9780 0.1994
vn 0.4764 -0.2040 0.8552
vn 0.3822 -0.6657 0.6409
vn 0.1856 -0.9490 0.2549
vn 0.6466 0.3212 0.6919
vn 0.4399 0.7515 0.4916
vn 0.1154 0.9804 0.1597
vn 0.6800 -0.1951 0.7067
vn 0.5313 -0.6592 0.5322
vn 0.2401 -0.9466 0.2151
vn 0.8050 0.3259 0.4958
vn 0.5559 0.7549 0.3481
vn 0.1578 0.9816 0.1071
vn 0.8384 -0.1905 0.5106
vn 0.6472 -0.6558 0.3887
vn 0.2826 -0.9454 0.1626
vn -0.0646 0.9975 -0.0287
vn 0.9567 0.0701 0.2824
vn 0.8507 0.0701 0.5209
vn 0.0646 -0.9975 0.0287
vn 0.9976 0.0653 0.0246
vn 0.9704 0.0561 -0.2349
vn 0.8771 0.0430 -0.4784
vn 0.7240 0.0270 -0.6892
vn 0.5216 0.0092 -0.8531
vn 0.2837 -0.0092 -0.9589
vn 0.0264 -0.0270 -0.9993
vn -0.2327 -0.0430 -0.9716
vn -0.4759 -0.0561 -0.8777
vn -0.6867 -0.0653 -0.7240
vn -0.8507 -0.0701 -0.5209
vn -0.9567 -0.0701 -0.2824
vn -0.9976 -0.0653 -0.0246
vn -0.9704 -0.0561 0.2349
vn -0.8771 -0.0430 0.4784
vn -0.7240 -0.0270 0.6892
vn -0.5216 -0.0092 0.8531
vn -0.2837 0.0092 0.9589
vn -0.0264 0.0270 0.9993
vn 0.2327 0.0430 0.9716
vn 0.4759 0.0561 0.8777
vn 0.6867 0.0653 0.7240
vt 1.000000 0.521529
vt 0.958333 0.521529
vt 0.958333 0.500000
vt 0.999111 0.500000
vt 0.750000 0.489826
vt 0.812071 0.481654
vt 0.802224 0.444903
vt 0.750000 0.451778
vt 0.792331 0.407983
vt 0.750000 0.413557
vt 0.958333 0.978471
vt 1.000000 0.978471
vt 0.999111 1.000000
vt 0.958333 1.000000
vt 0.312071 0.481654
vt 0.250000 0.489826
vt 0.250000 0.451778
vt 0.302224 0.444903
vt 0.250000 0.413556
vt 0.292332 0.407983
vt 0.916667 0.521529
vt 0.916667 0.500000
vt 0.869913 0.457695
vt 0.850889 0.424745
vt 0.831778 0.391644
vt 0.916667 0.978471
vt 0.916667 1.000000
vt 0.369913 0.457695
vt 0.350889 0.424745
vt 0.331778 0.391644
vt 0.875000 0.521529
vt 0.875000 0.500000
vt 0.919582 0.419582
vt 0.892679 0.392679
vt 0.865652 0.365652
vt 0.875000 0.978471
vt 0.875000 1.000000
vt 0.419582 0.419582
vt 0.392679 0.392679
vt 0.365652 0.365652
vt 0.833333 0.521529
vt 0.833333 0.500000
vt 0.957695 0.369913
vt 0.924745 0.350889
vt 0.891644 0.331778
vt 0.833333 0.978471
vt 0.833333 1.000000
vt 0.457695 0.369913
vt 0.424745 0.350889
vt 0.391644 0.331778
vt 0.791667 0.521529
vt 0.791667 0.500000
vt 0.981654 0.312071
vt 0.944903 0.302224
vt 0.907984 0.292332
vt 0.791667 0.978471
vt 0.791667 1.000000
vt 0.481654 0.312071
vt 0.444903 0.302224
vt 0.407984 0.292332
vt 0.750000 0.521529
vt 0.750000 0.500000
vt 0.989826 0.250000
vt 0.951778 0.250000
vt 0.913557 0.250000
vt 0.750000 0.978471
vt 0.750000 1.000000
vt 0.489826 0.250000
vt 0.451778 0.250000
vt 0.413557 0.250000
vt 0.708333 0.521529
vt 0.708333 0.500000
vt 0.981654 0.187929
vt 0.944903 0.197776
vt 0.907983 0.207668
vt 0.708333 0.978471
vt 0.708333 1.000000
vt 0.481654 0.187929
vt 0.444903 0.197776
vt 0.407983 0.207668
vt 0.666667 0.521529
vt 0.666667 0.500000
vt 0.957695 0.130087
vt 0.924745 0.149111
vt 0.891644 0.168222
vt 0.666667 0.978471
vt 0.666667 1.000000
vt 0.457695 0.130087
vt 0.424745 0.149111
vt 0.391644 0.168222
vt 0.625000 0.521529
vt 0.625000 0.500000
vt 0.919582 0.080418
vt 0.892679 0.107321
vt 0.865652 0.134348
vt 0.625000 0.978471
vt 0.625000 1.000000
vt 0.419582 0.080418
vt 0.392679 0.107321
vt 0.365652 0.134348
vt 0.583333 0.521529
vt 0.583333 0.500000
vt 0.869913 0.042305
vt 0.850889 0.075255
vt 0.831778 0.108356
vt 0.583333 0.978471
vt 0.583333 1.000000
vt 0.369913 0.042305
vt 0.350889 0.075255
vt 0.331778 0.108356
vt 0.541666 0.521529
vt 0.541666 0.500000
vt 0.812071 0.018346
vt 0.802224 0.055097
vt 0.792332 0.092017
vt 0.541666 0.978471
vt 0.541666 1.000000
vt 0.312071 0.018346
vt 0.302224 0.055097
vt 0.292332 0.092017
vt 0.500000 0.521529
vt 0.500000 0.500000
vt 0.750000 0.010174
vt 0.750000 0.048222
vt 0.750000 0.086443
vt 0.500000 0.978471
vt 0.500000 1.000000
vt 0.250000 0.010174
vt 0.250000 0.048222
vt 0.250000 0.086443
vt 0.458333 0.521529
vt 0.458333 0.500000
vt 0.687929 0.018346
vt 0.697776 0.055097
vt 0.707668 0.092017
vt 0.458333 0.978471
vt 0.458333 1.000000
vt 0.187929 0.018346
vt 0.197776 0.055097
vt 0.207668 0.092017
vt 0.416667 0.521529
vt 0.416666 0.500000
vt 0.630087 0.042305
vt 0.649111 0.075255
vt 0.668222 0.108356
vt 0.416667 0.978471
vt 0.416666 1.000000
vt 0.130087 0.042305
vt 0.149111 0.075255
vt 0.168222 0.108356
vt 0.375000 0.521529
vt 0.375000 0.500000
vt 0.580418 0.080418
vt 0.607321 0.107321
vt 0.634348 0.134348
vt 0.375000 0.978471
vt 0.375000 1.000000
vt 0.080418 0.080418
vt 0.107321 0.107321
vt 0.134348 0.134348
vt 0.333333 0.521529
vt 0.333333 0.500000
vt 0.542305 0.130087
vt 0.575255 0.149111
vt 0.608356 0.168222
vt 0.333333 0.978471
vt 0.333333 1.000000
vt 0.042305 0.130087
vt 0.075255 0.149111
vt 0.108356 0.168222
vt 0.291667 0.521529
vt 0.291667 0.500000
vt 0.518346 0.187929
vt 0.555097 0.197776
vt 0.592017 0.207668
vt 0.291667 0.978471
vt 0.291667 1.000000
vt 0.018346 0.187929
vt 0.055097 0.197776
vt 0.092017 0.207668
vt 0.250000 0.521529
vt 0.250000 0.500000
vt 0.510175 0.250000
vt 0.548222 0.250000
vt 0.586444 0.250000
vt 0.250000 0.978471
vt 0.250000 1.000000
vt 0.010174 0.250000
vt 0.048222 0.250000
vt 0.086443 0.250000
vt 0.208333 0.521529
vt 0.208333 0.500000
vt 0.518346 0.312071
vt 0.555097 0.302224
vt 0.592017 0.292332
vt 0.208333 0.978471
vt 0.208333 1.000000
vt 0.018346 0.312071
vt 0.055097 0.302224
vt 0.092017 0.292332
vt 0.166667 0.521529
vt 0.166666 0.500000
vt 0.542305 0.369913
vt 0.575255 0.350889
vt 0.608356 0.331778
vt 0.166667 0.978471
vt 0.166667 1.000000
vt 0.042305 0.369913
vt 0.075255 0.350889
vt 0.108356 0.331778
vt 0.125000 0.521529
vt 0.125000 0.500000
vt 0.580418 0.419582
vt 0.607321 0.392679
vt 0.634348 0.365652
vt 0.125000 0.978471
vt 0.125000 1.000000
vt 0.080418 0.419582
vt 0.107321 0.392679
vt 0.134348 0.365652
vt 0.083333 0.521529
vt 0.083333 0.500000
vt 0.630087 0.457695
vt 0.649111 0.424745
vt 0.668222 0.391644
vt 0.083333 0.978471
vt 0.083333 1.000000
vt 0.130087 0.457695
vt 0.149111 0.424745
vt 0.168222 0.391644
vt 0.041666 0.521529
vt 0.041666 0.500000
vt 0.687929 0.481654
vt 0.697776 0.444903
vt 0.707668 0.407983
vt 0.041666 0.978471
vt 0.041666 1.000000
vt 0.187929 0.481654
vt 0.197776 0.444903
vt 0.207668 0.407983
vt -0.000000 0.521529
vt 0.000889 0.500000
vt -0.000000 0.978471
vt 0.000889 1.000000
s 0
usemtl trousers
f 4910/5874/4769 4918/5875/4769 4920/5876/4769 4912/5877/4769
f 4912/5878/4770 4920/5879/4770 4919/5880/4770 4911/5881/4770
f 4911/5881/4771 4919/5880/4771 4917/5882/4771 4909/5883/4771
f 4922/5884/4772 4914/5885/4772 4916/5886/4772 4924/5887/4772
f 4924/5888/4773 4916/5889/4773 4915/5890/4773 4923/5891/4773
f 4923/5891/4774 4915/5890/4774 4913/5892/4774 4921/5893/4774
f 4918/5875/4775 4926/5894/4775 4928/5895/4775 4920/5876/4775
f 4920/5879/4776 4928/5896/4776 4927/5897/4776 4919/5880/4776
f 4919/5880/4777 4927/5897/4777 4925/5898/4777 4917/5882/4777
f 4930/5899/4778 4922/5884/4778 4924/5887/4778 4932/5900/4778
f 4932/5901/4779 4924/5888/4779 4923/5891/4779 4931/5902/4779
f 4931/5902/4780 4923/5891/4780 4921/5893/4780 4929/5903/4780
f 4926/5894/4781 4934/5904/4781 4936/5905/4781 4928/5895/4781
f 4928/5896/4782 4936/5906/4782 4935/5907/4782 4927/5897/4782
f 4927/5897/4783 4935/5907/4783 4933/5908/4783 4925/5898/4783
f 4938/5909/4784 4930/5899/4784 4932/5900/4784 4940/5910/4784
f 4940/5911/4785 4932/5901/4785 4931/5902/4785 4939/5912/4785
f 4939/5912/4786 4931/5902/4786 4929/5903/4786 4937/5913/4786
f 4934/5904/4787 4942/5914/4787 4944/5915/4787 4936/5905/4787
f 4936/5906/4788 4944/5916/4788 4943/5917/4788 4935/5907/4788
f 4935/5907/4789 4943/5917/4789 4941/5918/4789 4933/5908/4789
f 4946/5919/4790 4938/5909/4790 4940/5910/4790 4948/5920/4790
f 4948/5921/4791 4940/5911/4791 4939/5912/4791 4947/5922/4791
f 4947/5922/4792 4939/5912/4792 4937/5913/4792 4945/5923/4792
f 4942/5914/4793 4950/5924/4793 4952/5925/4793 4944/5915/4793
f 4944/5916/4794 4952/5926/4794 4951/5927/4794 4943/5917/4794
f 4943/5917/4795 4951/5927/4795 4949/5928/4795 4941/5918/4795
f 4954/5929/4796 4946/5919/4796 4948/5920/4796 4956/5930/4796
f 4956/5931/4797 4948/5921/4797 4947/5922/4797 4955/5932/4797
f 4955/5932/4798 4947/5922/4798 4945/5923/4798 4953/5933/4798
f 4950/5924/4799 4958/5934/4799 4960/5935/4799 4952/5925/4799
f 4952/5926/4800 4960/5936/4800 4959/5937/4800 4951/5927/4800
f 4951/5927/4801 4959/5937/4801 4957/5938/4801 4949/5928/4801
f 4962/5939/4802 4954/5929/4802 4956/5930/4802 4964/5940/4802
f 4964/5941/4803 4956/5931/4803 4955/5932/4803 4963/5942/4803
f 4963/5942/4804 4955/5932/4804 4953/5933/4804 4961/5943/4804
f 4958/5934/4805 4966/5944/4805 4968/5945/4805 4960/5935/4805
f 4960/5936/4806 4968/5946/4806 4967/5947/4806 4959/5937/4806
f 4959/5937/4807 4967/5947/4807 4965/5948/4807 4957/5938/4807
f 4970/5949/4808 4962/5939/4808 4964/5940/4808 4972/5950/4808
f 4972/5951/4809 4964/5941/4809 4963/5942/4809 4971/5952/4809
f 4971/5952/4810 4963/5942/4810 4961/5943/4810 4969/5953/4810
f 4966/5944/4811 4974/5954/4811 4976/5955/4811 4968/5945/4811
f 4968/5946/4812 4976/5956/4812 4975/5957/4812 4967/5947/4812
f 4967/5947/4813 4975/5957/4813 4973/5958/4813 4965/5948/4813
f 4978/5959/4814 4970/5949/4814 4972/5950/4814 4980/5960/4814
f 4980/5961/4815 4972/5951/4815 4971/5952/4815 4979/5962/4815
f 4979/5962/4816 4971/5952/4816 4969/5953/4816 4977/5963/4816
f 4974/5954/4817 4982/5964/4817 4984/5965/4817 4976/5955/4817
f 4976/5956/4818 4984/5966/4818 4983/5967/4818 4975/5957/4818
f 4975/5957/4819 4983/5967/4819 4981/5968/4819 4973/5958/4819
f 4986/5969/4820 4978/5959/4820 4980/5960/4820 4988/5970/4820
f 4988/5971/4821 4980/5961/4821 4979/5962/4821 4987/5972/4821
f 4987/5972/4822 4979/5962/4822 4977/5963/4822 4985/5973/4822
f 4982/5964/4823 4990/5974/4823 4992/5975/4823 4984/5965/4823
f 4984/5966/4824 4992/5976/4824 4991/5977/4824 4983/5967/4824
f 4983/5967/4825 4991/5977/4825 4989/5978/4825 4981/5968/4825
f 4994/5979/4826 4986/5969/4826 4988/5970/4826 4996/5980/4826
f 4996/5981/4827 4988/5971/4827 4987/5972/4827 4995/5982/4827
f 4995/5982/4828 4987/5972/4828 4985/5973/4828 4993/5983/4828
f 4990/5974/4829 4998/5984/4829 5000/5985/4829 4992/5975/4829
f 4992/5976/4830 5000/5986/4830 4999/5987/4830 4991/5977/4830
f 4991/5977/4831 4999/5987/4831 4997/5988/4831 4989/5978/4831
f 5002/5989/4832 4994/5979/4832 4996/5980/4832 5004/5990/4832
f 5004/5991/4833 4996/5981/4833 4995/5982/4833 5003/5992/4833
f 5003/5992/4834 4995/5982/4834 4993/5983/4834 5001/5993/4834
f 4998/5984/4835 5006/5994/4835 5008/5995/4835 5000/5985/4835
f 5000/5986/4836 5008/5996/4836 5007/5997/4836 4999/5987/4836
f 4999/5987/4837 5007/5997/4837 5005/5998/4837 4997/5988/4837
f 5010/5999/4838 5002/5989/4838 5004/5990/4838 5012/6000/4838
f 5012/6001/4839 5004/5991/4839 5003/5992/4839 5011/6002/4839
f 5011/6002/4840 5003/5992/4840 5001/5993/4840 5009/6003/4840
f 5006/5994/4841 5014/6004/4841 5016/6005/4841 5008/5995/4841
f 5008/5996/4842 5016/6006/4842 5015/6007/4842 5007/5997/4842
f 5007/5997/4843 5015/6007/4843 5013/6008/4843 5005/5998/4843
f 5018/6009/4844 5010/5999/4844 5012/6000/4844 5020/6010/4844
f 5020/6011/4845 5012/6001/4845 5011/6002/4845 5019/6012/4845
f 5019/6012/4846 5011/6002/4846 5009/6003/4846 5017/6013/4846
f 5014/6004/4847 5022/6014/4847 5024/6015/4847 5016/6005/4847
f 5016/6006/4848 5024/6016/4848 5023/6017/4848 5015/6007/4848
f 5015/6007/4849 5023/6017/4849 5021/6018/4849 5013/6008/4849
f 5026/6019/4850 5018/6009/4850 5020/6010/4850 5028/6020/4850
f 5028/6021/4851 5020/6011/4851 5019/6012/4851 5027/6022/4851
f 5027/6022/4852 5019/6012/4852 5017/6013/4852 5025/6023/4852
f 5022/6014/4853 5030/6024/4853 5032/6025/4853 5024/6015/4853
f 5024/6016/4854 5032/6026/4854 5031/6027/4854 5023/6017/4854
f 5023/6017/4855 5031/6027/4855 5029/6028/4855 5021/6018/4855
f 5034/6029/4856 5026/6019/4856 5028/6020/4856 5036/6030/4856
f 5036/6031/4857 5028/6021/4857 5027/6022/4857 5035/6032/4857
f 5035/6032/4858 5027/6022/4858 5025/6023/4858 5033/6033/4858
f 5030/6024/4859 5038/6034/4859 5040/6035/4859 5032/6025/4859
f 5032/6026/4860 5040/6036/4860 5039/6037/4860 5031/6027/4860
f 5031/6027/4861 5039/6037/4861 5037/6038/4861 5029/6028/4861
f 5042/6039/4862 5034/6029/4862 5036/6030/4862 5044/6040/4862
f 5044/6041/4863 5036/6031/4863 5035/6032/4863 5043/6042/4863
f 5043/6042/4864 5035/6032/4864 5033/6033/4864 5041/6043/4864
f 5038/6034/4865 5046/6044/4865 5048/6045/4865 5040/6035/4865
f 5040/6036/4866 5048/6046/4866 5047/6047/4866 5039/6037/4866
f 5039/6037/4867 5047/6047/4867 5045/6048/4867 5037/6038/4867
f 5050/6049/4868 5042/6039/4868 5044/6040/4868 5052/6050/4868
f 5052/6051/4869 5044/6041/4869 5043/6042/4869 5051/6052/4869
f 5051/6052/4870 5043/6042/4870 5041/6043/4870 5049/6053/4870
f 5046/6044/4871 5054/6054/4871 5056/6055/4871 5048/6045/4871
f 5048/6046/4872 5056/6056/4872 5055/6057/4872 5047/6047/4872
f 5047/6047/4873 5055/6057/4873 5053/6058/4873 5045/6048/4873
f 5058/6059/4874 5050/6049/4874 5052/6050/4874 5060/6060/4874
f 5060/6061/4875 5052/6051/4875 5051/6052/4875 5059/6062/4875
f 5059/6062/4876 5051/6052/4876 5049/6053/4876 5057/6063/4876
f 5054/6054/4877 5062/6064/4877 5064/6065/4877 5056/6055/4877
f 5056/6056/4878 5064/6066/4878 5063/6067/4878 5055/6057/4878
f 5055/6057/4879 5063/6067/4879 5061/6068/4879 5053/6058/4879
f 5066/6069/4880 5058/6059/4880 5060/6060/4880 5068/6070/4880
f 5068/6071/4881 5060/6061/4881 5059/6062/4881 5067/6072/4881
f 5067/6072/4882 5059/6062/4882 5057/6063/4882 5065/6073/4882
f 5062/6064/4883 5070/6074/4883 5072/6075/4883 5064/6065/4883
f 5064/6066/4884 5072/6076/4884 5071/6077/4884 5063/6067/4884
f 5063/6067/4885 5071/6077/4885 5069/6078/4885 5061/6068/4885
f 5074/6079/4886 5066/6069/4886 5068/6070/4886 5076/6080/4886
f 5076/6081/4887 5068/6071/4887 5067/6072/4887 5075/6082/4887
f 5075/6082/4888 5067/6072/4888 5065/6073/4888 5073/6083/4888
f 5070/6074/4889 5078/6084/4889 5080/6085/4889 5072/6075/4889
f 5072/6076/4890 5080/6086/4890 5079/6087/4890 5071/6077/4890
f 5071/6077/4891 5079/6087/4891 5077/6088/4891 5069/6078/4891
f 5082/6089/4892 5074/6079/4892 5076/6080/4892 5084/6090/4892
f 5084/6091/4893 5076/6081/4893 5075/6082/4893 5083/6092/4893
f 5083/6092/4894 5075/6082/4894 5073/6083/4894 5081/6093/4894
f 5078/6084/4895 5086/6094/4895 5088/6095/4895 5080/6085/4895
f 5080/6086/4896 5088/6096/4896 5087/6097/4896 5079/6087/4896
f 5079/6087/4897 5087/6097/4897 5085/6098/4897 5077/6088/4897
f 5090/6099/4898 5082/6089/4898 5084/6090/4898 5092/6100/4898
f 5092/6101/4899 5084/6091/4899 5083/6092/4899 5091/6102/4899
f 5091/6102/4900 5083/6092/4900 5081/6093/4900 5089/6103/4900
f 5086/6094/4901 5094/6104/4901 5096/6105/4901 5088/6095/4901
f 5088/6096/4902 5096/6106/4902 5095/6107/4902 5087/6097/4902
f 5087/6097/4903 5095/6107/4903 5093/6108/4903 5085/6098/4903
f 5098/6109/4904 5090/6099/4904 5092/6100/4904 5100/6110/4904
f 5100/6111/4905 5092/6101/4905 5091/6102/4905 5099/6112/4905
f 5099/6112/4906 5091/6102/4906 5089/6103/4906 5097/6113/4906
f 5094/6104/4907 4910/6114/4907 4912/6115/4907 5096/6105/4907
f 5096/6106/4908 4912/5878/4908 4911/5881/4908 5095/6107/4908
f 5095/6107/4909 4911/5881/4909 4909/5883/4909 5093/6108/4909
f 4914/6116/4910 5098/6109/4910 5100/6110/4910 4916/6117/4910
f 4916/5889/4911 5100/6111/4911 5099/6112/4911 4915/5890/4911
f 4915/5890/4912 5099/6112/4912 5097/6113/4912 4913/5892/4912
f 4909/5883/4913 4917/5882/4913 4925/5898/4913 4933/5908/4913 4941/5918/4913 4949/5928/4913 4957/5938/4913 4965/5948/4913 4973/5958/4913 4981/5968/4913 4989/5978/4913 4997/5988/4913 5005/5998/4913 5013/6008/4913 5021/6018/4913 5029/6028/4913 5037/6038/4913 5045/6048/4913 5053/6058/4913 5061/6068/4913 5069/6078/4913 5077/6088/4913 5085/6098/4913 5093/6108/4913
f 4910/5874/4914 4914/5885/4914 4922/5884/4914 4918/5875/4914
f 5094/6104/4915 5098/6109/4915 4914/6116/4915 4910/6114/4915
f 4921/5893/4916 4913/5892/4916 5097/6113/4916 5089/6103/4916 5081/6093/4916 5073/6083/4916 5065/6073/4916 5057/6063/4916 5049/6053/4916 5041/6043/4916 5033/6033/4916 5025/6023/4916 5017/6013/4916 5009/6003/4916 5001/5993/4916 4993/5983/4916 4985/5973/4916 4977/5963/4916 4969/5953/4916 4961/5943/4916 4953/5933/4916 4945/5923/4916 4937/5913/4916 4929/5903/4916
f 4918/5875/4917 4922/5884/4917 4930/5899/4917 4926/5894/4917
f 4926/5894/4918 4930/5899/4918 4938/5909/4918 4934/5904/4918
f 4934/5904/4919 4938/5909/4919 4946/5919/4919 4942/5914/4919
f 4942/5914/4920 4946/5919/4920 4954/5929/4920 4950/5924/4920
f 4950/5924/4921 4954/5929/4921 4962/5939/4921 4958/5934/4921
f 4958/5934/4922 4962/5939/4922 4970/5949/4922 4966/5944/4922
f 4966/5944/4923 4970/5949/4923 4978/5959/4923 4974/5954/4923
f 4974/5954/4924 4978/5959/4924 4986/5969/4924 4982/5964/4924
f 4982/5964/4925 4986/5969/4925 4994/5979/4925 4990/5974/4925
f 4990/5974/4926 4994/5979/4926 5002/5989/4926 4998/5984/4926
f 4998/5984/4927 5002/5989/4927 5010/5999/4927 5006/5994/4927
f 5006/5994/4928 5010/5999/4928 5018/6009/4928 5014/6004/4928
f 5014/6004/4929 5018/6009/4929 5026/6019/4929 5022/6014/4929
f 5022/6014/4930 5026/6019/4930 5034/6029/4930 5030/6024/4930
f 5030/6024/4931 5034/6029/4931 5042/6039/4931 5038/6034/4931
f 5038/6034/4932 5042/6039/4932 5050/6049/4932 5046/6044/4932
f 5046/6044/4933 5050/6049/4933 5058/6059/4933 5054/6054/4933
f 5054/6054/4934 5058/6059/4934 5066/6069/4934 5062/6064/4934
f 5062/6064/4935 5066/6069/4935 5074/6079/4935 5070/6074/4935
f 5070/6074/4936 5074/6079/4936 5082/6089/4936 5078/6084/4936
f 5078/6084/4937 5082/6089/4937 5090/6099/4937 5086/6094/4937
f 5086/6094/4938 5090/6099/4938 5098/6109/4938 5094/6104/4938
o shoe
v -0.590000 0.170000 0.110000
v -0.590000 0.290000 0.230000
v -0.710000 0.290000 0.110000
v -0.590000 0.186032 0.169921
v -0.649921 0.186032 0.110000
v -0.647385 0.201604 0.167385
v -0.649921 0.290000 0.213968
v -0.590000 0.230079 0.213968
v -0.647385 0.232615 0.198396
v -0.693968 0.230079 0.110000
v -0.693968 0.290000 0.169921
v -0.678396 0.232615 0.167385
v -0.590000 0.370000 0.230000
v -0.590000 0.490000 0.110000
v -0.710000 0.370000 0.110000
v -0.590000 0.429921 0.213968
v -0.649921 0.370000 0.213968
v -0.647385 0.427385 0.198396
v -0.649921 0.473968 0.110000
v -0.590000 0.473968 0.169921
v -0.647385 0.458396 0.167385
v -0.693968 0.370000 0.169921
v -0.693968 0.429921 0.110000
v -0.678396 0.427385 0.167385
v -0.590000 0.170000 -0.610000
v -0.710000 0.290000 -0.610000
v -0.590000 0.290000 -0.730000
v -0.649921 0.186032 -0.610000
v -0.590000 0.186032 -0.669921
v -0.647385 0.201604 -0.667385
v -0.693968 0.290000 -0.669921
v -0.693968 0.230079 -0.610000
v -0.678396 0.232615 -0.667385
v -0.590000 0.230079 -0.713968
v -0.649921 0.290000 -0.713968
v -0.647385 0.232615 -0.698396
v -0.590000 0.490000 -0.610000
v -0.590000 0.370000 -0.730000
v -0.710000 0.370000 -0.610000
v -0.590000 0.473968 -0.669921
v -0.649921 0.473968 -0.610000
v -0.647385 0.458396 -0.667385
v -0.649921 0.370000 -0.713968
v -0.590000 0.429921 -0.713968
v -0.647385 0.427385 -0.698396
v -0.693968 0.429921 -0.610000
v -0.693968 0.370000 -0.669921
v -0.678396 0.427385 -0.667385
v -0.270000 0.170000 0.110000
v -0.150000 0.290000 0.110000
v -0.270000 0.290000 0.230000
v -0.210079 0.186032 0.110000
v -0.270000 0.186032 0.169921
v -0.212615 0.201604 0.167385
v -0.166032 0.290000 0.169921
v -0.166032 0.230079 0.110000
v -0.181604 0.232615 0.167385
v -0.270000 0.230079 0.213968
v -0.210079 0.290000 0.213968
v -0.212615 0.232615 0.198396
v -0.270000 0.490000 0.110000
v -0.270000 0.370000 0.230000
v -0.150000 0.370000 0.110000
v -0.270000 0.473968 0.169921
v -0.210079 0.473968 0.110000
v -0.212615 0.458396 0.167385
v -0.210079 0.370000 0.213968
v -0.270000 0.429921 0.213968
v -0.212615 0.427385 0.198396
v -0.166032 0.429921 0.110000
v -0.166032 0.370000 0.169921
v -0.181604 0.427385 0.167385
v -0.270000 0.170000 -0.610000
v -0.270000 0.290000 -0.730000
v -0.150000 0.290000 -0.610000
v -0.270000 0.186032 -0.669921
v -0.210079 0.186032 -0.610000
v -0.212615 0.201604 -0.667385
v -0.210079 0.290000 -0.713968
v -0.270000 0.230079 -0.713968
v -0.212615 0.232615 -0.698396
v -0.166032 0.230079 -0.610000
v -0.166032 0.290000 -0.669921
v -0.181604 0.232615 -0.667385
v -0.270000 0.490000 -0.610000
v -0.150000 0.370000 -0.610000
v -0.270000 0.370000 -0.730000
v -0.210079 0.473968 -0.610000
v -0.270000 0.473968 -0.669921
v -0.212615 0.458396 -0.667385
v -0.166032 0.370000 -0.669921
v -0.166032 0.429921 -0.610000
v -0.181604 0.427385 -0.667385
v -0.270000 0.429921 -0.713968
v -0.210079 0.370000 -0.713968
v -0.212615 0.427385 -0.698396
vn -0.2566 -0.9318 0.2566
vn -0.2178 -0.6901 0.6901
vn -0.2566 -0.2566 0.9318
vn -0.6901 -0.2178 0.6901
vn -0.9318 -0.2566 0.2566
vn -0.6901 -0.6901 0.2178
vn -0.5774 -0.5773 0.5774
vn -0.2566 0.2566 0.9318
vn -0.2178 0.6901 0.6901
vn -0.2566 0.9318 0.2566
vn -0.6901 0.6901 0.2178
vn -0.9318 0.2566 0.2566
vn -0.6901 0.2178 0.6901
vn -0.5774 0.5774 0.5773
vn -0.2566 -0.9318 -0.2566
vn -0.6901 -0.6901 -0.2178
vn -0.9318 -0.2566 -0.2566
vn -0.6901 -0.2178 -0.6901
vn -0.2566 -0.2566 -0.9318
vn -0.2178 -0.6901 -0.6901
vn -0.5774 -0.5774 -0.5773
vn -0.2566 0.9318 -0.2566
vn -0.2178 0.6901 -0.6901
vn -0.2566 0.2566 -0.9318
vn -0.6901 0.2178 -0.6901
vn -0.9318 0.2566 -0.2566
vn -0.6901 0.6901 -0.2178
vn -0.5774 0.5773 -0.5774
vn 0.2566 -0.9318 0.2566
vn 0.6901 -0.6901 0.2178
vn 0.9318 -0.2566 0.2566
vn 0.6901 -0.2178 0.6901
vn 0.2566 -0.2566 0.9318
vn 0.2178 -0.6901 0.6901
vn 0.5774 -0.5774 0.5773
vn 0.2566 0.9318 0.2566
vn 0.2178 0.6901 0.6901
vn 0.2566 0.2566 0.9318
vn 0.6901 0.2178 0.6901
vn 0.9318 0.2566 0.2566
vn 0.6901 0.6901 0.2178
vn 0.5774 0.5773 0.5774
vn 0.2566 -0.9318 -0.2566
vn 0.2178 -0.6901 -0.6901
vn 0.2566 -0.2566 -0.9318
vn 0.6901 -0.2178 -0.6901
vn 0.9318 -0.2566 -0.2566
vn 0.6901 -0.6901 -0.2178
vn 0.5774 -0.5773 -0.5774
vn 0.2566 0.9318 -0.2566
vn 0.6901 0.6901 -0.2178
vn 0.9318 0.2566 -0.2566
vn 0.6901 0.2178 -0.6901
vn 0.2566 0.2566 -0.9318
vn 0.2178 0.6901 -0.6901
vn 0.5774 0.5774 -0.5773
vn -0.2585 -0.9660 -0.0000
vn -0.7071 -0.7071 -0.0000
vn -0.9660 -0.2585 -0.0000
vn -0.2585 -0.0000 0.9660
vn -0.7071 -0.0000 0.7071
vn -0.9660 -0.0000 0.2585
vn -0.2585 0.9660 -0.0000
vn -0.7071 0.7071 -0.0000
vn -0.9660 0.2585 -0.0000
vn -0.2585 -0.0000 -0.9660
vn -0.7071 -0.0000 -0.7071
vn -0.9660 -0.0000 -0.2585
vn -0.0000 -0.9660 -0.2585
vn -0.0000 -0.7071 -0.7071
vn -0.0000 -0.2585 -0.9660
vn -0.0000 0.9660 -0.2585
vn -0.0000 0.7071 -0.7071
vn -0.0000 0.2585 -0.9660
vn 0.9660 -0.0000 -0.2585
vn 0.7071 -0.0000 -0.7071
vn 0.2585 -0.0000 -0.9660
vn 0.2585 -0.9660 -0.0000
vn 0.7071 -0.7071 -0.0000
vn 0.9660 -0.2585 -0.0000
vn 0.2585 0.9660 -0.0000
vn 0.7071 0.7071 -0.0000
vn 0.9660 0.2585 -0.0000
vn 0.2585 -0.0000 0.9660
vn 0.7071 -0.0000 0.7071
vn 0.9660 -0.0000 0.2585
vn -0.0000 -0.9660 0.2585
vn -0.0000 -0.7071 0.7071
vn -0.0000 -0.2585 0.9660
vn -0.0000 0.9660 0.2585
vn -0.0000 0.7071 0.7071
vn -0.0000 0.2585 0.9660
vn -0.0000 -1.0000 -0.0000
vn -1.0000 -0.0000 -0.0000
vn -0.0000 -0.0000 1.0000
vn -0.0000 1.0000 -0.0000
vn -0.0000 -0.0000 -1.0000
vn 1.0000 -0.0000 -0.0000
vt 0.178571 0.718750
vt 0.178571 0.734355
vt 0.152953 0.733694
vt 0.151821 0.718750
vt 0.178571 0.750000
vt 0.152953 0.750000
vt 0.468750 0.946429
vt 0.468750 1.000000
vt 0.375000 0.972047
vt 0.375000 0.946429
vt 0.468750 0.000000
vt 0.468750 0.015646
vt 0.375000 0.016306
vt 0.375000 0.000000
vt 0.468750 0.031250
vt 0.375000 0.031250
vt 0.125000 0.718750
vt 0.125000 0.733694
vt 0.531250 0.946429
vt 0.578063 0.946429
vt 0.576082 1.000000
vt 0.531250 1.000000
vt 0.625000 0.946429
vt 0.625000 1.000000
vt 0.821429 0.718750
vt 0.875000 0.718750
vt 0.875000 0.733694
vt 0.821429 0.750000
vt 0.625000 0.031250
vt 0.578063 0.031250
vt 0.576082 0.016306
vt 0.625000 0.016306
vt 0.531250 0.031250
vt 0.531250 0.015646
vt 0.531250 0.000000
vt 0.576082 0.000000
vt 0.178571 0.531250
vt 0.151821 0.531250
vt 0.152953 0.516306
vt 0.178571 0.515646
vt 0.125000 0.531250
vt 0.125000 0.516306
vt 0.468750 0.218750
vt 0.468750 0.234354
vt 0.375000 0.233694
vt 0.375000 0.218750
vt 0.468750 0.276821
vt 0.375000 0.277953
vt 0.468750 0.303571
vt 0.375000 0.303571
vt 0.178571 0.500000
vt 0.152953 0.500000
vt 0.821429 0.531250
vt 0.821429 0.500000
vt 0.875000 0.516306
vt 0.875000 0.531250
vt 0.625000 0.303571
vt 0.578063 0.303571
vt 0.576082 0.268907
vt 0.625000 0.239129
vt 0.531250 0.303571
vt 0.531250 0.276821
vt 0.531250 0.234354
vt 0.576082 0.233694
vt 0.531250 0.218750
vt 0.578063 0.218750
vt 0.625000 0.218750
vt 0.321429 0.718750
vt 0.348179 0.718750
vt 0.347047 0.733694
vt 0.321429 0.734354
vt 0.421937 0.718750
vt 0.408161 0.733694
vt 0.468750 0.718750
vt 0.468750 0.734354
vt 0.468750 0.776821
vt 0.361024 0.763976
vt 0.468750 0.803571
vt 0.348214 0.776786
vt 0.678571 0.718750
vt 0.651786 0.776786
vt 0.638976 0.763976
vt 0.651821 0.718750
vt 0.578063 0.803571
vt 0.576082 0.777953
vt 0.531250 0.803571
vt 0.531250 0.776821
vt 0.531250 0.734354
vt 0.576082 0.741298
vt 0.531250 0.718750
vt 0.578063 0.718750
vt 0.321429 0.531250
vt 0.321429 0.515646
vt 0.347047 0.516306
vt 0.348179 0.531250
vt 0.348214 0.473214
vt 0.361024 0.486024
vt 0.468750 0.446429
vt 0.468750 0.473179
vt 0.468750 0.515646
vt 0.408161 0.516306
vt 0.468750 0.531250
vt 0.421937 0.531250
vt 0.678571 0.531250
vt 0.651821 0.531250
vt 0.638976 0.486024
vt 0.651786 0.473214
vt 0.578063 0.531250
vt 0.576082 0.508702
vt 0.531250 0.531250
vt 0.531250 0.515646
vt 0.531250 0.473179
vt 0.576082 0.472047
vt 0.531250 0.446429
vt 0.578063 0.446429
s 0
usemtl shoes
f 5101/6118/4939 5104/6119/4939 5106/6120/4939 5105/6121/4939
f 5104/6119/4940 5108/6122/4940 5109/6123/4940 5106/6120/4940
f 5102/6124/4941 5107/6125/4941 5109/6126/4941 5108/6127/4941
f 5107/6128/4942 5111/6129/4942 5112/6130/4942 5109/6131/4942
f 5103/6132/4943 5110/6133/4943 5112/6130/4943 5111/6129/4943
f 5110/6134/4944 5105/6121/4944 5106/6120/4944 5112/6135/4944
f 5106/6120/4945 5109/6123/4945 5112/6135/4945
f 5113/6136/4946 5116/6137/4946 5118/6138/4946 5117/6139/4946
f 5116/6137/4947 5120/6140/4947 5121/6141/4947 5118/6138/4947
f 5114/6142/4948 5119/6143/4948 5121/6144/4948 5120/6145/4948
f 5119/6146/4949 5123/6147/4949 5124/6148/4949 5121/6149/4949
f 5115/6150/4950 5122/6151/4950 5124/6148/4950 5123/6147/4950
f 5122/6151/4951 5117/6152/4951 5118/6153/4951 5124/6148/4951
f 5118/6153/4952 5121/6149/4952 5124/6148/4952
f 5125/6154/4953 5128/6155/4953 5130/6156/4953 5129/6157/4953
f 5128/6155/4954 5132/6158/4954 5133/6159/4954 5130/6156/4954
f 5126/6160/4955 5131/6161/4955 5133/6162/4955 5132/6163/4955
f 5131/6161/4956 5135/6164/4956 5136/6165/4956 5133/6162/4956
f 5127/6166/4957 5134/6167/4957 5136/6165/4957 5135/6164/4957
f 5134/6168/4958 5129/6157/4958 5130/6156/4958 5136/6169/4958
f 5130/6156/4959 5133/6159/4959 5136/6169/4959
f 5137/6170/4960 5140/6171/4960 5142/6172/4960 5141/6173/4960
f 5140/6174/4961 5144/6175/4961 5145/6176/4961 5142/6177/4961
f 5138/6178/4962 5143/6179/4962 5145/6176/4962 5144/6175/4962
f 5143/6179/4963 5147/6180/4963 5148/6181/4963 5145/6176/4963
f 5139/6182/4964 5146/6183/4964 5148/6181/4964 5147/6180/4964
f 5146/6183/4965 5141/6184/4965 5142/6177/4965 5148/6181/4965
f 5142/6177/4966 5145/6176/4966 5148/6181/4966
f 5149/6185/4967 5152/6186/4967 5154/6187/4967 5153/6188/4967
f 5152/6186/4968 5156/6189/4968 5157/6190/4968 5154/6187/4968
f 5150/6191/4969 5155/6192/4969 5157/6190/4969 5156/6189/4969
f 5155/6192/4970 5159/6193/4970 5160/6194/4970 5157/6190/4970
f 5151/6195/4971 5158/6196/4971 5160/6194/4971 5159/6193/4971
f 5158/6196/4972 5153/6188/4972 5154/6187/4972 5160/6194/4972
f 5154/6187/4973 5157/6190/4973 5160/6194/4973
f 5161/6197/4974 5164/6198/4974 5166/6199/4974 5165/6200/4974
f 5164/6198/4975 5168/6201/4975 5169/6202/4975 5166/6199/4975
f 5162/6203/4976 5167/6204/4976 5169/6202/4976 5168/6201/4976
f 5167/6204/4977 5171/6205/4977 5172/6206/4977 5169/6202/4977
f 5163/6207/4978 5170/6208/4978 5172/6206/4978 5171/6205/4978
f 5170/6208/4979 5165/6200/4979 5166/6199/4979 5172/6206/4979
f 5166/6199/4980 5169/6202/4980 5172/6206/4980
f 5173/6209/4981 5176/6210/4981 5178/6211/4981 5177/6212/4981
f 5176/6210/4982 5180/6213/4982 5181/6214/4982 5178/6211/4982
f 5174/6215/4983 5179/6216/4983 5181/6214/4983 5180/6213/4983
f 5179/6216/4984 5183/6217/4984 5184/6218/4984 5181/6214/4984
f 5175/6219/4985 5182/6220/4985 5184/6218/4985 5183/6217/4985
f 5182/6220/4986 5177/6212/4986 5178/6211/4986 5184/6218/4986
f 5178/6211/4987 5181/6214/4987 5184/6218/4987
f 5185/6221/4988 5188/6222/4988 5190/6223/4988 5189/6224/4988
f 5188/6222/4989 5192/6225/4989 5193/6226/4989 5190/6223/4989
f 5186/6227/4990 5191/6228/4990 5193/6226/4990 5192/6225/4990
f 5191/6228/4991 5195/6229/4991 5196/6230/4991 5193/6226/4991
f 5187/6231/4992 5194/6232/4992 5196/6230/4992 5195/6229/4992
f 5194/6232/4993 5189/6224/4993 5190/6223/4993 5196/6230/4993
f 5190/6223/4994 5193/6226/4994 5196/6230/4994
f 5125/6154/4995 5101/6118/4995 5105/6121/4995 5128/6155/4995
f 5128/6155/4996 5105/6121/4996 5110/6134/4996 5132/6158/4996
f 5132/6163/4997 5110/6133/4997 5103/6132/4997 5126/6160/4997
f 5102/6124/4998 5113/6136/4998 5117/6139/4998 5107/6125/4998
f 5107/6128/4999 5117/6152/4999 5122/6151/4999 5111/6129/4999
f 5111/6129/5000 5122/6151/5000 5115/6150/5000 5103/6132/5000
f 5114/6142/5001 5137/6170/5001 5141/6173/5001 5119/6143/5001
f 5119/6146/5002 5141/6184/5002 5146/6183/5002 5123/6147/5002
f 5123/6147/5003 5146/6183/5003 5139/6182/5003 5115/6150/5003
f 5138/6178/5004 5127/6166/5004 5135/6164/5004 5143/6179/5004
f 5143/6179/5005 5135/6164/5005 5131/6161/5005 5147/6180/5005
f 5147/6180/5006 5131/6161/5006 5126/6160/5006 5139/6182/5006
f 5173/6209/5007 5125/6154/5007 5129/6157/5007 5176/6210/5007
f 5176/6210/5008 5129/6157/5008 5134/6168/5008 5180/6213/5008
f 5180/6213/5009 5134/6167/5009 5127/6166/5009 5174/6215/5009
f 5137/6170/5010 5185/6221/5010 5189/6224/5010 5140/6171/5010
f 5140/6174/5011 5189/6224/5011 5194/6232/5011 5144/6175/5011
f 5144/6175/5012 5194/6232/5012 5187/6231/5012 5138/6178/5012
f 5186/6227/5013 5175/6219/5013 5183/6217/5013 5191/6228/5013
f 5191/6228/5014 5183/6217/5014 5179/6216/5014 5195/6229/5014
f 5195/6229/5015 5179/6216/5015 5174/6215/5015 5187/6231/5015
f 5149/6185/5016 5173/6209/5016 5177/6212/5016 5152/6186/5016
f 5152/6186/5017 5177/6212/5017 5182/6220/5017 5156/6189/5017
f 5156/6189/5018 5182/6220/5018 5175/6219/5018 5150/6191/5018
f 5185/6221/5019 5161/6197/5019 5165/6200/5019 5188/6222/5019
f 5188/6222/5020 5165/6200/5020 5170/6208/5020 5192/6225/5020
f 5192/6225/5021 5170/6208/5021 5163/6207/5021 5186/6227/5021
f 5162/6203/5022 5151/6195/5022 5159/6193/5022 5167/6204/5022
f 5167/6204/5023 5159/6193/5023 5155/6192/5023 5171/6205/5023
f 5171/6205/5024 5155/6192/5024 5150/6191/5024 5163/6207/5024
f 5101/6118/5025 5149/6185/5025 5153/6188/5025 5104/6119/5025
f 5104/6119/5026 5153/6188/5026 5158/6196/5026 5108/6122/5026
f 5108/6127/5027 5158/6196/5027 5151/6195/5027 5102/6124/5027
f 5161/6197/5028 5114/6142/5028 5120/6145/5028 5164/6198/5028
f 5164/6198/5029 5120/6140/5029 5116/6137/5029 5168/6201/5029
f 5168/6201/5030 5116/6137/5030 5113/6136/5030 5162/6203/5030
f 5125/6154/5031 5173/6209/5031 5149/6185/5031 5101/6118/5031
f 5103/6132/5032 5115/6150/5032 5139/6182/5032 5126/6160/5032
f 5151/6195/5033 5162/6203/5033 5113/6136/5033 5102/6124/5033
f 5185/6221/5034 5137/6170/5034 5114/6142/5034 5161/6197/5034
f 5127/6166/5035 5138/6178/5035 5187/6231/5035 5174/6215/5035
f 5175/6219/5036 5186/6227/5036 5163/6207/5036 5150/6191/5036
o shoe.001
v 0.340000 0.170000 0.380000
v 0.340000 0.290000 0.500000
v 0.220000 0.290000 0.380000
v 0.340000 0.186032 0.439921
v 0.280079 0.186032 0.380000
v 0.282615 0.201604 0.437385
v 0.280079 0.290000 0.483968
v 0.340000 0.230079 0.483968
v 0.282615 0.232615 0.468396
v 0.236032 0.230079 0.380000
v 0.236032 0.290000 0.439921
v 0.251604 0.232615 0.437385
v 0.340000 0.370000 0.500000
v 0.340000 0.490000 0.380000
v 0.220000 0.370000 0.380000
v 0.340000 0.429921 0.483968
v 0.280079 0.370000 0.483968
v 0.282615 0.427385 0.468396
v 0.280079 0.473968 0.380000
v 0.340000 0.473968 0.439921
v 0.282615 0.458396 0.437385
v 0.236032 0.370000 0.439921
v 0.236032 0.429921 0.380000
v 0.251604 0.427385 0.437385
v 0.340000 0.170000 -0.340000
v 0.220000 0.290000 -0.340000
v 0.340000 0.290000 -0.460000
v 0.280079 0.186032 -0.340000
v 0.340000 0.186032 -0.399921
v 0.282615 0.201604 -0.397385
v 0.236032 0.290000 -0.399921
v 0.236032 0.230079 -0.340000
v 0.251604 0.232615 -0.397385
v 0.340000 0.230079 -0.443968
v 0.280079 0.290000 -0.443968
v 0.282615 0.232615 -0.428396
v 0.340000 0.490000 -0.340000
v 0.340000 0.370000 -0.460000
v 0.220000 0.370000 -0.340000
v 0.340000 0.473968 -0.399921
v 0.280079 0.473968 -0.340000
v 0.282615 0.458396 -0.397385
v 0.280079 0.370000 -0.443968
v 0.340000 0.429921 -0.443968
v 0.282615 0.427385 -0.428396
v 0.236032 0.429921 -0.340000
v 0.236032 0.370000 -0.399921
v 0.251604 0.427385 -0.397385
v 0.660000 0.170000 0.380000
v 0.780000 0.290000 0.380000
v 0.660000 0.290000 0.500000
v 0.719921 0.186032 0.380000
v 0.660000 0.186032 0.439921
v 0.717385 0.201604 0.437385
v 0.763968 0.290000 0.439921
v 0.763968 0.230079 0.380000
v 0.748396 0.232615 0.437385
v 0.660000 0.230079 0.483968
v 0.719921 0.290000 0.483968
v 0.717385 0.232615 0.468396
v 0.660000 0.490000 0.380000
v 0.660000 0.370000 0.500000
v 0.780000 0.370000 0.380000
v 0.660000 0.473968 0.439921
v 0.719921 0.473968 0.380000
v 0.717385 0.458396 0.437385
v 0.719921 0.370000 0.483968
v 0.660000 0.429921 0.483968
v 0.717385 0.427385 0.468396
v 0.763968 0.429921 0.380000
v 0.763968 0.370000 0.439921
v 0.748396 0.427385 0.437385
v 0.660000 0.170000 -0.340000
v 0.660000 0.290000 -0.460000
v 0.780000 0.290000 -0.340000
v 0.660000 0.186032 -0.399921
v 0.719921 0.186032 -0.340000
v 0.717385 0.201604 -0.397385
v 0.719921 0.290000 -0.443968
v 0.660000 0.230079 -0.443968
v 0.717385 0.232615 -0.428396
v 0.763968 0.230079 -0.340000
v 0.763968 0.290000 -0.399921
v 0.748396 0.232615 -0.397385
v 0.660000 0.490000 -0.340000
v 0.780000 0.370000 -0.340000
v 0.660000 0.370000 -0.460000
v 0.719921 0.473968 -0.340000
v 0.660000 0.473968 -0.399921
v 0.717385 0.458396 -0.397385
v 0.763968 0.370000 -0.399921
v 0.763968 0.429921 -0.340000
v 0.748396 0.427385 -0.397385
v 0.660000 0.429921 -0.443968
v 0.719921 0.370000 -0.443968
v 0.717385 0.427385 -0.428396
vn -0.2566 -0.9318 0.2566
vn -0.2178 -0.6901 0.6901
vn -0.2566 -0.2566 0.9318
vn -0.6901 -0.2178 0.6901
vn -0.9318 -0.2566 0.2566
vn -0.6901 -0.6901 0.2178
vn -0.5774 -0.5773 0.5774
vn -0.2566 0.2566 0.9318
vn -0.2178 0.6901 0.6901
vn -0.2566 0.9318 0.2566
vn -0.6901 0.6901 0.2178
vn -0.9318 0.2566 0.2566
vn -0.6901 0.2178 0.6901
vn -0.5774 0.5774 0.5773
vn -0.2566 -0.9318 -0.2566
vn -0.6901 -0.6901 -0.2178
vn -0.9318 -0.2566 -0.2566
vn -0.6901 -0.2178 -0.6901
vn -0.2566 -0.2566 -0.9318
vn -0.2178 -0.6901 -0.6901
vn -0.5774 -0.5774 -0.5773
vn -0.2566 0.9318 -0.2566
vn -0.2178 0.6901 -0.6901
vn -0.2566 0.2566 -0.9318
vn -0.6901 0.2178 -0.6901
vn -0.9318 0.2566 -0.2566
vn -0.6901 0.6901 -0.2178
vn -0.5774 0.5773 -0.5774
vn 0.2566 -0.9318 0.2566
vn 0.6901 -0.6901 0.2178
vn 0.9318 -0.2566 0.2566
vn 0.6901 -0.2178 0.6901
vn 0.2566 -0.2566 0.9318
vn 0.2178 -0.6901 0.6901
vn 0.5774 -0.5774 0.5773
vn 0.2566 0.9318 0.2566
vn 0.2178 0.6901 0.6901
vn 0.2566 0.2566 0.9318
vn 0.6901 0.2178 0.6901
vn 0.9318 0.2566 0.2566
vn 0.6901 0.6901 0.2178
vn 0.5774 0.5773 0.5774
vn 0.2566 -0.9318 -0.2566
vn 0.2178 -0.6901 -0.6901
vn 0.2566 -0.2566 -0.9318
vn 0.6901 -0.2178 -0.6901
vn 0.9318 -0.2566 -0.2566
vn 0.6901 -0.6901 -0.2178
vn 0.5774 -0.5773 -0.5774
vn 0.2566 0.9318 -0.2566
vn 0.6901 0.6901 -0.2178
vn 0.9318 0.2566 -0.2566
vn 0.6901 0.2178 -0.6901
vn 0.2566 0.2566 -0.9318
vn 0.2178 0.6901 -0.6901
vn 0.5774 0.5774 -0.5773
vn -0.2585 -0.9660 -0.0000
vn -0.7071 -0.7071 -0.0000
vn -0.9660 -0.2585 -0.0000
vn -0.2585 -0.0000 0.9660
vn -0.7071 -0.0000 0.7071
vn -0.9660 -0.0000 0.2585
vn -0.2585 0.9660 -0.0000
vn -0.7071 0.7071 -0.0000
vn -0.9660 0.2585 -0.0000
vn -0.2585 -0.0000 -0.9660
vn -0.7071 -0.0000 -0.7071
vn -0.9660 -0.0000 -0.2585
vn -0.0000 -0.9660 -0.2585
vn -0.0000 -0.7071 -0.7071
vn -0.0000 -0.2585 -0.9660
vn -0.0000 0.9660 -0.2585
vn -0.0000 0.7071 -0.7071
vn -0.0000 0.2585 -0.9660
vn 0.9660 -0.0000 -0.2585
vn 0.7071 -0.0000 -0.7071
vn 0.2585 -0.0000 -0.9660
vn 0.2585 -0.9660 -0.0000
vn 0.7071 -0.7071 -0.0000
vn 0.9660 -0.2585 -0.0000
vn 0.2585 0.9660 -0.0000
vn 0.7071 0.7071 -0.0000
vn 0.9660 0.2585 -0.0000
vn 0.2585 -0.0000 0.9660
vn 0.7071 -0.0000 0.7071
vn 0.9660 -0.0000 0.2585
vn -0.0000 -0.9660 0.2585
vn -0.0000 -0.7071 0.7071
vn -0.0000 -0.2585 0.9660
vn -0.0000 0.9660 0.2585
vn -0.0000 0.7071 0.7071
vn -0.0000 0.2585 0.9660
vn -0.0000 -1.0000 -0.0000
vn -1.0000 -0.0000 -0.0000
vn -0.0000 -0.0000 1.0000
vn -0.0000 1.0000 -0.0000
vn -0.0000 -0.0000 -1.0000
vn 1.0000 -0.0000 -0.0000
vt 0.178571 0.718750
vt 0.178571 0.734355
vt 0.152953 0.733694
vt 0.151821 0.718750
vt 0.178571 0.750000
vt 0.152953 0.750000
vt 0.468750 0.946429
vt 0.468750 1.000000
vt 0.375000 0.972047
vt 0.375000 0.946429
vt 0.468750 0.000000
vt 0.468750 0.015646
vt 0.375000 0.016306
vt 0.375000 0.000000
vt 0.468750 0.031250
vt 0.375000 0.031250
vt 0.125000 0.718750
vt 0.125000 0.733694
vt 0.531250 0.946429
vt 0.578063 0.946429
vt 0.576082 1.000000
vt 0.531250 1.000000
vt 0.625000 0.946429
vt 0.625000 1.000000
vt 0.821429 0.718750
vt 0.875000 0.718750
vt 0.875000 0.733694
vt 0.821429 0.750000
vt 0.625000 0.031250
vt 0.578063 0.031250
vt 0.576082 0.016306
vt 0.625000 0.016306
vt 0.531250 0.031250
vt 0.531250 0.015646
vt 0.531250 0.000000
vt 0.576082 0.000000
vt 0.178571 0.531250
vt 0.151821 0.531250
vt 0.152953 0.516306
vt 0.178571 0.515646
vt 0.125000 0.531250
vt 0.125000 0.516306
vt 0.468750 0.218750
vt 0.468750 0.234354
vt 0.375000 0.233694
vt 0.375000 0.218750
vt 0.468750 0.276821
vt 0.375000 0.277953
vt 0.468750 0.303571
vt 0.375000 0.303571
vt 0.178571 0.500000
vt 0.152953 0.500000
vt 0.821429 0.531250
vt 0.821429 0.500000
vt 0.875000 0.516306
vt 0.875000 0.531250
vt 0.625000 0.303571
vt 0.578063 0.303571
vt 0.576082 0.268907
vt 0.625000 0.239129
vt 0.531250 0.303571
vt 0.531250 0.276821
vt 0.531250 0.234354
vt 0.576082 0.233694
vt 0.531250 0.218750
vt 0.578063 0.218750
vt 0.625000 0.218750
vt 0.321429 0.718750
vt 0.348179 0.718750
vt 0.347047 0.733694
vt 0.321429 0.734354
vt 0.421937 0.718750
vt 0.408161 0.733694
vt 0.468750 0.718750
vt 0.468750 0.734354
vt 0.468750 0.776821
vt 0.361024 0.763976
vt 0.468750 0.803571
vt 0.348214 0.776786
vt 0.678571 0.718750
vt 0.651786 0.776786
vt 0.638976 0.763976
vt 0.651821 0.718750
vt 0.578063 0.803571
vt 0.576082 0.777953
vt 0.531250 0.803571
vt 0.531250 0.776821
vt 0.531250 0.734354
vt 0.576082 0.741298
vt 0.531250 0.718750
vt 0.578063 0.718750
vt 0.321429 0.531250
vt 0.321429 0.515646
vt 0.347047 0.516306
vt 0.348179 0.531250
vt 0.348214 0.473214
vt 0.361024 0.486024
vt 0.468750 0.446429
vt 0.468750 0.473179
vt 0.468750 0.515646
vt 0.408161 0.516306
vt 0.468750 0.531250
vt 0.421937 0.531250
vt 0.678571 0.531250
vt 0.651821 0.531250
vt 0.638976 0.486024
vt 0.651786 0.473214
vt 0.578063 0.531250
vt 0.576082 0.508702
vt 0.531250 0.531250
vt 0.531250 0.515646
vt 0.531250 0.473179
vt 0.576082 0.472047
vt 0.531250 0.446429
vt 0.578063 0.446429
s 0
usemtl shoes
f 5197/6233/5037 5200/6234/5037 5202/6235/5037 5201/6236/5037
f 5200/6234/5038 5204/6237/5038 5205/6238/5038 5202/6235/5038
f 5198/6239/5039 5203/6240/5039 5205/6241/5039 5204/6242/5039
f 5203/6243/5040 5207/6244/5040 5208/6245/5040 5205/6246/5040
f 5199/6247/5041 5206/6248/5041 5208/6245/5041 5207/6244/5041
f 5206/6249/5042 5201/6236/5042 5202/6235/5042 5208/6250/5042
f 5202/6235/5043 5205/6238/5043 5208/6250/5043
f 5209/6251/5044 5212/6252/5044 5214/6253/5044 5213/6254/5044
f 5212/6252/5045 5216/6255/5045 5217/6256/5045 5214/6253/5045
f 5210/6257/5046 5215/6258/5046 5217/6259/5046 5216/6260/5046
f 5215/6261/5047 5219/6262/5047 5220/6263/5047 5217/6264/5047
f 5211/6265/5048 5218/6266/5048 5220/6263/5048 5219/6262/5048
f 5218/6266/5049 5213/6267/5049 5214/6268/5049 5220/6263/5049
f 5214/6268/5050 5217/6264/5050 5220/6263/5050
f 5221/6269/5051 5224/6270/5051 5226/6271/5051 5225/6272/5051
f 5224/6270/5052 5228/6273/5052 5229/6274/5052 5226/6271/5052
f 5222/6275/5053 5227/6276/5053 5229/6277/5053 5228/6278/5053
f 5227/6276/5054 5231/6279/5054 5232/6280/5054 5229/6277/5054
f 5223/6281/5055 5230/6282/5055 5232/6280/5055 5231/6279/5055
f 5230/6283/5056 5225/6272/5056 5226/6271/5056 5232/6284/5056
f 5226/6271/5057 5229/6274/5057 5232/6284/5057
f 5233/6285/5058 5236/6286/5058 5238/6287/5058 5237/6288/5058
f 5236/6289/5059 5240/6290/5059 5241/6291/5059 5238/6292/5059
f 5234/6293/5060 5239/6294/5060 5241/6291/5060 5240/6290/5060
f 5239/6294/5061 5243/6295/5061 5244/6296/5061 5241/6291/5061
f 5235/6297/5062 5242/6298/5062 5244/6296/5062 5243/6295/5062
f 5242/6298/5063 5237/6299/5063 5238/6292/5063 5244/6296/5063
f 5238/6292/5064 5241/6291/5064 5244/6296/5064
f 5245/6300/5065 5248/6301/5065 5250/6302/5065 5249/6303/5065
f 5248/6301/5066 5252/6304/5066 5253/6305/5066 5250/6302/5066
f 5246/6306/5067 5251/6307/5067 5253/6305/5067 5252/6304/5067
f 5251/6307/5068 5255/6308/5068 5256/6309/5068 5253/6305/5068
f 5247/6310/5069 5254/6311/5069 5256/6309/5069 5255/6308/5069
f 5254/6311/5070 5249/6303/5070 5250/6302/5070 5256/6309/5070
f 5250/6302/5071 5253/6305/5071 5256/6309/5071
f 5257/6312/5072 5260/6313/5072 5262/6314/5072 5261/6315/5072
f 5260/6313/5073 5264/6316/5073 5265/6317/5073 5262/6314/5073
f 5258/6318/5074 5263/6319/5074 5265/6317/5074 5264/6316/5074
f 5263/6319/5075 5267/6320/5075 5268/6321/5075 5265/6317/5075
f 5259/6322/5076 5266/6323/5076 5268/6321/5076 5267/6320/5076
f 5266/6323/5077 5261/6315/5077 5262/6314/5077 5268/6321/5077
f 5262/6314/5078 5265/6317/5078 5268/6321/5078
f 5269/6324/5079 5272/6325/5079 5274/6326/5079 5273/6327/5079
f 5272/6325/5080 5276/6328/5080 5277/6329/5080 5274/6326/5080
f 5270/6330/5081 5275/6331/5081 5277/6329/5081 5276/6328/5081
f 5275/6331/5082 5279/6332/5082 5280/6333/5082 5277/6329/5082
f 5271/6334/5083 5278/6335/5083 5280/6333/5083 5279/6332/5083
f 5278/6335/5084 5273/6327/5084 5274/6326/5084 5280/6333/5084
f 5274/6326/5085 5277/6329/5085 5280/6333/5085
f 5281/6336/5086 5284/6337/5086 5286/6338/5086 5285/6339/5086
f 5284/6337/5087 5288/6340/5087 5289/6341/5087 5286/6338/5087
f 5282/6342/5088 5287/6343/5088 5289/6341/5088 5288/6340/5088
f 5287/6343/5089 5291/6344/5089 5292/6345/5089 5289/6341/5089
f 5283/6346/5090 5290/6347/5090 5292/6345/5090 5291/6344/5090
f 5290/6347/5091 5285/6339/5091 5286/6338/5091 5292/6345/5091
f 5286/6338/5092 5289/6341/5092 5292/6345/5092
f 5221/6269/5093 5197/6233/5093 5201/6236/5093 5224/6270/5093
f 5224/6270/5094 5201/6236/5094 5206/6249/5094 5228/6273/5094
f 5228/6278/5095 5206/6248/5095 5199/6247/5095 5222/6275/5095
f 5198/6239/5096 5209/6251/5096 5213/6254/5096 5203/6240/5096
f 5203/6243/5097 5213/6267/5097 5218/6266/5097 5207/6244/5097
f 5207/6244/5098 5218/6266/5098 5211/6265/5098 5199/6247/5098
f 5210/6257/5099 5233/6285/5099 5237/6288/5099 5215/6258/5099
f 5215/6261/5100 5237/6299/5100 5242/6298/5100 5219/6262/5100
f 5219/6262/5101 5242/6298/5101 5235/6297/5101 5211/6265/5101
f 5234/6293/5102 5223/6281/5102 5231/6279/5102 5239/6294/5102
f 5239/6294/5103 5231/6279/5103 5227/6276/5103 5243/6295/5103
f 5243/6295/5104 5227/6276/5104 5222/6275/5104 5235/6297/5104
f 5269/6324/5105 5221/6269/5105 5225/6272/5105 5272/6325/5105
f 5272/6325/5106 5225/6272/5106 5230/6283/5106 5276/6328/5106
f 5276/6328/5107 5230/6282/5107 5223/6281/5107 5270/6330/5107
f 5233/6285/5108 5281/6336/5108 5285/6339/5108 5236/6286/5108
f 5236/6289/5109 5285/6339/5109 5290/6347/5109 5240/6290/5109
f 5240/6290/5110 5290/6347/5110 5283/6346/5110 5234/6293/5110
f 5282/6342/5111 5271/6334/5111 5279/6332/5111 5287/6343/5111
f 5287/6343/5112 5279/6332/5112 5275/6331/5112 5291/6344/5112
f 5291/6344/5113 5275/6331/5113 5270/6330/5113 5283/6346/5113
f 5245/6300/5114 5269/6324/5114 5273/6327/5114 5248/6301/5114
f 5248/6301/5115 5273/6327/5115 5278/6335/5115 5252/6304/5115
f 5252/6304/5116 5278/6335/5116 5271/6334/5116 5246/6306/5116
f 5281/6336/5117 5257/6312/5117 5261/6315/5117 5284/6337/5117
f 5284/6337/5118 5261/6315/5118 5266/6323/5118 5288/6340/5118
f 5288/6340/5119 5266/6323/5119 5259/6322/5119 5282/6342/5119
f 5258/6318/5120 5247/6310/5120 5255/6308/5120 5263/6319/5120
f 5263/6319/5121 5255/6308/5121 5251/6307/5121 5267/6320/5121
f 5267/6320/5122 5251/6307/5122 5246/6306/5122 5259/6322/5122
f 5197/6233/5123 5245/6300/5123 5249/6303/5123 5200/6234/5123
f 5200/6234/5124 5249/6303/5124 5254/6311/5124 5204/6237/5124
f 5204/6242/5125 5254/6311/5125 5247/6310/5125 5198/6239/5125
f 5257/6312/5126 5210/6257/5126 5216/6260/5126 5260/6313/5126
f 5260/6313/5127 5216/6255/5127 5212/6252/5127 5264/6316/5127
f 5264/6316/5128 5212/6252/5128 5209/6251/5128 5258/6318/5128
f 5221/6269/5129 5269/6324/5129 5245/6300/5129 5197/6233/5129
f 5199/6247/5130 5211/6265/5130 5235/6297/5130 5222/6275/5130
f 5247/6310/5131 5258/6318/5131 5209/6251/5131 5198/6239/5131
f 5281/6336/5132 5233/6285/5132 5210/6257/5132 5257/6312/5132
f 5223/6281/5133 5234/6293/5133 5283/6346/5133 5270/6330/5133
f 5271/6334/5134 5282/6342/5134 5259/6322/5134 5246/6306/5134
