# Blender 5.2.0 LTS
# www.blender.org
mtllib geometric_infinite_staircase.mtl
o step_1
v -3.965000 0.000000 1.515000
v -3.965000 0.035000 1.550000
v -4.000000 0.035000 1.515000
v -3.965000 0.004676 1.532477
v -3.982477 0.004676 1.515000
v -3.981738 0.009218 1.531737
v -3.982477 0.035000 1.545324
v -3.965000 0.017523 1.545324
v -3.981738 0.018263 1.540782
v -3.995324 0.017523 1.515000
v -3.995324 0.035000 1.532477
v -3.990782 0.018263 1.531737
v -3.965000 3.965000 1.550000
v -3.965000 4.000000 1.515000
v -4.000000 3.965000 1.515000
v -3.965000 3.982477 1.545324
v -3.982477 3.965000 1.545324
v -3.981738 3.981738 1.540782
v -3.982477 3.995324 1.515000
v -3.965000 3.995324 1.532477
v -3.981738 3.990782 1.531737
v -3.995324 3.965000 1.532477
v -3.995324 3.982477 1.515000
v -3.990782 3.981738 1.531737
v -3.965000 0.000000 -1.515000
v -4.000000 0.035000 -1.515000
v -3.965000 0.035000 -1.550000
v -3.982477 0.004676 -1.515000
v -3.965000 0.004676 -1.532477
v -3.981738 0.009218 -1.531737
v -3.995324 0.035000 -1.532477
v -3.995324 0.017523 -1.515000
v -3.990782 0.018263 -1.531737
v -3.965000 0.017523 -1.545324
v -3.982477 0.035000 -1.545324
v -3.981738 0.018263 -1.540782
v -3.965000 4.000000 -1.515000
v -3.965000 3.965000 -1.550000
v -4.000000 3.965000 -1.515000
v -3.965000 3.995324 -1.532477
v -3.982477 3.995324 -1.515000
v -3.981738 3.990782 -1.531737
v -3.982477 3.965000 -1.545324
v -3.965000 3.982477 -1.545324
v -3.981738 3.981738 -1.540782
v -3.995324 3.982477 -1.515000
v -3.995324 3.965000 -1.532477
v -3.990782 3.981738 -1.531737
v -0.035000 0.000000 1.515000
v 0.000000 0.035000 1.515000
v -0.035000 0.035000 1.550000
v -0.017523 0.004676 1.515000
v -0.035000 0.004676 1.532477
v -0.018263 0.009218 1.531737
v -0.004676 0.035000 1.532477
v -0.004676 0.017523 1.515000
v -0.009218 0.018263 1.531737
v -0.035000 0.017523 1.545324
v -0.017523 0.035000 1.545324
v -0.018263 0.018263 1.540782
v -0.035000 4.000000 1.515000
v -0.035000 3.965000 1.550000
v 0.000000 3.965000 1.515000
v -0.035000 3.995324 1.532477
v -0.017523 3.995324 1.515000
v -0.018263 3.990782 1.531737
v -0.017523 3.965000 1.545324
v -0.035000 3.982477 1.545324
v -0.018263 3.981738 1.540782
v -0.004676 3.982477 1.515000
v -0.004676 3.965000 1.532477
v -0.009218 3.981738 1.531737
v -0.035000 0.000000 -1.515000
v -0.035000 0.035000 -1.550000
v 0.000000 0.035000 -1.515000
v -0.035000 0.004676 -1.532477
v -0.017523 0.004676 -1.515000
v -0.018263 0.009218 -1.531737
v -0.017523 0.035000 -1.545324
v -0.035000 0.017523 -1.545324
v -0.018263 0.018263 -1.540782
v -0.004676 0.017523 -1.515000
v -0.004676 0.035000 -1.532477
v -0.009218 0.018263 -1.531737
v -0.035000 4.000000 -1.515000
v 0.000000 3.965000 -1.515000
v -0.035000 3.965000 -1.550000
v -0.017523 3.995324 -1.515000
v -0.035000 3.995324 -1.532477
v -0.018263 3.990782 -1.531737
v -0.004676 3.965000 -1.532477
v -0.004676 3.982477 -1.515000
v -0.009218 3.981738 -1.531737
v -0.035000 3.982477 -1.545324
v -0.017523 3.965000 -1.545324
v -0.018263 3.981738 -1.540782
vn -0.2566 -0.9318 0.2566
vn -0.2178 -0.6901 0.6901
vn -0.2566 -0.2566 0.9318
vn -0.6901 -0.2178 0.6901
vn -0.9318 -0.2566 0.2566
vn -0.6901 -0.6901 0.2178
vn -0.5774 -0.5773 0.5774
vn -0.2566 0.2566 0.9318
vn -0.2178 0.6901 0.6901
vn -0.2566 0.9318 0.2566
vn -0.6901 0.6901 0.2178
vn -0.9318 0.2566 0.2566
vn -0.6901 0.2178 0.6901
vn -0.5774 0.5773 0.5774
vn -0.2566 -0.9318 -0.2566
vn -0.6901 -0.6901 -0.2178
vn -0.9318 -0.2566 -0.2566
vn -0.6901 -0.2178 -0.6901
vn -0.2566 -0.2566 -0.9318
vn -0.2178 -0.6901 -0.6901
vn -0.5774 -0.5773 -0.5774
vn -0.2566 0.9318 -0.2566
vn -0.2178 0.6901 -0.6901
vn -0.2566 0.2566 -0.9318
vn -0.6901 0.2178 -0.6901
vn -0.9318 0.2566 -0.2566
vn -0.6901 0.6901 -0.2178
vn -0.5774 0.5773 -0.5774
vn 0.2566 -0.9318 0.2566
vn 0.6901 -0.6901 0.2178
vn 0.9318 -0.2566 0.2566
vn 0.6901 -0.2178 0.6901
vn 0.2566 -0.2566 0.9318
vn 0.2178 -0.6901 0.6901
vn 0.5774 -0.5773 0.5774
vn 0.2566 0.9318 0.2566
vn 0.2178 0.6901 0.6901
vn 0.2566 0.2566 0.9318
vn 0.6901 0.2178 0.6901
vn 0.9318 0.2566 0.2566
vn 0.6901 0.6901 0.2178
vn 0.5774 0.5773 0.5774
vn 0.2566 -0.9318 -0.2566
vn 0.2178 -0.6901 -0.6901
vn 0.2566 -0.2566 -0.9318
vn 0.6901 -0.2178 -0.6901
vn 0.9318 -0.2566 -0.2566
vn 0.6901 -0.6901 -0.2178
vn 0.5774 -0.5773 -0.5774
vn 0.2566 0.9318 -0.2566
vn 0.6901 0.6901 -0.2178
vn 0.9318 0.2566 -0.2566
vn 0.6901 0.2178 -0.6901
vn 0.2566 0.2566 -0.9318
vn 0.2178 0.6901 -0.6901
vn 0.5774 0.5773 -0.5774
vn -0.2584 -0.9660 -0.0000
vn -0.7071 -0.7071 -0.0000
vn -0.9660 -0.2584 -0.0000
vn -0.2585 -0.0000 0.9660
vn -0.7071 -0.0000 0.7071
vn -0.9660 -0.0000 0.2584
vn -0.2584 0.9660 -0.0000
vn -0.7071 0.7071 -0.0000
vn -0.9660 0.2584 -0.0000
vn -0.2585 -0.0000 -0.9660
vn -0.7071 -0.0000 -0.7071
vn -0.9660 -0.0000 -0.2584
vn -0.0000 -0.9660 -0.2584
vn -0.0000 -0.7071 -0.7071
vn -0.0000 -0.2584 -0.9660
vn -0.0000 0.9660 -0.2584
vn -0.0000 0.7071 -0.7071
vn -0.0000 0.2584 -0.9660
vn 0.9660 -0.0000 -0.2584
vn 0.7071 -0.0000 -0.7071
vn 0.2585 -0.0000 -0.9660
vn 0.2584 -0.9660 -0.0000
vn 0.7071 -0.7071 -0.0000
vn 0.9660 -0.2584 -0.0000
vn 0.2584 0.9660 -0.0000
vn 0.7071 0.7071 -0.0000
vn 0.9660 0.2584 -0.0000
vn 0.2585 -0.0000 0.9660
vn 0.7071 -0.0000 0.7071
vn 0.9660 -0.0000 0.2584
vn -0.0000 -0.9660 0.2584
vn -0.0000 -0.7071 0.7071
vn -0.0000 -0.2584 0.9660
vn -0.0000 0.9660 0.2584
vn -0.0000 0.7071 0.7071
vn -0.0000 0.2584 0.9660
vn -0.0000 -1.0000 -0.0000
vn -1.0000 -0.0000 -0.0000
vn -0.0000 -0.0000 1.0000
vn -0.0000 1.0000 -0.0000
vn -0.0000 -0.0000 -1.0000
vn 1.0000 -0.0000 -0.0000
vt 0.127188 0.747177
vt 0.127187 0.748587
vt 0.126141 0.748527
vt 0.126095 0.747177
vt 0.127187 0.750000
vt 0.126141 0.750000
vt 0.377187 0.997812
vt 0.377187 1.000000
vt 0.375000 0.998859
vt 0.375000 0.997813
vt 0.377187 0.000000
vt 0.377187 0.001413
vt 0.375000 0.001473
vt 0.375000 0.000000
vt 0.377188 0.002823
vt 0.375000 0.002823
vt 0.125000 0.747177
vt 0.125000 0.748527
vt 0.622813 0.997813
vt 0.623905 0.997813
vt 0.623859 1.000000
vt 0.622813 1.000000
vt 0.625000 0.997813
vt 0.625000 1.000000
vt 0.872812 0.747177
vt 0.875000 0.747177
vt 0.875000 0.748527
vt 0.872813 0.750000
vt 0.625000 0.002823
vt 0.623905 0.002823
vt 0.623859 0.001473
vt 0.625000 0.001473
vt 0.622813 0.002823
vt 0.622813 0.001413
vt 0.622813 0.000000
vt 0.623859 0.000000
vt 0.127188 0.502823
vt 0.126095 0.502823
vt 0.126141 0.501473
vt 0.127187 0.501413
vt 0.125000 0.502823
vt 0.125000 0.501473
vt 0.377188 0.247177
vt 0.377187 0.248587
vt 0.375000 0.248527
vt 0.375000 0.247177
vt 0.377187 0.251095
vt 0.375000 0.251141
vt 0.377187 0.252187
vt 0.375000 0.252187
vt 0.127187 0.500000
vt 0.126141 0.500000
vt 0.872812 0.502823
vt 0.872813 0.500000
vt 0.875000 0.501473
vt 0.875000 0.502823
vt 0.625000 0.252187
vt 0.623905 0.252187
vt 0.623859 0.250670
vt 0.625000 0.249018
vt 0.622812 0.252187
vt 0.622812 0.251095
vt 0.622813 0.248587
vt 0.623859 0.248527
vt 0.622813 0.247177
vt 0.623905 0.247177
vt 0.625000 0.247177
vt 0.372813 0.747177
vt 0.373905 0.747177
vt 0.373859 0.748527
vt 0.372813 0.748587
vt 0.376095 0.747177
vt 0.375712 0.748527
vt 0.377188 0.747177
vt 0.377187 0.748587
vt 0.377187 0.751095
vt 0.374429 0.750571
vt 0.377187 0.752187
vt 0.373906 0.751094
vt 0.627188 0.747177
vt 0.626094 0.751094
vt 0.625571 0.750571
vt 0.626095 0.747177
vt 0.623905 0.752187
vt 0.623859 0.751141
vt 0.622812 0.752187
vt 0.622812 0.751095
vt 0.622813 0.748587
vt 0.623859 0.749039
vt 0.622813 0.747177
vt 0.623905 0.747177
vt 0.372813 0.502823
vt 0.372813 0.501413
vt 0.373859 0.501473
vt 0.373905 0.502823
vt 0.373906 0.498906
vt 0.374429 0.499429
vt 0.377187 0.497812
vt 0.377187 0.498905
vt 0.377187 0.501413
vt 0.375712 0.501473
vt 0.377188 0.502823
vt 0.376095 0.502823
vt 0.627187 0.502823
vt 0.626095 0.502823
vt 0.625571 0.499429
vt 0.626094 0.498906
vt 0.623905 0.502823
vt 0.623859 0.500961
vt 0.622813 0.502823
vt 0.622813 0.501413
vt 0.622813 0.498905
vt 0.623859 0.498859
vt 0.622813 0.497813
vt 0.623905 0.497813
s 0
usemtl cyan_steps
f 1/1/1 4/2/1 6/3/1 5/4/1
f 4/2/2 8/5/2 9/6/2 6/3/2
f 2/7/3 7/8/3 9/9/3 8/10/3
f 7/11/4 11/12/4 12/13/4 9/14/4
f 3/15/5 10/16/5 12/13/5 11/12/5
f 10/17/6 5/4/6 6/3/6 12/18/6
f 6/3/7 9/6/7 12/18/7
f 13/19/8 16/20/8 18/21/8 17/22/8
f 16/20/9 20/23/9 21/24/9 18/21/9
f 14/25/10 19/26/10 21/27/10 20/28/10
f 19/29/11 23/30/11 24/31/11 21/32/11
f 15/33/12 22/34/12 24/31/12 23/30/12
f 22/34/13 17/35/13 18/36/13 24/31/13
f 18/36/14 21/32/14 24/31/14
f 25/37/15 28/38/15 30/39/15 29/40/15
f 28/38/16 32/41/16 33/42/16 30/39/16
f 26/43/17 31/44/17 33/45/17 32/46/17
f 31/44/18 35/47/18 36/48/18 33/45/18
f 27/49/19 34/50/19 36/48/19 35/47/19
f 34/51/20 29/40/20 30/39/20 36/52/20
f 30/39/21 33/42/21 36/52/21
f 37/53/22 40/54/22 42/55/22 41/56/22
f 40/57/23 44/58/23 45/59/23 42/60/23
f 38/61/24 43/62/24 45/59/24 44/58/24
f 43/62/25 47/63/25 48/64/25 45/59/25
f 39/65/26 46/66/26 48/64/26 47/63/26
f 46/66/27 41/67/27 42/60/27 48/64/27
f 42/60/28 45/59/28 48/64/28
f 49/68/29 52/69/29 54/70/29 53/71/29
f 52/69/30 56/72/30 57/73/30 54/70/30
f 50/74/31 55/75/31 57/73/31 56/72/31
f 55/75/32 59/76/32 60/77/32 57/73/32
f 51/78/33 58/79/33 60/77/33 59/76/33
f 58/79/34 53/71/34 54/70/34 60/77/34
f 54/70/35 57/73/35 60/77/35
f 61/80/36 64/81/36 66/82/36 65/83/36
f 64/81/37 68/84/37 69/85/37 66/82/37
f 62/86/38 67/87/38 69/85/38 68/84/38
f 67/87/39 71/88/39 72/89/39 69/85/39
f 63/90/40 70/91/40 72/89/40 71/88/40
f 70/91/41 65/83/41 66/82/41 72/89/41
f 66/82/42 69/85/42 72/89/42
f 73/92/43 76/93/43 78/94/43 77/95/43
f 76/93/44 80/96/44 81/97/44 78/94/44
f 74/98/45 79/99/45 81/97/45 80/96/45
f 79/99/46 83/100/46 84/101/46 81/97/46
f 75/102/47 82/103/47 84/101/47 83/100/47
f 82/103/48 77/95/48 78/94/48 84/101/48
f 78/94/49 81/97/49 84/101/49
f 85/104/50 88/105/50 90/106/50 89/107/50
f 88/105/51 92/108/51 93/109/51 90/106/51
f 86/110/52 91/111/52 93/109/52 92/108/52
f 91/111/53 95/112/53 96/113/53 93/109/53
f 87/114/54 94/115/54 96/113/54 95/112/54
f 94/115/55 89/107/55 90/106/55 96/113/55
f 90/106/56 93/109/56 96/113/56
f 25/37/57 1/1/57 5/4/57 28/38/57
f 28/38/58 5/4/58 10/17/58 32/41/58
f 32/46/59 10/16/59 3/15/59 26/43/59
f 2/7/60 13/19/60 17/22/60 7/8/60
f 7/11/61 17/35/61 22/34/61 11/12/61
f 11/12/62 22/34/62 15/33/62 3/15/62
f 14/25/63 37/53/63 41/56/63 19/26/63
f 19/29/64 41/67/64 46/66/64 23/30/64
f 23/30/65 46/66/65 39/65/65 15/33/65
f 38/61/66 27/49/66 35/47/66 43/62/66
f 43/62/67 35/47/67 31/44/67 47/63/67
f 47/63/68 31/44/68 26/43/68 39/65/68
f 73/92/69 25/37/69 29/40/69 76/93/69
f 76/93/70 29/40/70 34/51/70 80/96/70
f 80/96/71 34/50/71 27/49/71 74/98/71
f 37/53/72 85/104/72 89/107/72 40/54/72
f 40/57/73 89/107/73 94/115/73 44/58/73
f 44/58/74 94/115/74 87/114/74 38/61/74
f 86/110/75 75/102/75 83/100/75 91/111/75
f 91/111/76 83/100/76 79/99/76 95/112/76
f 95/112/77 79/99/77 74/98/77 87/114/77
f 49/68/78 73/92/78 77/95/78 52/69/78
f 52/69/79 77/95/79 82/103/79 56/72/79
f 56/72/80 82/103/80 75/102/80 50/74/80
f 85/104/81 61/80/81 65/83/81 88/105/81
f 88/105/82 65/83/82 70/91/82 92/108/82
f 92/108/83 70/91/83 63/90/83 86/110/83
f 62/86/84 51/78/84 59/76/84 67/87/84
f 67/87/85 59/76/85 55/75/85 71/88/85
f 71/88/86 55/75/86 50/74/86 63/90/86
f 1/1/87 49/68/87 53/71/87 4/2/87
f 4/2/88 53/71/88 58/79/88 8/5/88
f 8/10/89 58/79/89 51/78/89 2/7/89
f 61/80/90 14/25/90 20/28/90 64/81/90
f 64/81/91 20/23/91 16/20/91 68/84/91
f 68/84/92 16/20/92 13/19/92 62/86/92
f 25/37/93 73/92/93 49/68/93 1/1/93
f 3/15/94 15/33/94 39/65/94 26/43/94
f 51/78/95 62/86/95 13/19/95 2/7/95
f 85/104/96 37/53/96 14/25/96 61/80/96
f 27/49/97 38/61/97 87/114/97 74/98/97
f 75/102/98 86/110/98 63/90/98 50/74/98
o step_2
v 0.035000 0.000000 1.515000
v 0.035000 0.035000 1.550000
v 0.000000 0.035000 1.515000
v 0.035000 0.004676 1.532477
v 0.017523 0.004676 1.515000
v 0.018263 0.009218 1.531737
v 0.017523 0.035000 1.545324
v 0.035000 0.017523 1.545324
v 0.018263 0.018262 1.540782
v 0.004676 0.017523 1.515000
v 0.004676 0.035000 1.532477
v 0.009218 0.018262 1.531737
v 0.035000 5.965000 1.550000
v 0.035000 6.000000 1.515000
v 0.000000 5.965000 1.515000
v 0.035000 5.982477 1.545324
v 0.017523 5.965000 1.545324
v 0.018263 5.981738 1.540782
v 0.017523 5.995324 1.515000
v 0.035000 5.995324 1.532477
v 0.018263 5.990782 1.531737
v 0.004676 5.965000 1.532477
v 0.004676 5.982477 1.515000
v 0.009218 5.981738 1.531737
v 0.035000 0.000000 -1.515000
v 0.000000 0.035000 -1.515000
v 0.035000 0.035000 -1.550000
v 0.017523 0.004676 -1.515000
v 0.035000 0.004676 -1.532477
v 0.018263 0.009218 -1.531737
v 0.004676 0.035000 -1.532477
v 0.004676 0.017523 -1.515000
v 0.009218 0.018262 -1.531737
v 0.035000 0.017523 -1.545324
v 0.017523 0.035000 -1.545324
v 0.018263 0.018262 -1.540782
v 0.035000 6.000000 -1.515000
v 0.035000 5.965000 -1.550000
v 0.000000 5.965000 -1.515000
v 0.035000 5.995324 -1.532477
v 0.017523 5.995324 -1.515000
v 0.018263 5.990782 -1.531737
v 0.017523 5.965000 -1.545324
v 0.035000 5.982477 -1.545324
v 0.018263 5.981738 -1.540782
v 0.004676 5.982477 -1.515000
v 0.004676 5.965000 -1.532477
v 0.009218 5.981738 -1.531737
v 1.965000 0.000000 1.515000
v 2.000000 0.035000 1.515000
v 1.965000 0.035000 1.550000
v 1.982477 0.004676 1.515000
v 1.965000 0.004676 1.532477
v 1.981737 0.009218 1.531737
v 1.995324 0.035000 1.532477
v 1.995324 0.017523 1.515000
v 1.990782 0.018262 1.531737
v 1.965000 0.017523 1.545324
v 1.982477 0.035000 1.545324
v 1.981737 0.018262 1.540782
v 1.965000 6.000000 1.515000
v 1.965000 5.965000 1.550000
v 2.000000 5.965000 1.515000
v 1.965000 5.995324 1.532477
v 1.982477 5.995324 1.515000
v 1.981737 5.990782 1.531737
v 1.982477 5.965000 1.545324
v 1.965000 5.982477 1.545324
v 1.981737 5.981738 1.540782
v 1.995324 5.982477 1.515000
v 1.995324 5.965000 1.532477
v 1.990782 5.981738 1.531737
v 1.965000 0.000000 -1.515000
v 1.965000 0.035000 -1.550000
v 2.000000 0.035000 -1.515000
v 1.965000 0.004676 -1.532477
v 1.982477 0.004676 -1.515000
v 1.981737 0.009218 -1.531737
v 1.982477 0.035000 -1.545324
v 1.965000 0.017523 -1.545324
v 1.981737 0.018262 -1.540782
v 1.995324 0.017523 -1.515000
v 1.995324 0.035000 -1.532477
v 1.990782 0.018262 -1.531737
v 1.965000 6.000000 -1.515000
v 2.000000 5.965000 -1.515000
v 1.965000 5.965000 -1.550000
v 1.982477 5.995324 -1.515000
v 1.965000 5.995324 -1.532477
v 1.981737 5.990782 -1.531737
v 1.995324 5.965000 -1.532477
v 1.995324 5.982477 -1.515000
v 1.990782 5.981738 -1.531737
v 1.965000 5.982477 -1.545324
v 1.982477 5.965000 -1.545324
v 1.981737 5.981738 -1.540782
vn -0.2566 -0.9318 0.2566
vn -0.2178 -0.6901 0.6901
vn -0.2566 -0.2566 0.9318
vn -0.6901 -0.2178 0.6901
vn -0.9318 -0.2566 0.2566
vn -0.6901 -0.6901 0.2178
vn -0.5774 -0.5773 0.5773
vn -0.2566 0.2566 0.9318
vn -0.2178 0.6901 0.6901
vn -0.2566 0.9318 0.2566
vn -0.6901 0.6901 0.2178
vn -0.9318 0.2566 0.2566
vn -0.6901 0.2178 0.6901
vn -0.5774 0.5773 0.5773
vn -0.2566 -0.9318 -0.2566
vn -0.6901 -0.6901 -0.2178
vn -0.9318 -0.2566 -0.2566
vn -0.6901 -0.2178 -0.6901
vn -0.2566 -0.2566 -0.9318
vn -0.2178 -0.6901 -0.6901
vn -0.5774 -0.5773 -0.5773
vn -0.2566 0.9318 -0.2566
vn -0.2178 0.6901 -0.6901
vn -0.2566 0.2566 -0.9318
vn -0.6901 0.2178 -0.6901
vn -0.9318 0.2566 -0.2566
vn -0.6901 0.6901 -0.2178
vn -0.5774 0.5773 -0.5773
vn 0.2566 -0.9318 0.2566
vn 0.6901 -0.6901 0.2178
vn 0.9318 -0.2566 0.2566
vn 0.6901 -0.2178 0.6901
vn 0.2566 -0.2566 0.9318
vn 0.2178 -0.6901 0.6901
vn 0.5774 -0.5773 0.5773
vn 0.2566 0.9318 0.2566
vn 0.2178 0.6901 0.6901
vn 0.2566 0.2566 0.9318
vn 0.6901 0.2178 0.6901
vn 0.9318 0.2566 0.2566
vn 0.6901 0.6901 0.2178
vn 0.5774 0.5773 0.5773
vn 0.2566 -0.9318 -0.2566
vn 0.2178 -0.6901 -0.6901
vn 0.2566 -0.2566 -0.9318
vn 0.6901 -0.2178 -0.6901
vn 0.9318 -0.2566 -0.2566
vn 0.6901 -0.6901 -0.2178
vn 0.5774 -0.5773 -0.5773
vn 0.2566 0.9318 -0.2566
vn 0.6901 0.6901 -0.2178
vn 0.9318 0.2566 -0.2566
vn 0.6901 0.2178 -0.6901
vn 0.2566 0.2566 -0.9318
vn 0.2178 0.6901 -0.6901
vn 0.5774 0.5773 -0.5773
vn -0.2585 -0.9660 -0.0000
vn -0.7071 -0.7071 -0.0000
vn -0.9660 -0.2585 -0.0000
vn -0.2585 -0.0000 0.9660
vn -0.7071 -0.0000 0.7071
vn -0.9660 -0.0000 0.2585
vn -0.2585 0.9660 -0.0000
vn -0.7071 0.7071 -0.0000
vn -0.9660 0.2585 -0.0000
vn -0.2585 -0.0000 -0.9660
vn -0.7071 -0.0000 -0.7071
vn -0.9660 -0.0000 -0.2585
vn -0.0000 -0.9660 -0.2584
vn -0.0000 -0.7071 -0.7071
vn -0.0000 -0.2585 -0.9660
vn -0.0000 0.9660 -0.2584
vn -0.0000 0.7071 -0.7071
vn -0.0000 0.2585 -0.9660
vn 0.9660 -0.0000 -0.2585
vn 0.7071 -0.0000 -0.7071
vn 0.2585 -0.0000 -0.9660
vn 0.2585 -0.9660 -0.0000
vn 0.7071 -0.7071 -0.0000
vn 0.9660 -0.2585 -0.0000
vn 0.2585 0.9660 -0.0000
vn 0.7071 0.7071 -0.0000
vn 0.9660 0.2585 -0.0000
vn 0.2585 -0.0000 0.9660
vn 0.7071 -0.0000 0.7071
vn 0.9660 -0.0000 0.2585
vn -0.0000 -0.9660 0.2584
vn -0.0000 -0.7071 0.7071
vn -0.0000 -0.2585 0.9660
vn -0.0000 0.9660 0.2584
vn -0.0000 0.7071 0.7071
vn -0.0000 0.2585 0.9660
vn -0.0000 -1.0000 -0.0000
vn -1.0000 -0.0000 -0.0000
vn -0.0000 -0.0000 1.0000
vn -0.0000 1.0000 -0.0000
vn -0.0000 -0.0000 -1.0000
vn 1.0000 -0.0000 -0.0000
vt 0.129375 0.747177
vt 0.129375 0.748587
vt 0.127283 0.748527
vt 0.127190 0.747177
vt 0.129375 0.750000
vt 0.127283 0.750000
vt 0.376458 0.995625
vt 0.376458 1.000000
vt 0.375000 0.997717
vt 0.375000 0.995625
vt 0.376458 0.000000
vt 0.376458 0.001413
vt 0.375000 0.001473
vt 0.375000 0.000000
vt 0.376458 0.002823
vt 0.375000 0.002823
vt 0.125000 0.747177
vt 0.125000 0.748527
vt 0.623542 0.995625
vt 0.624270 0.995625
vt 0.624239 1.000000
vt 0.623542 1.000000
vt 0.625000 0.995625
vt 0.625000 1.000000
vt 0.870625 0.747177
vt 0.875000 0.747177
vt 0.875000 0.748527
vt 0.870625 0.750000
vt 0.625000 0.002823
vt 0.624270 0.002823
vt 0.624239 0.001473
vt 0.625000 0.001473
vt 0.623542 0.002823
vt 0.623542 0.001413
vt 0.623542 0.000000
vt 0.624239 0.000000
vt 0.129375 0.502823
vt 0.127190 0.502823
vt 0.127283 0.501473
vt 0.129375 0.501413
vt 0.125000 0.502823
vt 0.125000 0.501473
vt 0.376458 0.247177
vt 0.376458 0.248587
vt 0.375000 0.248527
vt 0.375000 0.247177
vt 0.376458 0.252190
vt 0.375000 0.252283
vt 0.376458 0.254375
vt 0.375000 0.254375
vt 0.129375 0.500000
vt 0.127283 0.500000
vt 0.870625 0.502823
vt 0.870625 0.500000
vt 0.875000 0.501473
vt 0.875000 0.502823
vt 0.625000 0.254375
vt 0.624270 0.254375
vt 0.624239 0.251526
vt 0.625000 0.249018
vt 0.623542 0.254375
vt 0.623542 0.252190
vt 0.623542 0.248587
vt 0.624239 0.248527
vt 0.623542 0.247177
vt 0.624270 0.247177
vt 0.625000 0.247177
vt 0.370625 0.747177
vt 0.372810 0.747177
vt 0.372717 0.748527
vt 0.370625 0.748587
vt 0.375730 0.747177
vt 0.375283 0.748527
vt 0.376458 0.747177
vt 0.376458 0.748587
vt 0.376458 0.752190
vt 0.373859 0.751141
vt 0.376458 0.754375
vt 0.372812 0.752187
vt 0.629375 0.747177
vt 0.627187 0.752187
vt 0.626141 0.751141
vt 0.627190 0.747177
vt 0.624270 0.754375
vt 0.624239 0.752283
vt 0.623542 0.754375
vt 0.623542 0.752190
vt 0.623542 0.748587
vt 0.624239 0.749183
vt 0.623542 0.747177
vt 0.624270 0.747177
vt 0.370625 0.502823
vt 0.370625 0.501413
vt 0.372717 0.501473
vt 0.372810 0.502823
vt 0.372812 0.497813
vt 0.373859 0.498859
vt 0.376458 0.495625
vt 0.376458 0.497810
vt 0.376458 0.501413
vt 0.375283 0.501473
vt 0.376458 0.502823
vt 0.375730 0.502823
vt 0.629375 0.502823
vt 0.627190 0.502823
vt 0.626141 0.498859
vt 0.627187 0.497813
vt 0.624270 0.502823
vt 0.624239 0.500817
vt 0.623542 0.502823
vt 0.623542 0.501413
vt 0.623542 0.497810
vt 0.624239 0.497717
vt 0.623542 0.495625
vt 0.624270 0.495625
s 0
usemtl violet_steps
f 97/116/99 100/117/99 102/118/99 101/119/99
f 100/117/100 104/120/100 105/121/100 102/118/100
f 98/122/101 103/123/101 105/124/101 104/125/101
f 103/126/102 107/127/102 108/128/102 105/129/102
f 99/130/103 106/131/103 108/128/103 107/127/103
f 106/132/104 101/119/104 102/118/104 108/133/104
f 102/118/105 105/121/105 108/133/105
f 109/134/106 112/135/106 114/136/106 113/137/106
f 112/135/107 116/138/107 117/139/107 114/136/107
f 110/140/108 115/141/108 117/142/108 116/143/108
f 115/144/109 119/145/109 120/146/109 117/147/109
f 111/148/110 118/149/110 120/146/110 119/145/110
f 118/149/111 113/150/111 114/151/111 120/146/111
f 114/151/112 117/147/112 120/146/112
f 121/152/113 124/153/113 126/154/113 125/155/113
f 124/153/114 128/156/114 129/157/114 126/154/114
f 122/158/115 127/159/115 129/160/115 128/161/115
f 127/159/116 131/162/116 132/163/116 129/160/116
f 123/164/117 130/165/117 132/163/117 131/162/117
f 130/166/118 125/155/118 126/154/118 132/167/118
f 126/154/119 129/157/119 132/167/119
f 133/168/120 136/169/120 138/170/120 137/171/120
f 136/172/121 140/173/121 141/174/121 138/175/121
f 134/176/122 139/177/122 141/174/122 140/173/122
f 139/177/123 143/178/123 144/179/123 141/174/123
f 135/180/124 142/181/124 144/179/124 143/178/124
f 142/181/125 137/182/125 138/175/125 144/179/125
f 138/175/126 141/174/126 144/179/126
f 145/183/127 148/184/127 150/185/127 149/186/127
f 148/184/128 152/187/128 153/188/128 150/185/128
f 146/189/129 151/190/129 153/188/129 152/187/129
f 151/190/130 155/191/130 156/192/130 153/188/130
f 147/193/131 154/194/131 156/192/131 155/191/131
f 154/194/132 149/186/132 150/185/132 156/192/132
f 150/185/133 153/188/133 156/192/133
f 157/195/134 160/196/134 162/197/134 161/198/134
f 160/196/135 164/199/135 165/200/135 162/197/135
f 158/201/136 163/202/136 165/200/136 164/199/136
f 163/202/137 167/203/137 168/204/137 165/200/137
f 159/205/138 166/206/138 168/204/138 167/203/138
f 166/206/139 161/198/139 162/197/139 168/204/139
f 162/197/140 165/200/140 168/204/140
f 169/207/141 172/208/141 174/209/141 173/210/141
f 172/208/142 176/211/142 177/212/142 174/209/142
f 170/213/143 175/214/143 177/212/143 176/211/143
f 175/214/144 179/215/144 180/216/144 177/212/144
f 171/217/145 178/218/145 180/216/145 179/215/145
f 178/218/146 173/210/146 174/209/146 180/216/146
f 174/209/147 177/212/147 180/216/147
f 181/219/148 184/220/148 186/221/148 185/222/148
f 184/220/149 188/223/149 189/224/149 186/221/149
f 182/225/150 187/226/150 189/224/150 188/223/150
f 187/226/151 191/227/151 192/228/151 189/224/151
f 183/229/152 190/230/152 192/228/152 191/227/152
f 190/230/153 185/222/153 186/221/153 192/228/153
f 186/221/154 189/224/154 192/228/154
f 121/152/155 97/116/155 101/119/155 124/153/155
f 124/153/156 101/119/156 106/132/156 128/156/156
f 128/161/157 106/131/157 99/130/157 122/158/157
f 98/122/158 109/134/158 113/137/158 103/123/158
f 103/126/159 113/150/159 118/149/159 107/127/159
f 107/127/160 118/149/160 111/148/160 99/130/160
f 110/140/161 133/168/161 137/171/161 115/141/161
f 115/144/162 137/182/162 142/181/162 119/145/162
f 119/145/163 142/181/163 135/180/163 111/148/163
f 134/176/164 123/164/164 131/162/164 139/177/164
f 139/177/165 131/162/165 127/159/165 143/178/165
f 143/178/166 127/159/166 122/158/166 135/180/166
f 169/207/167 121/152/167 125/155/167 172/208/167
f 172/208/168 125/155/168 130/166/168 176/211/168
f 176/211/169 130/165/169 123/164/169 170/213/169
f 133/168/170 181/219/170 185/222/170 136/169/170
f 136/172/171 185/222/171 190/230/171 140/173/171
f 140/173/172 190/230/172 183/229/172 134/176/172
f 182/225/173 171/217/173 179/215/173 187/226/173
f 187/226/174 179/215/174 175/214/174 191/227/174
f 191/227/175 175/214/175 170/213/175 183/229/175
f 145/183/176 169/207/176 173/210/176 148/184/176
f 148/184/177 173/210/177 178/218/177 152/187/177
f 152/187/178 178/218/178 171/217/178 146/189/178
f 181/219/179 157/195/179 161/198/179 184/220/179
f 184/220/180 161/198/180 166/206/180 188/223/180
f 188/223/181 166/206/181 159/205/181 182/225/181
f 158/201/182 147/193/182 155/191/182 163/202/182
f 163/202/183 155/191/183 151/190/183 167/203/183
f 167/203/184 151/190/184 146/189/184 159/205/184
f 97/116/185 145/183/185 149/186/185 100/117/185
f 100/117/186 149/186/186 154/194/186 104/120/186
f 104/125/187 154/194/187 147/193/187 98/122/187
f 157/195/188 110/140/188 116/143/188 160/196/188
f 160/196/189 116/138/189 112/135/189 164/199/189
f 164/199/190 112/135/190 109/134/190 158/201/190
f 121/152/191 169/207/191 145/183/191 97/116/191
f 99/130/192 111/148/192 135/180/192 122/158/192
f 147/193/193 158/201/193 109/134/193 98/122/193
f 181/219/194 133/168/194 110/140/194 157/195/194
f 123/164/195 134/176/195 183/229/195 170/213/195
f 171/217/196 182/225/196 159/205/196 146/189/196
o step_3
v 2.035000 0.000000 1.515000
v 2.035000 0.035000 1.550000
v 2.000000 0.035000 1.515000
v 2.035000 0.004676 1.532477
v 2.017523 0.004676 1.515000
v 2.018263 0.009218 1.531737
v 2.017523 0.035000 1.545324
v 2.035000 0.017523 1.545324
v 2.018263 0.018262 1.540782
v 2.004676 0.017523 1.515000
v 2.004676 0.035000 1.532477
v 2.009218 0.018262 1.531737
v 2.035000 6.965000 1.550000
v 2.035000 7.000000 1.515000
v 2.000000 6.965000 1.515000
v 2.035000 6.982477 1.545324
v 2.017523 6.965000 1.545324
v 2.018263 6.981738 1.540782
v 2.017523 6.995324 1.515000
v 2.035000 6.995324 1.532477
v 2.018263 6.990782 1.531737
v 2.004676 6.965000 1.532477
v 2.004676 6.982477 1.515000
v 2.009218 6.981738 1.531737
v 2.035000 0.000000 -1.515000
v 2.000000 0.035000 -1.515000
v 2.035000 0.035000 -1.550000
v 2.017523 0.004676 -1.515000
v 2.035000 0.004676 -1.532477
v 2.018263 0.009218 -1.531737
v 2.004676 0.035000 -1.532477
v 2.004676 0.017523 -1.515000
v 2.009218 0.018262 -1.531737
v 2.035000 0.017523 -1.545324
v 2.017523 0.035000 -1.545324
v 2.018263 0.018262 -1.540782
v 2.035000 7.000000 -1.515000
v 2.035000 6.965000 -1.550000
v 2.000000 6.965000 -1.515000
v 2.035000 6.995324 -1.532477
v 2.017523 6.995324 -1.515000
v 2.018263 6.990782 -1.531737
v 2.017523 6.965000 -1.545324
v 2.035000 6.982477 -1.545324
v 2.018263 6.981738 -1.540782
v 2.004676 6.982477 -1.515000
v 2.004676 6.965000 -1.532477
v 2.009218 6.981738 -1.531737
v 2.965000 0.000000 1.515000
v 3.000000 0.035000 1.515000
v 2.965000 0.035000 1.550000
v 2.982477 0.004676 1.515000
v 2.965000 0.004676 1.532477
v 2.981737 0.009218 1.531737
v 2.995324 0.035000 1.532477
v 2.995324 0.017523 1.515000
v 2.990782 0.018262 1.531737
v 2.965000 0.017523 1.545324
v 2.982477 0.035000 1.545324
v 2.981737 0.018262 1.540782
v 2.965000 7.000000 1.515000
v 2.965000 6.965000 1.550000
v 3.000000 6.965000 1.515000
v 2.965000 6.995324 1.532477
v 2.982477 6.995324 1.515000
v 2.981737 6.990782 1.531737
v 2.982477 6.965000 1.545324
v 2.965000 6.982477 1.545324
v 2.981737 6.981738 1.540782
v 2.995324 6.982477 1.515000
v 2.995324 6.965000 1.532477
v 2.990782 6.981738 1.531737
v 2.965000 0.000000 -1.515000
v 2.965000 0.035000 -1.550000
v 3.000000 0.035000 -1.515000
v 2.965000 0.004676 -1.532477
v 2.982477 0.004676 -1.515000
v 2.981737 0.009218 -1.531737
v 2.982477 0.035000 -1.545324
v 2.965000 0.017523 -1.545324
v 2.981737 0.018262 -1.540782
v 2.995324 0.017523 -1.515000
v 2.995324 0.035000 -1.532477
v 2.990782 0.018262 -1.531737
v 2.965000 7.000000 -1.515000
v 3.000000 6.965000 -1.515000
v 2.965000 6.965000 -1.550000
v 2.982477 6.995324 -1.515000
v 2.965000 6.995324 -1.532477
v 2.981737 6.990782 -1.531737
v 2.995324 6.965000 -1.532477
v 2.995324 6.982477 -1.515000
v 2.990782 6.981738 -1.531737
v 2.965000 6.982477 -1.545324
v 2.982477 6.965000 -1.545324
v 2.981737 6.981738 -1.540782
vn -0.2566 -0.9318 0.2566
vn -0.2178 -0.6901 0.6901
vn -0.2566 -0.2566 0.9318
vn -0.6901 -0.2178 0.6901
vn -0.9318 -0.2566 0.2566
vn -0.6901 -0.6901 0.2178
vn -0.5774 -0.5773 0.5774
vn -0.2566 0.2566 0.9318
vn -0.2178 0.6901 0.6901
vn -0.2566 0.9318 0.2566
vn -0.6901 0.6901 0.2178
vn -0.9318 0.2566 0.2566
vn -0.6901 0.2178 0.6901
vn -0.5774 0.5773 0.5774
vn -0.2566 -0.9318 -0.2566
vn -0.6901 -0.6901 -0.2178
vn -0.9318 -0.2566 -0.2566
vn -0.6901 -0.2178 -0.6901
vn -0.2566 -0.2566 -0.9318
vn -0.2178 -0.6901 -0.6901
vn -0.5774 -0.5773 -0.5774
vn -0.2566 0.9318 -0.2566
vn -0.2178 0.6901 -0.6901
vn -0.2566 0.2566 -0.9318
vn -0.6901 0.2178 -0.6901
vn -0.9318 0.2566 -0.2566
vn -0.6901 0.6901 -0.2178
vn -0.5774 0.5773 -0.5774
vn 0.2566 -0.9318 0.2566
vn 0.6901 -0.6901 0.2178
vn 0.9318 -0.2566 0.2566
vn 0.6901 -0.2178 0.6901
vn 0.2566 -0.2566 0.9318
vn 0.2178 -0.6901 0.6901
vn 0.5774 -0.5773 0.5774
vn 0.2566 0.9318 0.2566
vn 0.2178 0.6901 0.6901
vn 0.2566 0.2566 0.9318
vn 0.6901 0.2178 0.6901
vn 0.9318 0.2566 0.2566
vn 0.6901 0.6901 0.2178
vn 0.5774 0.5773 0.5774
vn 0.2566 -0.9318 -0.2566
vn 0.2178 -0.6901 -0.6901
vn 0.2566 -0.2566 -0.9318
vn 0.6901 -0.2178 -0.6901
vn 0.9318 -0.2566 -0.2566
vn 0.6901 -0.6901 -0.2178
vn 0.5774 -0.5773 -0.5774
vn 0.2566 0.9318 -0.2566
vn 0.6901 0.6901 -0.2178
vn 0.9318 0.2566 -0.2566
vn 0.6901 0.2178 -0.6901
vn 0.2566 0.2566 -0.9318
vn 0.2178 0.6901 -0.6901
vn 0.5774 0.5773 -0.5774
vn -0.2584 -0.9660 -0.0000
vn -0.7071 -0.7071 -0.0000
vn -0.9660 -0.2585 -0.0000
vn -0.2585 -0.0000 0.9660
vn -0.7071 -0.0000 0.7071
vn -0.9660 -0.0000 0.2584
vn -0.2584 0.9660 -0.0000
vn -0.7071 0.7071 -0.0000
vn -0.9660 0.2585 -0.0000
vn -0.2585 -0.0000 -0.9660
vn -0.7071 -0.0000 -0.7071
vn -0.9660 -0.0000 -0.2584
vn -0.0000 -0.9660 -0.2584
vn -0.0000 -0.7071 -0.7071
vn -0.0000 -0.2584 -0.9660
vn -0.0000 0.9660 -0.2584
vn -0.0000 0.7071 -0.7071
vn -0.0000 0.2584 -0.9660
vn 0.9660 -0.0000 -0.2584
vn 0.7071 -0.0000 -0.7071
vn 0.2585 -0.0000 -0.9660
vn 0.2584 -0.9660 -0.0000
vn 0.7071 -0.7071 -0.0000
vn 0.9660 -0.2585 -0.0000
vn 0.2584 0.9660 -0.0000
vn 0.7071 0.7071 -0.0000
vn 0.9660 0.2585 -0.0000
vn 0.2585 -0.0000 0.9660
vn 0.7071 -0.0000 0.7071
vn 0.9660 -0.0000 0.2584
vn -0.0000 -0.9660 0.2584
vn -0.0000 -0.7071 0.7071
vn -0.0000 -0.2584 0.9660
vn -0.0000 0.9660 0.2584
vn -0.0000 0.7071 0.7071
vn -0.0000 0.2584 0.9660
vn -0.0000 -1.0000 -0.0000
vn -1.0000 -0.0000 -0.0000
vn -0.0000 -0.0000 1.0000
vn -0.0000 1.0000 -0.0000
vn -0.0000 -0.0000 -1.0000
vn 1.0000 -0.0000 -0.0000
vt 0.133750 0.747177
vt 0.133750 0.748587
vt 0.129566 0.748527
vt 0.129381 0.747177
vt 0.133750 0.750000
vt 0.129566 0.750000
vt 0.376250 0.991250
vt 0.376250 1.000000
vt 0.375000 0.995434
vt 0.375000 0.991250
vt 0.376250 0.000000
vt 0.376250 0.001413
vt 0.375000 0.001473
vt 0.375000 0.000000
vt 0.376250 0.002823
vt 0.375000 0.002823
vt 0.125000 0.747177
vt 0.125000 0.748527
vt 0.623750 0.991250
vt 0.624374 0.991250
vt 0.624348 1.000000
vt 0.623750 1.000000
vt 0.625000 0.991250
vt 0.625000 1.000000
vt 0.866250 0.747177
vt 0.875000 0.747177
vt 0.875000 0.748527
vt 0.866250 0.750000
vt 0.625000 0.002823
vt 0.624374 0.002823
vt 0.624348 0.001473
vt 0.625000 0.001473
vt 0.623750 0.002823
vt 0.623750 0.001413
vt 0.623750 0.000000
vt 0.624348 0.000000
vt 0.133750 0.502823
vt 0.129381 0.502823
vt 0.129566 0.501473
vt 0.133750 0.501413
vt 0.125000 0.502823
vt 0.125000 0.501473
vt 0.376250 0.247177
vt 0.376250 0.248587
vt 0.375000 0.248527
vt 0.375000 0.247177
vt 0.376250 0.254381
vt 0.375000 0.254566
vt 0.376250 0.258750
vt 0.375000 0.258750
vt 0.133750 0.500000
vt 0.129566 0.500000
vt 0.866250 0.502823
vt 0.866250 0.500000
vt 0.875000 0.501473
vt 0.875000 0.502823
vt 0.625000 0.258750
vt 0.624374 0.258750
vt 0.624348 0.253238
vt 0.625000 0.249018
vt 0.623750 0.258750
vt 0.623750 0.254381
vt 0.623750 0.248587
vt 0.624348 0.248527
vt 0.623750 0.247177
vt 0.624374 0.247177
vt 0.625000 0.247177
vt 0.366250 0.747177
vt 0.370619 0.747177
vt 0.370434 0.748527
vt 0.366250 0.748587
vt 0.375626 0.747177
vt 0.374913 0.748527
vt 0.376250 0.747177
vt 0.376250 0.748587
vt 0.376250 0.754381
vt 0.372717 0.752283
vt 0.376250 0.758750
vt 0.370625 0.754375
vt 0.633750 0.747177
vt 0.629375 0.754375
vt 0.627283 0.752283
vt 0.629381 0.747177
vt 0.624374 0.758750
vt 0.624348 0.754566
vt 0.623750 0.758750
vt 0.623750 0.754381
vt 0.623750 0.748587
vt 0.624348 0.749472
vt 0.623750 0.747177
vt 0.624374 0.747177
vt 0.366250 0.502823
vt 0.366250 0.501413
vt 0.370434 0.501473
vt 0.370619 0.502823
vt 0.370625 0.495625
vt 0.372717 0.497717
vt 0.376250 0.491250
vt 0.376250 0.495619
vt 0.376250 0.501413
vt 0.374913 0.501473
vt 0.376250 0.502823
vt 0.375626 0.502823
vt 0.633750 0.502823
vt 0.629381 0.502823
vt 0.627283 0.497717
vt 0.629375 0.495625
vt 0.624374 0.502823
vt 0.624348 0.500529
vt 0.623750 0.502823
vt 0.623750 0.501413
vt 0.623750 0.495619
vt 0.624348 0.495434
vt 0.623750 0.491250
vt 0.624374 0.491250
s 0
usemtl cyan_steps
f 193/231/197 196/232/197 198/233/197 197/234/197
f 196/232/198 200/235/198 201/236/198 198/233/198
f 194/237/199 199/238/199 201/239/199 200/240/199
f 199/241/200 203/242/200 204/243/200 201/244/200
f 195/245/201 202/246/201 204/243/201 203/242/201
f 202/247/202 197/234/202 198/233/202 204/248/202
f 198/233/203 201/236/203 204/248/203
f 205/249/204 208/250/204 210/251/204 209/252/204
f 208/250/205 212/253/205 213/254/205 210/251/205
f 206/255/206 211/256/206 213/257/206 212/258/206
f 211/259/207 215/260/207 216/261/207 213/262/207
f 207/263/208 214/264/208 216/261/208 215/260/208
f 214/264/209 209/265/209 210/266/209 216/261/209
f 210/266/210 213/262/210 216/261/210
f 217/267/211 220/268/211 222/269/211 221/270/211
f 220/268/212 224/271/212 225/272/212 222/269/212
f 218/273/213 223/274/213 225/275/213 224/276/213
f 223/274/214 227/277/214 228/278/214 225/275/214
f 219/279/215 226/280/215 228/278/215 227/277/215
f 226/281/216 221/270/216 222/269/216 228/282/216
f 222/269/217 225/272/217 228/282/217
f 229/283/218 232/284/218 234/285/218 233/286/218
f 232/287/219 236/288/219 237/289/219 234/290/219
f 230/291/220 235/292/220 237/289/220 236/288/220
f 235/292/221 239/293/221 240/294/221 237/289/221
f 231/295/222 238/296/222 240/294/222 239/293/222
f 238/296/223 233/297/223 234/290/223 240/294/223
f 234/290/224 237/289/224 240/294/224
f 241/298/225 244/299/225 246/300/225 245/301/225
f 244/299/226 248/302/226 249/303/226 246/300/226
f 242/304/227 247/305/227 249/303/227 248/302/227
f 247/305/228 251/306/228 252/307/228 249/303/228
f 243/308/229 250/309/229 252/307/229 251/306/229
f 250/309/230 245/301/230 246/300/230 252/307/230
f 246/300/231 249/303/231 252/307/231
f 253/310/232 256/311/232 258/312/232 257/313/232
f 256/311/233 260/314/233 261/315/233 258/312/233
f 254/316/234 259/317/234 261/315/234 260/314/234
f 259/317/235 263/318/235 264/319/235 261/315/235
f 255/320/236 262/321/236 264/319/236 263/318/236
f 262/321/237 257/313/237 258/312/237 264/319/237
f 258/312/238 261/315/238 264/319/238
f 265/322/239 268/323/239 270/324/239 269/325/239
f 268/323/240 272/326/240 273/327/240 270/324/240
f 266/328/241 271/329/241 273/327/241 272/326/241
f 271/329/242 275/330/242 276/331/242 273/327/242
f 267/332/243 274/333/243 276/331/243 275/330/243
f 274/333/244 269/325/244 270/324/244 276/331/244
f 270/324/245 273/327/245 276/331/245
f 277/334/246 280/335/246 282/336/246 281/337/246
f 280/335/247 284/338/247 285/339/247 282/336/247
f 278/340/248 283/341/248 285/339/248 284/338/248
f 283/341/249 287/342/249 288/343/249 285/339/249
f 279/344/250 286/345/250 288/343/250 287/342/250
f 286/345/251 281/337/251 282/336/251 288/343/251
f 282/336/252 285/339/252 288/343/252
f 217/267/253 193/231/253 197/234/253 220/268/253
f 220/268/254 197/234/254 202/247/254 224/271/254
f 224/276/255 202/246/255 195/245/255 218/273/255
f 194/237/256 205/249/256 209/252/256 199/238/256
f 199/241/257 209/265/257 214/264/257 203/242/257
f 203/242/258 214/264/258 207/263/258 195/245/258
f 206/255/259 229/283/259 233/286/259 211/256/259
f 211/259/260 233/297/260 238/296/260 215/260/260
f 215/260/261 238/296/261 231/295/261 207/263/261
f 230/291/262 219/279/262 227/277/262 235/292/262
f 235/292/263 227/277/263 223/274/263 239/293/263
f 239/293/264 223/274/264 218/273/264 231/295/264
f 265/322/265 217/267/265 221/270/265 268/323/265
f 268/323/266 221/270/266 226/281/266 272/326/266
f 272/326/267 226/280/267 219/279/267 266/328/267
f 229/283/268 277/334/268 281/337/268 232/284/268
f 232/287/269 281/337/269 286/345/269 236/288/269
f 236/288/270 286/345/270 279/344/270 230/291/270
f 278/340/271 267/332/271 275/330/271 283/341/271
f 283/341/272 275/330/272 271/329/272 287/342/272
f 287/342/273 271/329/273 266/328/273 279/344/273
f 241/298/274 265/322/274 269/325/274 244/299/274
f 244/299/275 269/325/275 274/333/275 248/302/275
f 248/302/276 274/333/276 267/332/276 242/304/276
f 277/334/277 253/310/277 257/313/277 280/335/277
f 280/335/278 257/313/278 262/321/278 284/338/278
f 284/338/279 262/321/279 255/320/279 278/340/279
f 254/316/280 243/308/280 251/306/280 259/317/280
f 259/317/281 251/306/281 247/305/281 263/318/281
f 263/318/282 247/305/282 242/304/282 255/320/282
f 193/231/283 241/298/283 245/301/283 196/232/283
f 196/232/284 245/301/284 250/309/284 200/235/284
f 200/240/285 250/309/285 243/308/285 194/237/285
f 253/310/286 206/255/286 212/258/286 256/311/286
f 256/311/287 212/253/287 208/250/287 260/314/287
f 260/314/288 208/250/288 205/249/288 254/316/288
f 217/267/289 265/322/289 241/298/289 193/231/289
f 195/245/290 207/263/290 231/295/290 218/273/290
f 243/308/291 254/316/291 205/249/291 194/237/291
f 277/334/292 229/283/292 206/255/292 253/310/292
f 219/279/293 230/291/293 279/344/293 266/328/293
f 267/332/294 278/340/294 255/320/294 242/304/294
o step_4
v 3.035000 0.000000 1.515000
v 3.035000 0.035000 1.550000
v 3.000000 0.035000 1.515000
v 3.035000 0.004676 1.532477
v 3.017523 0.004676 1.515000
v 3.018263 0.009218 1.531737
v 3.017523 0.035000 1.545324
v 3.035000 0.017523 1.545324
v 3.018263 0.018262 1.540782
v 3.004676 0.017523 1.515000
v 3.004676 0.035000 1.532477
v 3.009218 0.018262 1.531737
v 3.035000 7.465000 1.550000
v 3.035000 7.500000 1.515000
v 3.000000 7.465000 1.515000
v 3.035000 7.482477 1.545324
v 3.017523 7.465000 1.545324
v 3.018263 7.481738 1.540782
v 3.017523 7.495324 1.515000
v 3.035000 7.495324 1.532477
v 3.018263 7.490782 1.531737
v 3.004676 7.465000 1.532477
v 3.004676 7.482477 1.515000
v 3.009218 7.481738 1.531737
v 3.035000 0.000000 -1.515000
v 3.000000 0.035000 -1.515000
v 3.035000 0.035000 -1.550000
v 3.017523 0.004676 -1.515000
v 3.035000 0.004676 -1.532477
v 3.018263 0.009218 -1.531737
v 3.004676 0.035000 -1.532477
v 3.004676 0.017523 -1.515000
v 3.009218 0.018262 -1.531737
v 3.035000 0.017523 -1.545324
v 3.017523 0.035000 -1.545324
v 3.018263 0.018262 -1.540782
v 3.035000 7.500000 -1.515000
v 3.035000 7.465000 -1.550000
v 3.000000 7.465000 -1.515000
v 3.035000 7.495324 -1.532477
v 3.017523 7.495324 -1.515000
v 3.018263 7.490782 -1.531737
v 3.017523 7.465000 -1.545324
v 3.035000 7.482477 -1.545324
v 3.018263 7.481738 -1.540782
v 3.004676 7.482477 -1.515000
v 3.004676 7.465000 -1.532477
v 3.009218 7.481738 -1.531737
v 3.465000 0.000000 1.515000
v 3.500000 0.035000 1.515000
v 3.465000 0.035000 1.550000
v 3.482477 0.004676 1.515000
v 3.465000 0.004676 1.532477
v 3.481737 0.009218 1.531737
v 3.495324 0.035000 1.532477
v 3.495324 0.017523 1.515000
v 3.490782 0.018262 1.531737
v 3.465000 0.017523 1.545324
v 3.482477 0.035000 1.545324
v 3.481737 0.018262 1.540782
v 3.465000 7.500000 1.515000
v 3.465000 7.465000 1.550000
v 3.500000 7.465000 1.515000
v 3.465000 7.495324 1.532477
v 3.482477 7.495324 1.515000
v 3.481737 7.490782 1.531737
v 3.482477 7.465000 1.545324
v 3.465000 7.482477 1.545324
v 3.481737 7.481738 1.540782
v 3.495324 7.482477 1.515000
v 3.495324 7.465000 1.532477
v 3.490782 7.481738 1.531737
v 3.465000 0.000000 -1.515000
v 3.465000 0.035000 -1.550000
v 3.500000 0.035000 -1.515000
v 3.465000 0.004676 -1.532477
v 3.482477 0.004676 -1.515000
v 3.481737 0.009218 -1.531737
v 3.482477 0.035000 -1.545324
v 3.465000 0.017523 -1.545324
v 3.481737 0.018262 -1.540782
v 3.495324 0.017523 -1.515000
v 3.495324 0.035000 -1.532477
v 3.490782 0.018262 -1.531737
v 3.465000 7.500000 -1.515000
v 3.500000 7.465000 -1.515000
v 3.465000 7.465000 -1.550000
v 3.482477 7.495324 -1.515000
v 3.465000 7.495324 -1.532477
v 3.481737 7.490782 -1.531737
v 3.495324 7.465000 -1.532477
v 3.495324 7.482477 -1.515000
v 3.490782 7.481738 -1.531737
v 3.465000 7.482477 -1.545324
v 3.482477 7.465000 -1.545324
v 3.481737 7.481738 -1.540782
vn -0.2566 -0.9318 0.2566
vn -0.2178 -0.6901 0.6901
vn -0.2566 -0.2566 0.9318
vn -0.6901 -0.2178 0.6901
vn -0.9318 -0.2566 0.2566
vn -0.6901 -0.6901 0.2178
vn -0.5774 -0.5773 0.5774
vn -0.2566 0.2566 0.9318
vn -0.2178 0.6901 0.6901
vn -0.2566 0.9318 0.2566
vn -0.6901 0.6901 0.2178
vn -0.9318 0.2566 0.2566
vn -0.6901 0.2178 0.6901
vn -0.5774 0.5773 0.5774
vn -0.2566 -0.9318 -0.2566
vn -0.6901 -0.6901 -0.2178
vn -0.9318 -0.2566 -0.2566
vn -0.6901 -0.2178 -0.6901
vn -0.2566 -0.2566 -0.9318
vn -0.2178 -0.6901 -0.6901
vn -0.5774 -0.5773 -0.5774
vn -0.2566 0.9318 -0.2566
vn -0.2178 0.6901 -0.6901
vn -0.2566 0.2566 -0.9318
vn -0.6901 0.2178 -0.6901
vn -0.9318 0.2566 -0.2566
vn -0.6901 0.6901 -0.2178
vn -0.5774 0.5773 -0.5774
vn 0.2566 -0.9318 0.2566
vn 0.6901 -0.6901 0.2178
vn 0.9318 -0.2566 0.2566
vn 0.6901 -0.2178 0.6901
vn 0.2566 -0.2566 0.9318
vn 0.2178 -0.6901 0.6901
vn 0.5774 -0.5773 0.5774
vn 0.2566 0.9318 0.2566
vn 0.2178 0.6901 0.6901
vn 0.2566 0.2566 0.9318
vn 0.6901 0.2178 0.6901
vn 0.9318 0.2566 0.2566
vn 0.6901 0.6901 0.2178
vn 0.5774 0.5773 0.5774
vn 0.2566 -0.9318 -0.2566
vn 0.2178 -0.6901 -0.6901
vn 0.2566 -0.2566 -0.9318
vn 0.6901 -0.2178 -0.6901
vn 0.9318 -0.2566 -0.2566
vn 0.6901 -0.6901 -0.2178
vn 0.5774 -0.5773 -0.5774
vn 0.2566 0.9318 -0.2566
vn 0.6901 0.6901 -0.2178
vn 0.9318 0.2566 -0.2566
vn 0.6901 0.2178 -0.6901
vn 0.2566 0.2566 -0.9318
vn 0.2178 0.6901 -0.6901
vn 0.5774 0.5773 -0.5774
vn -0.2585 -0.9660 -0.0000
vn -0.7071 -0.7071 -0.0000
vn -0.9660 -0.2585 -0.0000
vn -0.2585 -0.0000 0.9660
vn -0.7071 -0.0000 0.7071
vn -0.9660 -0.0000 0.2585
vn -0.2585 0.9660 -0.0000
vn -0.7071 0.7071 -0.0000
vn -0.9660 0.2585 -0.0000
vn -0.2585 -0.0000 -0.9660
vn -0.7071 -0.0000 -0.7071
vn -0.9660 -0.0000 -0.2585
vn -0.0000 -0.9660 -0.2584
vn -0.0000 -0.7071 -0.7071
vn -0.0000 -0.2584 -0.9660
vn -0.0000 0.9660 -0.2584
vn -0.0000 0.7071 -0.7071
vn -0.0000 0.2584 -0.9660
vn 0.9660 -0.0000 -0.2585
vn 0.7071 -0.0000 -0.7071
vn 0.2585 -0.0000 -0.9660
vn 0.2585 -0.9660 -0.0000
vn 0.7071 -0.7071 -0.0000
vn 0.9660 -0.2585 -0.0000
vn 0.2585 0.9660 -0.0000
vn 0.7071 0.7071 -0.0000
vn 0.9660 0.2585 -0.0000
vn 0.2585 -0.0000 0.9660
vn 0.7071 -0.0000 0.7071
vn 0.9660 -0.0000 0.2585
vn -0.0000 -0.9660 0.2584
vn -0.0000 -0.7071 0.7071
vn -0.0000 -0.2584 0.9660
vn -0.0000 0.9660 0.2584
vn -0.0000 0.7071 0.7071
vn -0.0000 0.2584 0.9660
vn -0.0000 -1.0000 -0.0000
vn -1.0000 -0.0000 -0.0000
vn -0.0000 -0.0000 1.0000
vn -0.0000 1.0000 -0.0000
vn -0.0000 -0.0000 -1.0000
vn 1.0000 -0.0000 -0.0000
vt 0.142500 0.747177
vt 0.142500 0.748587
vt 0.134131 0.748527
vt 0.133761 0.747177
vt 0.142500 0.750000
vt 0.134131 0.750000
vt 0.376167 0.982500
vt 0.376167 1.000000
vt 0.375000 0.990869
vt 0.375000 0.982500
vt 0.376167 0.000000
vt 0.376167 0.001413
vt 0.375000 0.001473
vt 0.375000 0.000000
vt 0.376167 0.002823
vt 0.375000 0.002823
vt 0.125000 0.747177
vt 0.125000 0.748527
vt 0.623833 0.982500
vt 0.624416 0.982500
vt 0.624391 1.000000
vt 0.623833 1.000000
vt 0.625000 0.982500
vt 0.625000 1.000000
vt 0.857500 0.747177
vt 0.875000 0.747177
vt 0.875000 0.748527
vt 0.857500 0.750000
vt 0.625000 0.002823
vt 0.624416 0.002823
vt 0.624391 0.001473
vt 0.625000 0.001473
vt 0.623833 0.002823
vt 0.623833 0.001413
vt 0.623833 0.000000
vt 0.624391 0.000000
vt 0.142500 0.502823
vt 0.133761 0.502823
vt 0.134131 0.501473
vt 0.142500 0.501413
vt 0.125000 0.502823
vt 0.125000 0.501473
vt 0.376167 0.247177
vt 0.376167 0.248587
vt 0.375000 0.248527
vt 0.375000 0.247177
vt 0.376167 0.258761
vt 0.375000 0.259131
vt 0.376167 0.267500
vt 0.375000 0.267500
vt 0.142500 0.500000
vt 0.134131 0.500000
vt 0.857500 0.502823
vt 0.857500 0.500000
vt 0.875000 0.501473
vt 0.875000 0.502823
vt 0.625000 0.267500
vt 0.624416 0.267500
vt 0.624391 0.256663
vt 0.625000 0.249018
vt 0.623833 0.267500
vt 0.623833 0.258761
vt 0.623833 0.248587
vt 0.624391 0.248527
vt 0.623833 0.247177
vt 0.624416 0.247177
vt 0.625000 0.247177
vt 0.357500 0.747177
vt 0.366239 0.747177
vt 0.365869 0.748527
vt 0.357500 0.748587
vt 0.375584 0.747177
vt 0.374304 0.748527
vt 0.376167 0.747177
vt 0.376167 0.748587
vt 0.376167 0.758762
vt 0.370434 0.754566
vt 0.376167 0.767500
vt 0.366250 0.758750
vt 0.642500 0.747177
vt 0.633750 0.758750
vt 0.629566 0.754566
vt 0.633761 0.747177
vt 0.624416 0.767500
vt 0.624391 0.759131
vt 0.623833 0.767500
vt 0.623833 0.758762
vt 0.623833 0.748587
vt 0.624391 0.750048
vt 0.623833 0.747177
vt 0.624416 0.747177
vt 0.357500 0.502823
vt 0.357500 0.501413
vt 0.365869 0.501473
vt 0.366239 0.502823
vt 0.366250 0.491250
vt 0.370434 0.495434
vt 0.376167 0.482500
vt 0.376167 0.491239
vt 0.376167 0.501413
vt 0.374304 0.501473
vt 0.376167 0.502823
vt 0.375584 0.502823
vt 0.642500 0.502823
vt 0.633761 0.502823
vt 0.629566 0.495434
vt 0.633750 0.491250
vt 0.624416 0.502823
vt 0.624391 0.499952
vt 0.623833 0.502823
vt 0.623833 0.501413
vt 0.623833 0.491239
vt 0.624391 0.490869
vt 0.623833 0.482500
vt 0.624416 0.482500
s 0
usemtl violet_steps
f 289/346/295 292/347/295 294/348/295 293/349/295
f 292/347/296 296/350/296 297/351/296 294/348/296
f 290/352/297 295/353/297 297/354/297 296/355/297
f 295/356/298 299/357/298 300/358/298 297/359/298
f 291/360/299 298/361/299 300/358/299 299/357/299
f 298/362/300 293/349/300 294/348/300 300/363/300
f 294/348/301 297/351/301 300/363/301
f 301/364/302 304/365/302 306/366/302 305/367/302
f 304/365/303 308/368/303 309/369/303 306/366/303
f 302/370/304 307/371/304 309/372/304 308/373/304
f 307/374/305 311/375/305 312/376/305 309/377/305
f 303/378/306 310/379/306 312/376/306 311/375/306
f 310/379/307 305/380/307 306/381/307 312/376/307
f 306/381/308 309/377/308 312/376/308
f 313/382/309 316/383/309 318/384/309 317/385/309
f 316/383/310 320/386/310 321/387/310 318/384/310
f 314/388/311 319/389/311 321/390/311 320/391/311
f 319/389/312 323/392/312 324/393/312 321/390/312
f 315/394/313 322/395/313 324/393/313 323/392/313
f 322/396/314 317/385/314 318/384/314 324/397/314
f 318/384/315 321/387/315 324/397/315
f 325/398/316 328/399/316 330/400/316 329/401/316
f 328/402/317 332/403/317 333/404/317 330/405/317
f 326/406/318 331/407/318 333/404/318 332/403/318
f 331/407/319 335/408/319 336/409/319 333/404/319
f 327/410/320 334/411/320 336/409/320 335/408/320
f 334/411/321 329/412/321 330/405/321 336/409/321
f 330/405/322 333/404/322 336/409/322
f 337/413/323 340/414/323 342/415/323 341/416/323
f 340/414/324 344/417/324 345/418/324 342/415/324
f 338/419/325 343/420/325 345/418/325 344/417/325
f 343/420/326 347/421/326 348/422/326 345/418/326
f 339/423/327 346/424/327 348/422/327 347/421/327
f 346/424/328 341/416/328 342/415/328 348/422/328
f 342/415/329 345/418/329 348/422/329
f 349/425/330 352/426/330 354/427/330 353/428/330
f 352/426/331 356/429/331 357/430/331 354/427/331
f 350/431/332 355/432/332 357/430/332 356/429/332
f 355/432/333 359/433/333 360/434/333 357/430/333
f 351/435/334 358/436/334 360/434/334 359/433/334
f 358/436/335 353/428/335 354/427/335 360/434/335
f 354/427/336 357/430/336 360/434/336
f 361/437/337 364/438/337 366/439/337 365/440/337
f 364/438/338 368/441/338 369/442/338 366/439/338
f 362/443/339 367/444/339 369/442/339 368/441/339
f 367/444/340 371/445/340 372/446/340 369/442/340
f 363/447/341 370/448/341 372/446/341 371/445/341
f 370/448/342 365/440/342 366/439/342 372/446/342
f 366/439/343 369/442/343 372/446/343
f 373/449/344 376/450/344 378/451/344 377/452/344
f 376/450/345 380/453/345 381/454/345 378/451/345
f 374/455/346 379/456/346 381/454/346 380/453/346
f 379/456/347 383/457/347 384/458/347 381/454/347
f 375/459/348 382/460/348 384/458/348 383/457/348
f 382/460/349 377/452/349 378/451/349 384/458/349
f 378/451/350 381/454/350 384/458/350
f 313/382/351 289/346/351 293/349/351 316/383/351
f 316/383/352 293/349/352 298/362/352 320/386/352
f 320/391/353 298/361/353 291/360/353 314/388/353
f 290/352/354 301/364/354 305/367/354 295/353/354
f 295/356/355 305/380/355 310/379/355 299/357/355
f 299/357/356 310/379/356 303/378/356 291/360/356
f 302/370/357 325/398/357 329/401/357 307/371/357
f 307/374/358 329/412/358 334/411/358 311/375/358
f 311/375/359 334/411/359 327/410/359 303/378/359
f 326/406/360 315/394/360 323/392/360 331/407/360
f 331/407/361 323/392/361 319/389/361 335/408/361
f 335/408/362 319/389/362 314/388/362 327/410/362
f 361/437/363 313/382/363 317/385/363 364/438/363
f 364/438/364 317/385/364 322/396/364 368/441/364
f 368/441/365 322/395/365 315/394/365 362/443/365
f 325/398/366 373/449/366 377/452/366 328/399/366
f 328/402/367 377/452/367 382/460/367 332/403/367
f 332/403/368 382/460/368 375/459/368 326/406/368
f 374/455/369 363/447/369 371/445/369 379/456/369
f 379/456/370 371/445/370 367/444/370 383/457/370
f 383/457/371 367/444/371 362/443/371 375/459/371
f 337/413/372 361/437/372 365/440/372 340/414/372
f 340/414/373 365/440/373 370/448/373 344/417/373
f 344/417/374 370/448/374 363/447/374 338/419/374
f 373/449/375 349/425/375 353/428/375 376/450/375
f 376/450/376 353/428/376 358/436/376 380/453/376
f 380/453/377 358/436/377 351/435/377 374/455/377
f 350/431/378 339/423/378 347/421/378 355/432/378
f 355/432/379 347/421/379 343/420/379 359/433/379
f 359/433/380 343/420/380 338/419/380 351/435/380
f 289/346/381 337/413/381 341/416/381 292/347/381
f 292/347/382 341/416/382 346/424/382 296/350/382
f 296/355/383 346/424/383 339/423/383 290/352/383
f 349/425/384 302/370/384 308/373/384 352/426/384
f 352/426/385 308/368/385 304/365/385 356/429/385
f 356/429/386 304/365/386 301/364/386 350/431/386
f 313/382/387 361/437/387 337/413/387 289/346/387
f 291/360/388 303/378/388 327/410/388 314/388/388
f 339/423/389 350/431/389 301/364/389 290/352/389
f 373/449/390 325/398/390 302/370/390 349/425/390
f 315/394/391 326/406/391 375/459/391 362/443/391
f 363/447/392 374/455/392 351/435/392 338/419/392
o step_5
v 3.535000 0.000000 1.515000
v 3.535000 0.035000 1.550000
v 3.500000 0.035000 1.515000
v 3.535000 0.004676 1.532477
v 3.517523 0.004676 1.515000
v 3.518263 0.009218 1.531737
v 3.517523 0.035000 1.545324
v 3.535000 0.017523 1.545324
v 3.518263 0.018262 1.540782
v 3.504676 0.017523 1.515000
v 3.504676 0.035000 1.532477
v 3.509218 0.018262 1.531737
v 3.535000 7.715000 1.550000
v 3.535000 7.750000 1.515000
v 3.500000 7.715000 1.515000
v 3.535000 7.732477 1.545324
v 3.517523 7.715000 1.545324
v 3.518263 7.731738 1.540782
v 3.517523 7.745324 1.515000
v 3.535000 7.745324 1.532477
v 3.518263 7.740782 1.531737
v 3.504676 7.715000 1.532477
v 3.504676 7.732477 1.515000
v 3.509218 7.731738 1.531737
v 3.535000 0.000000 -1.515000
v 3.500000 0.035000 -1.515000
v 3.535000 0.035000 -1.550000
v 3.517523 0.004676 -1.515000
v 3.535000 0.004676 -1.532477
v 3.518263 0.009218 -1.531737
v 3.504676 0.035000 -1.532477
v 3.504676 0.017523 -1.515000
v 3.509218 0.018262 -1.531737
v 3.535000 0.017523 -1.545324
v 3.517523 0.035000 -1.545324
v 3.518263 0.018262 -1.540782
v 3.535000 7.750000 -1.515000
v 3.535000 7.715000 -1.550000
v 3.500000 7.715000 -1.515000
v 3.535000 7.745324 -1.532477
v 3.517523 7.745324 -1.515000
v 3.518263 7.740782 -1.531737
v 3.517523 7.715000 -1.545324
v 3.535000 7.732477 -1.545324
v 3.518263 7.731738 -1.540782
v 3.504676 7.732477 -1.515000
v 3.504676 7.715000 -1.532477
v 3.509218 7.731738 -1.531737
v 3.715000 0.000000 1.515000
v 3.750000 0.035000 1.515000
v 3.715000 0.035000 1.550000
v 3.732477 0.004676 1.515000
v 3.715000 0.004676 1.532477
v 3.731737 0.009218 1.531737
v 3.745324 0.035000 1.532477
v 3.745324 0.017523 1.515000
v 3.740782 0.018262 1.531737
v 3.715000 0.017523 1.545324
v 3.732477 0.035000 1.545324
v 3.731737 0.018262 1.540782
v 3.715000 7.750000 1.515000
v 3.715000 7.715000 1.550000
v 3.750000 7.715000 1.515000
v 3.715000 7.745324 1.532477
v 3.732477 7.745324 1.515000
v 3.731737 7.740782 1.531737
v 3.732477 7.715000 1.545324
v 3.715000 7.732477 1.545324
v 3.731737 7.731738 1.540782
v 3.745324 7.732477 1.515000
v 3.745324 7.715000 1.532477
v 3.740782 7.731738 1.531737
v 3.715000 0.000000 -1.515000
v 3.715000 0.035000 -1.550000
v 3.750000 0.035000 -1.515000
v 3.715000 0.004676 -1.532477
v 3.732477 0.004676 -1.515000
v 3.731737 0.009218 -1.531737
v 3.732477 0.035000 -1.545324
v 3.715000 0.017523 -1.545324
v 3.731737 0.018262 -1.540782
v 3.745324 0.017523 -1.515000
v 3.745324 0.035000 -1.532477
v 3.740782 0.018262 -1.531737
v 3.715000 7.750000 -1.515000
v 3.750000 7.715000 -1.515000
v 3.715000 7.715000 -1.550000
v 3.732477 7.745324 -1.515000
v 3.715000 7.745324 -1.532477
v 3.731737 7.740782 -1.531737
v 3.745324 7.715000 -1.532477
v 3.745324 7.732477 -1.515000
v 3.740782 7.731738 -1.531737
v 3.715000 7.732477 -1.545324
v 3.732477 7.715000 -1.545324
v 3.731737 7.731738 -1.540782
vn -0.2566 -0.9318 0.2566
vn -0.2178 -0.6901 0.6901
vn -0.2566 -0.2566 0.9318
vn -0.6901 -0.2178 0.6901
vn -0.9318 -0.2566 0.2566
vn -0.6901 -0.6901 0.2178
vn -0.5774 -0.5773 0.5774
vn -0.2566 0.2566 0.9318
vn -0.2178 0.6901 0.6901
vn -0.2566 0.9318 0.2566
vn -0.6901 0.6901 0.2178
vn -0.9318 0.2566 0.2566
vn -0.6901 0.2178 0.6901
vn -0.5774 0.5773 0.5774
vn -0.2566 -0.9318 -0.2566
vn -0.6901 -0.6901 -0.2178
vn -0.9318 -0.2566 -0.2566
vn -0.6901 -0.2178 -0.6901
vn -0.2566 -0.2566 -0.9318
vn -0.2178 -0.6901 -0.6901
vn -0.5774 -0.5773 -0.5774
vn -0.2566 0.9318 -0.2566
vn -0.2178 0.6901 -0.6901
vn -0.2566 0.2566 -0.9318
vn -0.6901 0.2178 -0.6901
vn -0.9318 0.2566 -0.2566
vn -0.6901 0.6901 -0.2178
vn -0.5774 0.5773 -0.5774
vn 0.2566 -0.9318 0.2566
vn 0.6901 -0.6901 0.2178
vn 0.9318 -0.2566 0.2566
vn 0.6901 -0.2178 0.6901
vn 0.2566 -0.2566 0.9318
vn 0.2178 -0.6901 0.6901
vn 0.5774 -0.5773 0.5774
vn 0.2566 0.9318 0.2566
vn 0.2178 0.6901 0.6901
vn 0.2566 0.2566 0.9318
vn 0.6901 0.2178 0.6901
vn 0.9318 0.2566 0.2566
vn 0.6901 0.6901 0.2178
vn 0.5774 0.5773 0.5774
vn 0.2566 -0.9318 -0.2566
vn 0.2178 -0.6901 -0.6901
vn 0.2566 -0.2566 -0.9318
vn 0.6901 -0.2178 -0.6901
vn 0.9318 -0.2566 -0.2566
vn 0.6901 -0.6901 -0.2178
vn 0.5774 -0.5773 -0.5774
vn 0.2566 0.9318 -0.2566
vn 0.6901 0.6901 -0.2178
vn 0.9318 0.2566 -0.2566
vn 0.6901 0.2178 -0.6901
vn 0.2566 0.2566 -0.9318
vn 0.2178 0.6901 -0.6901
vn 0.5774 0.5773 -0.5774
vn -0.2584 -0.9660 -0.0000
vn -0.7071 -0.7071 -0.0000
vn -0.9660 -0.2584 -0.0000
vn -0.2585 -0.0000 0.9660
vn -0.7071 -0.0000 0.7071
vn -0.9660 -0.0000 0.2585
vn -0.2584 0.9660 -0.0000
vn -0.7071 0.7071 -0.0000
vn -0.9660 0.2584 -0.0000
vn -0.2585 -0.0000 -0.9660
vn -0.7071 -0.0000 -0.7071
vn -0.9660 -0.0000 -0.2585
vn -0.0000 -0.9660 -0.2584
vn -0.0000 -0.7071 -0.7071
vn -0.0000 -0.2585 -0.9660
vn -0.0000 0.9660 -0.2584
vn -0.0000 0.7071 -0.7071
vn -0.0000 0.2585 -0.9660
vn 0.9660 -0.0000 -0.2585
vn 0.7071 -0.0000 -0.7071
vn 0.2585 -0.0000 -0.9660
vn 0.2584 -0.9660 -0.0000
vn 0.7071 -0.7071 -0.0000
vn 0.9660 -0.2584 -0.0000
vn 0.2584 0.9660 -0.0000
vn 0.7071 0.7071 -0.0000
vn 0.9660 0.2584 -0.0000
vn 0.2585 -0.0000 0.9660
vn 0.7071 -0.0000 0.7071
vn 0.9660 -0.0000 0.2585
vn -0.0000 -0.9660 0.2584
vn -0.0000 -0.7071 0.7071
vn -0.0000 -0.2585 0.9660
vn -0.0000 0.9660 0.2584
vn -0.0000 0.7071 0.7071
vn -0.0000 0.2585 0.9660
vn -0.0000 -1.0000 -0.0000
vn -1.0000 -0.0000 -0.0000
vn -0.0000 -0.0000 1.0000
vn -0.0000 1.0000 -0.0000
vn -0.0000 -0.0000 -1.0000
vn 1.0000 -0.0000 -0.0000
vt 0.160000 0.747177
vt 0.160000 0.748587
vt 0.143263 0.748527
vt 0.142523 0.747177
vt 0.160000 0.750000
vt 0.143263 0.750000
vt 0.376129 0.965000
vt 0.376129 1.000000
vt 0.375000 0.981737
vt 0.375000 0.965000
vt 0.376129 0.000000
vt 0.376129 0.001413
vt 0.375000 0.001473
vt 0.375000 0.000000
vt 0.376129 0.002823
vt 0.375000 0.002823
vt 0.125000 0.747177
vt 0.125000 0.748527
vt 0.623871 0.965000
vt 0.624435 0.965000
vt 0.624411 1.000000
vt 0.623871 1.000000
vt 0.625000 0.965000
vt 0.625000 1.000000
vt 0.840000 0.747177
vt 0.875000 0.747177
vt 0.875000 0.748527
vt 0.840000 0.750000
vt 0.625000 0.002823
vt 0.624435 0.002823
vt 0.624411 0.001473
vt 0.625000 0.001473
vt 0.623871 0.002823
vt 0.623871 0.001413
vt 0.623871 0.000000
vt 0.624411 0.000000
vt 0.160000 0.502823
vt 0.142523 0.502823
vt 0.143263 0.501473
vt 0.160000 0.501413
vt 0.125000 0.502823
vt 0.125000 0.501473
vt 0.376129 0.247177
vt 0.376129 0.248587
vt 0.375000 0.248527
vt 0.375000 0.247177
vt 0.376129 0.267523
vt 0.375000 0.268263
vt 0.376129 0.285000
vt 0.375000 0.285000
vt 0.160000 0.500000
vt 0.143263 0.500000
vt 0.840000 0.502823
vt 0.840000 0.500000
vt 0.875000 0.501473
vt 0.875000 0.502823
vt 0.625000 0.285000
vt 0.624435 0.285000
vt 0.624411 0.263511
vt 0.625000 0.249018
vt 0.623871 0.285000
vt 0.623871 0.267523
vt 0.623871 0.248587
vt 0.624411 0.248527
vt 0.623871 0.247177
vt 0.624435 0.247177
vt 0.625000 0.247177
vt 0.340000 0.747177
vt 0.357477 0.747177
vt 0.356737 0.748527
vt 0.340000 0.748587
vt 0.375565 0.747177
vt 0.373137 0.748527
vt 0.376129 0.747177
vt 0.376129 0.748587
vt 0.376129 0.767523
vt 0.365869 0.759131
vt 0.376129 0.785000
vt 0.357500 0.767500
vt 0.660000 0.747177
vt 0.642500 0.767500
vt 0.634131 0.759131
vt 0.642523 0.747177
vt 0.624435 0.785000
vt 0.624411 0.768263
vt 0.623871 0.785000
vt 0.623871 0.767523
vt 0.623871 0.748587
vt 0.624411 0.751200
vt 0.623871 0.747177
vt 0.624435 0.747177
vt 0.340000 0.502823
vt 0.340000 0.501413
vt 0.356737 0.501473
vt 0.357477 0.502823
vt 0.357500 0.482500
vt 0.365869 0.490869
vt 0.376129 0.465000
vt 0.376129 0.482477
vt 0.376129 0.501413
vt 0.373137 0.501473
vt 0.376129 0.502823
vt 0.375565 0.502823
vt 0.660000 0.502823
vt 0.642523 0.502823
vt 0.634131 0.490869
vt 0.642500 0.482500
vt 0.624435 0.502823
vt 0.624411 0.498800
vt 0.623871 0.502823
vt 0.623871 0.501413
vt 0.623871 0.482477
vt 0.624411 0.481737
vt 0.623871 0.465000
vt 0.624435 0.465000
s 0
usemtl cyan_steps
f 385/461/393 388/462/393 390/463/393 389/464/393
f 388/462/394 392/465/394 393/466/394 390/463/394
f 386/467/395 391/468/395 393/469/395 392/470/395
f 391/471/396 395/472/396 396/473/396 393/474/396
f 387/475/397 394/476/397 396/473/397 395/472/397
f 394/477/398 389/464/398 390/463/398 396/478/398
f 390/463/399 393/466/399 396/478/399
f 397/479/400 400/480/400 402/481/400 401/482/400
f 400/480/401 404/483/401 405/484/401 402/481/401
f 398/485/402 403/486/402 405/487/402 404/488/402
f 403/489/403 407/490/403 408/491/403 405/492/403
f 399/493/404 406/494/404 408/491/404 407/490/404
f 406/494/405 401/495/405 402/496/405 408/491/405
f 402/496/406 405/492/406 408/491/406
f 409/497/407 412/498/407 414/499/407 413/500/407
f 412/498/408 416/501/408 417/502/408 414/499/408
f 410/503/409 415/504/409 417/505/409 416/506/409
f 415/504/410 419/507/410 420/508/410 417/505/410
f 411/509/411 418/510/411 420/508/411 419/507/411
f 418/511/412 413/500/412 414/499/412 420/512/412
f 414/499/413 417/502/413 420/512/413
f 421/513/414 424/514/414 426/515/414 425/516/414
f 424/517/415 428/518/415 429/519/415 426/520/415
f 422/521/416 427/522/416 429/519/416 428/518/416
f 427/522/417 431/523/417 432/524/417 429/519/417
f 423/525/418 430/526/418 432/524/418 431/523/418
f 430/526/419 425/527/419 426/520/419 432/524/419
f 426/520/420 429/519/420 432/524/420
f 433/528/421 436/529/421 438/530/421 437/531/421
f 436/529/422 440/532/422 441/533/422 438/530/422
f 434/534/423 439/535/423 441/533/423 440/532/423
f 439/535/424 443/536/424 444/537/424 441/533/424
f 435/538/425 442/539/425 444/537/425 443/536/425
f 442/539/426 437/531/426 438/530/426 444/537/426
f 438/530/427 441/533/427 444/537/427
f 445/540/428 448/541/428 450/542/428 449/543/428
f 448/541/429 452/544/429 453/545/429 450/542/429
f 446/546/430 451/547/430 453/545/430 452/544/430
f 451/547/431 455/548/431 456/549/431 453/545/431
f 447/550/432 454/551/432 456/549/432 455/548/432
f 454/551/433 449/543/433 450/542/433 456/549/433
f 450/542/434 453/545/434 456/549/434
f 457/552/435 460/553/435 462/554/435 461/555/435
f 460/553/436 464/556/436 465/557/436 462/554/436
f 458/558/437 463/559/437 465/557/437 464/556/437
f 463/559/438 467/560/438 468/561/438 465/557/438
f 459/562/439 466/563/439 468/561/439 467/560/439
f 466/563/440 461/555/440 462/554/440 468/561/440
f 462/554/441 465/557/441 468/561/441
f 469/564/442 472/565/442 474/566/442 473/567/442
f 472/565/443 476/568/443 477/569/443 474/566/443
f 470/570/444 475/571/444 477/569/444 476/568/444
f 475/571/445 479/572/445 480/573/445 477/569/445
f 471/574/446 478/575/446 480/573/446 479/572/446
f 478/575/447 473/567/447 474/566/447 480/573/447
f 474/566/448 477/569/448 480/573/448
f 409/497/449 385/461/449 389/464/449 412/498/449
f 412/498/450 389/464/450 394/477/450 416/501/450
f 416/506/451 394/476/451 387/475/451 410/503/451
f 386/467/452 397/479/452 401/482/452 391/468/452
f 391/471/453 401/495/453 406/494/453 395/472/453
f 395/472/454 406/494/454 399/493/454 387/475/454
f 398/485/455 421/513/455 425/516/455 403/486/455
f 403/489/456 425/527/456 430/526/456 407/490/456
f 407/490/457 430/526/457 423/525/457 399/493/457
f 422/521/458 411/509/458 419/507/458 427/522/458
f 427/522/459 419/507/459 415/504/459 431/523/459
f 431/523/460 415/504/460 410/503/460 423/525/460
f 457/552/461 409/497/461 413/500/461 460/553/461
f 460/553/462 413/500/462 418/511/462 464/556/462
f 464/556/463 418/510/463 411/509/463 458/558/463
f 421/513/464 469/564/464 473/567/464 424/514/464
f 424/517/465 473/567/465 478/575/465 428/518/465
f 428/518/466 478/575/466 471/574/466 422/521/466
f 470/570/467 459/562/467 467/560/467 475/571/467
f 475/571/468 467/560/468 463/559/468 479/572/468
f 479/572/469 463/559/469 458/558/469 471/574/469
f 433/528/470 457/552/470 461/555/470 436/529/470
f 436/529/471 461/555/471 466/563/471 440/532/471
f 440/532/472 466/563/472 459/562/472 434/534/472
f 469/564/473 445/540/473 449/543/473 472/565/473
f 472/565/474 449/543/474 454/551/474 476/568/474
f 476/568/475 454/551/475 447/550/475 470/570/475
f 446/546/476 435/538/476 443/536/476 451/547/476
f 451/547/477 443/536/477 439/535/477 455/548/477
f 455/548/478 439/535/478 434/534/478 447/550/478
f 385/461/479 433/528/479 437/531/479 388/462/479
f 388/462/480 437/531/480 442/539/480 392/465/480
f 392/470/481 442/539/481 435/538/481 386/467/481
f 445/540/482 398/485/482 404/488/482 448/541/482
f 448/541/483 404/483/483 400/480/483 452/544/483
f 452/544/484 400/480/484 397/479/484 446/546/484
f 409/497/485 457/552/485 433/528/485 385/461/485
f 387/475/486 399/493/486 423/525/486 410/503/486
f 435/538/487 446/546/487 397/479/487 386/467/487
f 469/564/488 421/513/488 398/485/488 445/540/488
f 411/509/489 422/521/489 471/574/489 458/558/489
f 459/562/490 470/570/490 447/550/490 434/534/490
o step_6
v 3.785000 0.000000 1.515000
v 3.785000 0.035000 1.550000
v 3.750000 0.035000 1.515000
v 3.785000 0.004676 1.532477
v 3.767523 0.004676 1.515000
v 3.768263 0.009218 1.531737
v 3.767523 0.035000 1.545324
v 3.785000 0.017523 1.545324
v 3.768263 0.018262 1.540782
v 3.754676 0.017523 1.515000
v 3.754676 0.035000 1.532477
v 3.759218 0.018262 1.531737
v 3.785000 7.840000 1.550000
v 3.785000 7.875000 1.515000
v 3.750000 7.840000 1.515000
v 3.785000 7.857477 1.545324
v 3.767523 7.840000 1.545324
v 3.768263 7.856738 1.540782
v 3.767523 7.870324 1.515000
v 3.785000 7.870324 1.532477
v 3.768263 7.865782 1.531737
v 3.754676 7.840000 1.532477
v 3.754676 7.857477 1.515000
v 3.759218 7.856738 1.531737
v 3.785000 0.000000 -1.515000
v 3.750000 0.035000 -1.515000
v 3.785000 0.035000 -1.550000
v 3.767523 0.004676 -1.515000
v 3.785000 0.004676 -1.532477
v 3.768263 0.009218 -1.531737
v 3.754676 0.035000 -1.532477
v 3.754676 0.017523 -1.515000
v 3.759218 0.018262 -1.531737
v 3.785000 0.017523 -1.545324
v 3.767523 0.035000 -1.545324
v 3.768263 0.018262 -1.540782
v 3.785000 7.875000 -1.515000
v 3.785000 7.840000 -1.550000
v 3.750000 7.840000 -1.515000
v 3.785000 7.870324 -1.532477
v 3.767523 7.870324 -1.515000
v 3.768263 7.865782 -1.531737
v 3.767523 7.840000 -1.545324
v 3.785000 7.857477 -1.545324
v 3.768263 7.856738 -1.540782
v 3.754676 7.857477 -1.515000
v 3.754676 7.840000 -1.532477
v 3.759218 7.856738 -1.531737
v 3.840000 0.000000 1.515000
v 3.875000 0.035000 1.515000
v 3.840000 0.035000 1.550000
v 3.857477 0.004676 1.515000
v 3.840000 0.004676 1.532477
v 3.856737 0.009218 1.531737
v 3.870324 0.035000 1.532477
v 3.870324 0.017523 1.515000
v 3.865782 0.018262 1.531737
v 3.840000 0.017523 1.545324
v 3.857477 0.035000 1.545324
v 3.856737 0.018262 1.540782
v 3.840000 7.875000 1.515000
v 3.840000 7.840000 1.550000
v 3.875000 7.840000 1.515000
v 3.840000 7.870324 1.532477
v 3.857477 7.870324 1.515000
v 3.856737 7.865782 1.531737
v 3.857477 7.840000 1.545324
v 3.840000 7.857477 1.545324
v 3.856737 7.856738 1.540782
v 3.870324 7.857477 1.515000
v 3.870324 7.840000 1.532477
v 3.865782 7.856738 1.531737
v 3.840000 0.000000 -1.515000
v 3.840000 0.035000 -1.550000
v 3.875000 0.035000 -1.515000
v 3.840000 0.004676 -1.532477
v 3.857477 0.004676 -1.515000
v 3.856737 0.009218 -1.531737
v 3.857477 0.035000 -1.545324
v 3.840000 0.017523 -1.545324
v 3.856737 0.018262 -1.540782
v 3.870324 0.017523 -1.515000
v 3.870324 0.035000 -1.532477
v 3.865782 0.018262 -1.531737
v 3.840000 7.875000 -1.515000
v 3.875000 7.840000 -1.515000
v 3.840000 7.840000 -1.550000
v 3.857477 7.870324 -1.515000
v 3.840000 7.870324 -1.532477
v 3.856737 7.865782 -1.531737
v 3.870324 7.840000 -1.532477
v 3.870324 7.857477 -1.515000
v 3.865782 7.856738 -1.531737
v 3.840000 7.857477 -1.545324
v 3.857477 7.840000 -1.545324
v 3.856737 7.856738 -1.540782
vn -0.2566 -0.9318 0.2566
vn -0.2178 -0.6901 0.6901
vn -0.2566 -0.2566 0.9318
vn -0.6901 -0.2178 0.6901
vn -0.9318 -0.2566 0.2566
vn -0.6901 -0.6901 0.2178
vn -0.5774 -0.5773 0.5774
vn -0.2566 0.2566 0.9318
vn -0.2178 0.6901 0.6901
vn -0.2566 0.9318 0.2566
vn -0.6901 0.6901 0.2178
vn -0.9318 0.2566 0.2566
vn -0.6901 0.2178 0.6901
vn -0.5774 0.5773 0.5774
vn -0.2566 -0.9318 -0.2566
vn -0.6901 -0.6901 -0.2178
vn -0.9318 -0.2566 -0.2566
vn -0.6901 -0.2178 -0.6901
vn -0.2566 -0.2566 -0.9318
vn -0.2178 -0.6901 -0.6901
vn -0.5774 -0.5773 -0.5774
vn -0.2566 0.9318 -0.2566
vn -0.2178 0.6901 -0.6901
vn -0.2566 0.2566 -0.9318
vn -0.6901 0.2178 -0.6901
vn -0.9318 0.2566 -0.2566
vn -0.6901 0.6901 -0.2178
vn -0.5774 0.5773 -0.5774
vn 0.2566 -0.9318 0.2566
vn 0.6901 -0.6901 0.2178
vn 0.9318 -0.2566 0.2566
vn 0.6901 -0.2178 0.6901
vn 0.2566 -0.2566 0.9318
vn 0.2178 -0.6901 0.6901
vn 0.5774 -0.5773 0.5774
vn 0.2566 0.9318 0.2566
vn 0.2178 0.6901 0.6901
vn 0.2566 0.2566 0.9318
vn 0.6901 0.2178 0.6901
vn 0.9318 0.2566 0.2566
vn 0.6901 0.6901 0.2178
vn 0.5774 0.5773 0.5774
vn 0.2566 -0.9318 -0.2566
vn 0.2178 -0.6901 -0.6901
vn 0.2566 -0.2566 -0.9318
vn 0.6901 -0.2178 -0.6901
vn 0.9318 -0.2566 -0.2566
vn 0.6901 -0.6901 -0.2178
vn 0.5774 -0.5773 -0.5774
vn 0.2566 0.9318 -0.2566
vn 0.6901 0.6901 -0.2178
vn 0.9318 0.2566 -0.2566
vn 0.6901 0.2178 -0.6901
vn 0.2566 0.2566 -0.9318
vn 0.2178 0.6901 -0.6901
vn 0.5774 0.5773 -0.5774
vn -0.2584 -0.9660 -0.0000
vn -0.7071 -0.7071 -0.0000
vn -0.9660 -0.2584 -0.0000
vn -0.2585 -0.0000 0.9660
vn -0.7071 -0.0000 0.7071
vn -0.9660 -0.0000 0.2585
vn -0.2584 0.9660 -0.0000
vn -0.7071 0.7071 -0.0000
vn -0.9660 0.2584 -0.0000
vn -0.2585 -0.0000 -0.9660
vn -0.7071 -0.0000 -0.7071
vn -0.9660 -0.0000 -0.2585
vn -0.0000 -0.9660 -0.2584
vn -0.0000 -0.7071 -0.7071
vn -0.0000 -0.2584 -0.9660
vn -0.0000 0.9660 -0.2584
vn -0.0000 0.7071 -0.7071
vn -0.0000 0.2584 -0.9660
vn 0.9660 -0.0000 -0.2585
vn 0.7071 -0.0000 -0.7071
vn 0.2585 -0.0000 -0.9660
vn 0.2584 -0.9660 -0.0000
vn 0.7071 -0.7071 -0.0000
vn 0.9660 -0.2584 -0.0000
vn 0.2584 0.9660 -0.0000
vn 0.7071 0.7071 -0.0000
vn 0.9660 0.2584 -0.0000
vn 0.2585 -0.0000 0.9660
vn 0.7071 -0.0000 0.7071
vn 0.9660 -0.0000 0.2585
vn -0.0000 -0.9660 0.2584
vn -0.0000 -0.7071 0.7071
vn -0.0000 -0.2584 0.9660
vn -0.0000 0.9660 0.2584
vn -0.0000 0.7071 0.7071
vn -0.0000 0.2584 0.9660
vn -0.0000 -1.0000 -0.0000
vn -1.0000 -0.0000 -0.0000
vn -0.0000 -0.0000 1.0000
vn -0.0000 1.0000 -0.0000
vn -0.0000 -0.0000 -1.0000
vn 1.0000 -0.0000 -0.0000
vt 0.195000 0.747177
vt 0.195000 0.748587
vt 0.161525 0.748527
vt 0.160046 0.747177
vt 0.195000 0.750000
vt 0.161525 0.750000
vt 0.376111 0.930000
vt 0.376111 1.000000
vt 0.375000 0.963475
vt 0.375000 0.930000
vt 0.376111 0.000000
vt 0.376111 0.001413
vt 0.375000 0.001473
vt 0.375000 0.000000
vt 0.376111 0.002823
vt 0.375000 0.002823
vt 0.125000 0.747177
vt 0.125000 0.748527
vt 0.623889 0.930000
vt 0.624444 0.930000
vt 0.624420 1.000000
vt 0.623889 1.000000
vt 0.625000 0.930000
vt 0.625000 1.000000
vt 0.805000 0.747177
vt 0.875000 0.747177
vt 0.875000 0.748527
vt 0.805000 0.750000
vt 0.625000 0.002823
vt 0.624444 0.002823
vt 0.624420 0.001473
vt 0.625000 0.001473
vt 0.623889 0.002823
vt 0.623889 0.001413
vt 0.623889 0.000000
vt 0.624420 0.000000
vt 0.195000 0.502823
vt 0.160046 0.502823
vt 0.161525 0.501473
vt 0.195000 0.501413
vt 0.125000 0.502823
vt 0.125000 0.501473
vt 0.376111 0.247177
vt 0.376111 0.248587
vt 0.375000 0.248527
vt 0.375000 0.247177
vt 0.376111 0.285046
vt 0.375000 0.286525
vt 0.376111 0.320000
vt 0.375000 0.320000
vt 0.195000 0.500000
vt 0.161525 0.500000
vt 0.805000 0.502823
vt 0.805000 0.500000
vt 0.875000 0.501473
vt 0.875000 0.502823
vt 0.625000 0.320000
vt 0.624444 0.320000
vt 0.624420 0.277208
vt 0.625000 0.249018
vt 0.623889 0.320000
vt 0.623889 0.285046
vt 0.623889 0.248587
vt 0.624420 0.248527
vt 0.623889 0.247177
vt 0.624444 0.247177
vt 0.625000 0.247177
vt 0.305000 0.747177
vt 0.339954 0.747177
vt 0.338475 0.748527
vt 0.305000 0.748587
vt 0.375556 0.747177
vt 0.370826 0.748527
vt 0.376111 0.747177
vt 0.376111 0.748587
vt 0.376111 0.785046
vt 0.356737 0.768263
vt 0.376111 0.820000
vt 0.340000 0.785000
vt 0.695000 0.747177
vt 0.660000 0.785000
vt 0.643263 0.768263
vt 0.660046 0.747177
vt 0.624444 0.820000
vt 0.624420 0.786525
vt 0.623889 0.820000
vt 0.623889 0.785046
vt 0.623889 0.748587
vt 0.624420 0.753504
vt 0.623889 0.747177
vt 0.624444 0.747177
vt 0.305000 0.502823
vt 0.305000 0.501413
vt 0.338475 0.501473
vt 0.339954 0.502823
vt 0.340000 0.465000
vt 0.356737 0.481737
vt 0.376111 0.430000
vt 0.376111 0.464954
vt 0.376111 0.501413
vt 0.370826 0.501473
vt 0.376111 0.502823
vt 0.375556 0.502823
vt 0.695000 0.502823
vt 0.660046 0.502823
vt 0.643263 0.481737
vt 0.660000 0.465000
vt 0.624444 0.502823
vt 0.624420 0.496496
vt 0.623889 0.502823
vt 0.623889 0.501413
vt 0.623889 0.464954
vt 0.624420 0.463475
vt 0.623889 0.430000
vt 0.624444 0.430000
s 0
usemtl violet_steps
f 481/576/491 484/577/491 486/578/491 485/579/491
f 484/577/492 488/580/492 489/581/492 486/578/492
f 482/582/493 487/583/493 489/584/493 488/585/493
f 487/586/494 491/587/494 492/588/494 489/589/494
f 483/590/495 490/591/495 492/588/495 491/587/495
f 490/592/496 485/579/496 486/578/496 492/593/496
f 486/578/497 489/581/497 492/593/497
f 493/594/498 496/595/498 498/596/498 497/597/498
f 496/595/499 500/598/499 501/599/499 498/596/499
f 494/600/500 499/601/500 501/602/500 500/603/500
f 499/604/501 503/605/501 504/606/501 501/607/501
f 495/608/502 502/609/502 504/606/502 503/605/502
f 502/609/503 497/610/503 498/611/503 504/606/503
f 498/611/504 501/607/504 504/606/504
f 505/612/505 508/613/505 510/614/505 509/615/505
f 508/613/506 512/616/506 513/617/506 510/614/506
f 506/618/507 511/619/507 513/620/507 512/621/507
f 511/619/508 515/622/508 516/623/508 513/620/508
f 507/624/509 514/625/509 516/623/509 515/622/509
f 514/626/510 509/615/510 510/614/510 516/627/510
f 510/614/511 513/617/511 516/627/511
f 517/628/512 520/629/512 522/630/512 521/631/512
f 520/632/513 524/633/513 525/634/513 522/635/513
f 518/636/514 523/637/514 525/634/514 524/633/514
f 523/637/515 527/638/515 528/639/515 525/634/515
f 519/640/516 526/641/516 528/639/516 527/638/516
f 526/641/517 521/642/517 522/635/517 528/639/517
f 522/635/518 525/634/518 528/639/518
f 529/643/519 532/644/519 534/645/519 533/646/519
f 532/644/520 536/647/520 537/648/520 534/645/520
f 530/649/521 535/650/521 537/648/521 536/647/521
f 535/650/522 539/651/522 540/652/522 537/648/522
f 531/653/523 538/654/523 540/652/523 539/651/523
f 538/654/524 533/646/524 534/645/524 540/652/524
f 534/645/525 537/648/525 540/652/525
f 541/655/526 544/656/526 546/657/526 545/658/526
f 544/656/527 548/659/527 549/660/527 546/657/527
f 542/661/528 547/662/528 549/660/528 548/659/528
f 547/662/529 551/663/529 552/664/529 549/660/529
f 543/665/530 550/666/530 552/664/530 551/663/530
f 550/666/531 545/658/531 546/657/531 552/664/531
f 546/657/532 549/660/532 552/664/532
f 553/667/533 556/668/533 558/669/533 557/670/533
f 556/668/534 560/671/534 561/672/534 558/669/534
f 554/673/535 559/674/535 561/672/535 560/671/535
f 559/674/536 563/675/536 564/676/536 561/672/536
f 555/677/537 562/678/537 564/676/537 563/675/537
f 562/678/538 557/670/538 558/669/538 564/676/538
f 558/669/539 561/672/539 564/676/539
f 565/679/540 568/680/540 570/681/540 569/682/540
f 568/680/541 572/683/541 573/684/541 570/681/541
f 566/685/542 571/686/542 573/684/542 572/683/542
f 571/686/543 575/687/543 576/688/543 573/684/543
f 567/689/544 574/690/544 576/688/544 575/687/544
f 574/690/545 569/682/545 570/681/545 576/688/545
f 570/681/546 573/684/546 576/688/546
f 505/612/547 481/576/547 485/579/547 508/613/547
f 508/613/548 485/579/548 490/592/548 512/616/548
f 512/621/549 490/591/549 483/590/549 506/618/549
f 482/582/550 493/594/550 497/597/550 487/583/550
f 487/586/551 497/610/551 502/609/551 491/587/551
f 491/587/552 502/609/552 495/608/552 483/590/552
f 494/600/553 517/628/553 521/631/553 499/601/553
f 499/604/554 521/642/554 526/641/554 503/605/554
f 503/605/555 526/641/555 519/640/555 495/608/555
f 518/636/556 507/624/556 515/622/556 523/637/556
f 523/637/557 515/622/557 511/619/557 527/638/557
f 527/638/558 511/619/558 506/618/558 519/640/558
f 553/667/559 505/612/559 509/615/559 556/668/559
f 556/668/560 509/615/560 514/626/560 560/671/560
f 560/671/561 514/625/561 507/624/561 554/673/561
f 517/628/562 565/679/562 569/682/562 520/629/562
f 520/632/563 569/682/563 574/690/563 524/633/563
f 524/633/564 574/690/564 567/689/564 518/636/564
f 566/685/565 555/677/565 563/675/565 571/686/565
f 571/686/566 563/675/566 559/674/566 575/687/566
f 575/687/567 559/674/567 554/673/567 567/689/567
f 529/643/568 553/667/568 557/670/568 532/644/568
f 532/644/569 557/670/569 562/678/569 536/647/569
f 536/647/570 562/678/570 555/677/570 530/649/570
f 565/679/571 541/655/571 545/658/571 568/680/571
f 568/680/572 545/658/572 550/666/572 572/683/572
f 572/683/573 550/666/573 543/665/573 566/685/573
f 542/661/574 531/653/574 539/651/574 547/662/574
f 547/662/575 539/651/575 535/650/575 551/663/575
f 551/663/576 535/650/576 530/649/576 543/665/576
f 481/576/577 529/643/577 533/646/577 484/577/577
f 484/577/578 533/646/578 538/654/578 488/580/578
f 488/585/579 538/654/579 531/653/579 482/582/579
f 541/655/580 494/600/580 500/603/580 544/656/580
f 544/656/581 500/598/581 496/595/581 548/659/581
f 548/659/582 496/595/582 493/594/582 542/661/582
f 505/612/583 553/667/583 529/643/583 481/576/583
f 483/590/584 495/608/584 519/640/584 506/618/584
f 531/653/585 542/661/585 493/594/585 482/582/585
f 565/679/586 517/628/586 494/600/586 541/655/586
f 507/624/587 518/636/587 567/689/587 554/673/587
f 555/677/588 566/685/588 543/665/588 530/649/588
o step_7
v 3.906250 0.000000 1.518750
v 3.906250 0.031250 1.550000
v 3.875000 0.031250 1.518750
v 3.906250 0.004175 1.534354
v 3.890646 0.004175 1.518750
v 3.891306 0.008230 1.533694
v 3.890646 0.031250 1.545825
v 3.906250 0.015646 1.545825
v 3.891306 0.016306 1.541770
v 3.879175 0.015646 1.518750
v 3.879175 0.031250 1.534354
v 3.883230 0.016306 1.533694
v 3.906250 7.906250 1.550000
v 3.906250 7.937500 1.518750
v 3.875000 7.906250 1.518750
v 3.906250 7.921854 1.545825
v 3.890646 7.906250 1.545825
v 3.891306 7.921194 1.541770
v 3.890646 7.933325 1.518750
v 3.906250 7.933325 1.534354
v 3.891306 7.929270 1.533694
v 3.879175 7.906250 1.534354
v 3.879175 7.921854 1.518750
v 3.883230 7.921194 1.533694
v 3.906250 0.000000 -1.518750
v 3.875000 0.031250 -1.518750
v 3.906250 0.031250 -1.550000
v 3.890646 0.004175 -1.518750
v 3.906250 0.004175 -1.534354
v 3.891306 0.008230 -1.533694
v 3.879175 0.031250 -1.534354
v 3.879175 0.015646 -1.518750
v 3.883230 0.016306 -1.533694
v 3.906250 0.015646 -1.545825
v 3.890646 0.031250 -1.545825
v 3.891306 0.016306 -1.541770
v 3.906250 7.937500 -1.518750
v 3.906250 7.906250 -1.550000
v 3.875000 7.906250 -1.518750
v 3.906250 7.933325 -1.534354
v 3.890646 7.933325 -1.518750
v 3.891306 7.929270 -1.533694
v 3.890646 7.906250 -1.545825
v 3.906250 7.921854 -1.545825
v 3.891306 7.921194 -1.541770
v 3.879175 7.921854 -1.518750
v 3.879175 7.906250 -1.534354
v 3.883230 7.921194 -1.533694
v 3.906250 0.000000 1.518750
v 3.937500 0.031250 1.518750
v 3.906250 0.031250 1.550000
v 3.921854 0.004175 1.518750
v 3.906250 0.004175 1.534354
v 3.921194 0.008230 1.533694
v 3.933325 0.031250 1.534354
v 3.933325 0.015646 1.518750
v 3.929270 0.016306 1.533694
v 3.906250 0.015646 1.545825
v 3.921854 0.031250 1.545825
v 3.921194 0.016306 1.541770
v 3.906250 7.937500 1.518750
v 3.906250 7.906250 1.550000
v 3.937500 7.906250 1.518750
v 3.906250 7.933325 1.534354
v 3.921854 7.933325 1.518750
v 3.921194 7.929270 1.533694
v 3.921854 7.906250 1.545825
v 3.906250 7.921854 1.545825
v 3.921194 7.921194 1.541770
v 3.933325 7.921854 1.518750
v 3.933325 7.906250 1.534354
v 3.929270 7.921194 1.533694
v 3.906250 0.000000 -1.518750
v 3.906250 0.031250 -1.550000
v 3.937500 0.031250 -1.518750
v 3.906250 0.004175 -1.534354
v 3.921854 0.004175 -1.518750
v 3.921194 0.008230 -1.533694
v 3.921854 0.031250 -1.545825
v 3.906250 0.015646 -1.545825
v 3.921194 0.016306 -1.541770
v 3.933325 0.015646 -1.518750
v 3.933325 0.031250 -1.534354
v 3.929270 0.016306 -1.533694
v 3.906250 7.937500 -1.518750
v 3.937500 7.906250 -1.518750
v 3.906250 7.906250 -1.550000
v 3.921854 7.933325 -1.518750
v 3.906250 7.933325 -1.534354
v 3.921194 7.929270 -1.533694
v 3.933325 7.906250 -1.534354
v 3.933325 7.921854 -1.518750
v 3.929270 7.921194 -1.533694
v 3.906250 7.921854 -1.545825
v 3.921854 7.906250 -1.545825
v 3.921194 7.921194 -1.541770
vn -0.2566 -0.9318 0.2566
vn -0.2178 -0.6901 0.6901
vn -0.2566 -0.2566 0.9318
vn -0.6901 -0.2178 0.6901
vn -0.9318 -0.2566 0.2566
vn -0.6901 -0.6901 0.2178
vn -0.5773 -0.5773 0.5774
vn -0.2566 0.2566 0.9318
vn -0.2178 0.6901 0.6901
vn -0.2566 0.9318 0.2566
vn -0.6901 0.6901 0.2178
vn -0.9318 0.2566 0.2566
vn -0.6901 0.2178 0.6901
vn -0.5773 0.5773 0.5774
vn -0.2566 -0.9318 -0.2566
vn -0.6901 -0.6901 -0.2178
vn -0.9318 -0.2566 -0.2566
vn -0.6901 -0.2178 -0.6901
vn -0.2566 -0.2566 -0.9318
vn -0.2178 -0.6901 -0.6901
vn -0.5773 -0.5773 -0.5774
vn -0.2566 0.9318 -0.2566
vn -0.2178 0.6901 -0.6901
vn -0.2566 0.2566 -0.9318
vn -0.6901 0.2178 -0.6901
vn -0.9318 0.2566 -0.2566
vn -0.6901 0.6901 -0.2178
vn -0.5773 0.5773 -0.5774
vn 0.2566 -0.9318 0.2566
vn 0.6901 -0.6901 0.2178
vn 0.9318 -0.2566 0.2566
vn 0.6901 -0.2178 0.6901
vn 0.2566 -0.2566 0.9318
vn 0.2178 -0.6901 0.6901
vn 0.5773 -0.5773 0.5774
vn 0.2566 0.9318 0.2566
vn 0.2178 0.6901 0.6901
vn 0.2566 0.2566 0.9318
vn 0.6901 0.2178 0.6901
vn 0.9318 0.2566 0.2566
vn 0.6901 0.6901 0.2178
vn 0.5773 0.5773 0.5774
vn 0.2566 -0.9318 -0.2566
vn 0.2178 -0.6901 -0.6901
vn 0.2566 -0.2566 -0.9318
vn 0.6901 -0.2178 -0.6901
vn 0.9318 -0.2566 -0.2566
vn 0.6901 -0.6901 -0.2178
vn 0.5773 -0.5773 -0.5774
vn 0.2566 0.9318 -0.2566
vn 0.6901 0.6901 -0.2178
vn 0.9318 0.2566 -0.2566
vn 0.6901 0.2178 -0.6901
vn 0.2566 0.2566 -0.9318
vn 0.2178 0.6901 -0.6901
vn 0.5773 0.5773 -0.5774
vn -0.2585 -0.9660 -0.0000
vn -0.7071 -0.7071 -0.0000
vn -0.9660 -0.2585 -0.0000
vn -0.2585 -0.0000 0.9660
vn -0.7071 -0.0000 0.7071
vn -0.9660 -0.0000 0.2585
vn -0.2585 0.9660 -0.0000
vn -0.7071 0.7071 -0.0000
vn -0.9660 0.2585 -0.0000
vn -0.2585 -0.0000 -0.9660
vn -0.7071 -0.0000 -0.7071
vn -0.9660 -0.0000 -0.2585
vn -0.0000 -0.9660 -0.2585
vn -0.0000 -0.7071 -0.7071
vn -0.0000 -0.2585 -0.9660
vn -0.0000 0.9660 -0.2585
vn -0.0000 0.7071 -0.7071
vn -0.0000 0.2585 -0.9660
vn 0.9660 -0.0000 -0.2585
vn 0.7071 -0.0000 -0.7071
vn 0.2585 -0.0000 -0.9660
vn 0.2585 -0.9660 -0.0000
vn 0.7071 -0.7071 -0.0000
vn 0.9660 -0.2585 -0.0000
vn 0.2585 0.9660 -0.0000
vn 0.7071 0.7071 -0.0000
vn 0.9660 0.2585 -0.0000
vn 0.2585 -0.0000 0.9660
vn 0.7071 -0.0000 0.7071
vn 0.9660 -0.0000 0.2585
vn -0.0000 -0.9660 0.2585
vn -0.0000 -0.7071 0.7071
vn -0.0000 -0.2585 0.9660
vn -0.0000 0.9660 0.2585
vn -0.0000 0.7071 0.7071
vn -0.0000 0.2585 0.9660
vn -0.0000 -1.0000 -0.0000
vn -1.0000 -0.0000 -0.0000
vn -0.0000 -0.0000 1.0000
vn -0.0000 1.0000 -0.0000
vn -0.0000 -0.0000 -1.0000
vn 1.0000 -0.0000 -0.0000
vt 0.250000 0.747480
vt 0.250000 0.748738
vt 0.190224 0.748685
vt 0.187582 0.747480
vt 0.250000 0.750000
vt 0.190224 0.750000
vt 0.375984 0.875000
vt 0.375984 1.000000
vt 0.375000 0.934776
vt 0.375000 0.875000
vt 0.375984 0.000000
vt 0.375984 0.001262
vt 0.375000 0.001315
vt 0.375000 0.000000
vt 0.375984 0.002520
vt 0.375000 0.002520
vt 0.125000 0.747480
vt 0.125000 0.748685
vt 0.624016 0.875000
vt 0.624507 0.875000
vt 0.624486 1.000000
vt 0.624016 1.000000
vt 0.625000 0.875000
vt 0.625000 1.000000
vt 0.750000 0.747480
vt 0.875000 0.747480
vt 0.875000 0.748685
vt 0.750000 0.750000
vt 0.625000 0.002520
vt 0.624507 0.002520
vt 0.624486 0.001315
vt 0.625000 0.001315
vt 0.624016 0.002520
vt 0.624016 0.001262
vt 0.624016 0.000000
vt 0.624486 0.000000
vt 0.250000 0.502520
vt 0.187582 0.502520
vt 0.190224 0.501315
vt 0.250000 0.501262
vt 0.125000 0.502520
vt 0.125000 0.501315
vt 0.375984 0.247480
vt 0.375984 0.248738
vt 0.375000 0.248685
vt 0.375000 0.247480
vt 0.375984 0.312582
vt 0.375000 0.315224
vt 0.375984 0.375000
vt 0.375000 0.375000
vt 0.250000 0.500000
vt 0.190224 0.500000
vt 0.750000 0.502520
vt 0.750000 0.500000
vt 0.875000 0.501315
vt 0.875000 0.502520
vt 0.625000 0.375000
vt 0.624507 0.375000
vt 0.624486 0.298752
vt 0.625000 0.249123
vt 0.624016 0.375000
vt 0.624016 0.312582
vt 0.624016 0.248738
vt 0.624486 0.248685
vt 0.624016 0.247480
vt 0.624507 0.247480
vt 0.625000 0.247480
vt 0.250000 0.747480
vt 0.312418 0.747480
vt 0.309776 0.748685
vt 0.250000 0.748738
vt 0.375493 0.747480
vt 0.367155 0.748685
vt 0.375984 0.747480
vt 0.375984 0.748738
vt 0.375984 0.812582
vt 0.342388 0.782612
vt 0.375984 0.875000
vt 0.312500 0.812500
vt 0.750000 0.747480
vt 0.687500 0.812500
vt 0.657612 0.782612
vt 0.687582 0.747480
vt 0.624507 0.875000
vt 0.624486 0.815224
vt 0.624016 0.875000
vt 0.624016 0.812582
vt 0.624016 0.748738
vt 0.624486 0.757244
vt 0.624016 0.747480
vt 0.624507 0.747480
vt 0.250000 0.502520
vt 0.250000 0.501262
vt 0.309776 0.501315
vt 0.312418 0.502520
vt 0.312500 0.437500
vt 0.342388 0.467388
vt 0.375984 0.375000
vt 0.375984 0.437418
vt 0.375984 0.501262
vt 0.367155 0.501315
vt 0.375984 0.502520
vt 0.375493 0.502520
vt 0.687582 0.502520
vt 0.657612 0.467388
vt 0.687500 0.437500
vt 0.624507 0.502520
vt 0.624486 0.492756
vt 0.624016 0.502520
vt 0.624016 0.501262
vt 0.624016 0.437418
vt 0.624486 0.434776
vt 0.624016 0.375000
vt 0.624507 0.375000
s 0
usemtl cyan_steps
f 577/691/589 580/692/589 582/693/589 581/694/589
f 580/692/590 584/695/590 585/696/590 582/693/590
f 578/697/591 583/698/591 585/699/591 584/700/591
f 583/701/592 587/702/592 588/703/592 585/704/592
f 579/705/593 586/706/593 588/703/593 587/702/593
f 586/707/594 581/694/594 582/693/594 588/708/594
f 582/693/595 585/696/595 588/708/595
f 589/709/596 592/710/596 594/711/596 593/712/596
f 592/710/597 596/713/597 597/714/597 594/711/597
f 590/715/598 595/716/598 597/717/598 596/718/598
f 595/719/599 599/720/599 600/721/599 597/722/599
f 591/723/600 598/724/600 600/721/600 599/720/600
f 598/724/601 593/725/601 594/726/601 600/721/601
f 594/726/602 597/722/602 600/721/602
f 601/727/603 604/728/603 606/729/603 605/730/603
f 604/728/604 608/731/604 609/732/604 606/729/604
f 602/733/605 607/734/605 609/735/605 608/736/605
f 607/734/606 611/737/606 612/738/606 609/735/606
f 603/739/607 610/740/607 612/738/607 611/737/607
f 610/741/608 605/730/608 606/729/608 612/742/608
f 606/729/609 609/732/609 612/742/609
f 613/743/610 616/744/610 618/745/610 617/746/610
f 616/747/611 620/748/611 621/749/611 618/750/611
f 614/751/612 619/752/612 621/749/612 620/748/612
f 619/752/613 623/753/613 624/754/613 621/749/613
f 615/755/614 622/756/614 624/754/614 623/753/614
f 622/756/615 617/757/615 618/750/615 624/754/615
f 618/750/616 621/749/616 624/754/616
f 625/758/617 628/759/617 630/760/617 629/761/617
f 628/759/618 632/762/618 633/763/618 630/760/618
f 626/764/619 631/765/619 633/763/619 632/762/619
f 631/765/620 635/766/620 636/767/620 633/763/620
f 627/768/621 634/769/621 636/767/621 635/766/621
f 634/769/622 629/761/622 630/760/622 636/767/622
f 630/760/623 633/763/623 636/767/623
f 637/770/624 640/771/624 642/772/624 641/773/624
f 640/771/625 644/774/625 645/775/625 642/772/625
f 638/776/626 643/777/626 645/775/626 644/774/626
f 643/777/627 647/778/627 648/779/627 645/775/627
f 639/780/628 646/781/628 648/779/628 647/778/628
f 646/781/629 641/773/629 642/772/629 648/779/629
f 642/772/630 645/775/630 648/779/630
f 649/782/631 652/783/631 654/784/631 653/785/631
f 652/783/632 656/786/632 657/787/632 654/784/632
f 650/788/633 655/789/633 657/787/633 656/786/633
f 655/789/634 659/790/634 660/791/634 657/787/634
f 651/792/635 658/793/635 660/791/635 659/790/635
f 658/793/636 653/785/636 654/784/636 660/791/636
f 654/784/637 657/787/637 660/791/637
f 661/743/638 664/794/638 666/795/638 665/796/638
f 664/794/639 668/797/639 669/798/639 666/795/639
f 662/799/640 667/800/640 669/798/640 668/797/640
f 667/800/641 671/801/641 672/802/641 669/798/641
f 663/803/642 670/804/642 672/802/642 671/801/642
f 670/804/643 665/796/643 666/795/643 672/802/643
f 666/795/644 669/798/644 672/802/644
f 601/727/645 577/691/645 581/694/645 604/728/645
f 604/728/646 581/694/646 586/707/646 608/731/646
f 608/736/647 586/706/647 579/705/647 602/733/647
f 578/697/648 589/709/648 593/712/648 583/698/648
f 583/701/649 593/725/649 598/724/649 587/702/649
f 587/702/650 598/724/650 591/723/650 579/705/650
f 590/715/651 613/743/651 617/746/651 595/716/651
f 595/719/652 617/757/652 622/756/652 599/720/652
f 599/720/653 622/756/653 615/755/653 591/723/653
f 614/751/654 603/739/654 611/737/654 619/752/654
f 619/752/655 611/737/655 607/734/655 623/753/655
f 623/753/656 607/734/656 602/733/656 615/755/656
f 649/782/657 601/727/657 605/730/657 652/783/657
f 652/783/658 605/730/658 610/741/658 656/786/658
f 656/786/659 610/740/659 603/739/659 650/788/659
f 613/743/660 661/743/660 665/796/660 616/744/660
f 616/747/661 665/796/661 670/804/661 620/748/661
f 620/748/662 670/804/662 663/803/662 614/751/662
f 662/799/663 651/792/663 659/790/663 667/800/663
f 667/800/664 659/790/664 655/789/664 671/801/664
f 671/801/665 655/789/665 650/788/665 663/803/665
f 625/758/666 649/782/666 653/785/666 628/759/666
f 628/759/667 653/785/667 658/793/667 632/762/667
f 632/762/668 658/793/668 651/792/668 626/764/668
f 661/743/669 637/770/669 641/773/669 664/794/669
f 664/794/670 641/773/670 646/781/670 668/797/670
f 668/797/671 646/781/671 639/780/671 662/799/671
f 638/776/672 627/768/672 635/766/672 643/777/672
f 643/777/673 635/766/673 631/765/673 647/778/673
f 647/778/674 631/765/674 626/764/674 639/780/674
f 577/691/675 625/758/675 629/761/675 580/692/675
f 580/692/676 629/761/676 634/769/676 584/695/676
f 584/700/677 634/769/677 627/768/677 578/697/677
f 637/770/678 590/715/678 596/718/678 640/771/678
f 640/771/679 596/713/679 592/710/679 644/774/679
f 644/774/680 592/710/680 589/709/680 638/776/680
f 601/727/681 649/782/681 625/758/681 577/691/681
f 579/705/682 591/723/682 615/755/682 602/733/682
f 627/768/683 638/776/683 589/709/683 578/697/683
f 661/743/684 613/743/684 590/715/684 637/770/684
f 603/739/685 614/751/685 663/803/685 650/788/685
f 651/792/686 662/799/686 639/780/686 626/764/686
o step_8
v 3.953125 0.000000 1.534375
v 3.953125 0.015625 1.550000
v 3.937500 0.015625 1.534375
v 3.953125 0.002087 1.542177
v 3.945323 0.002087 1.534375
v 3.945653 0.004115 1.541847
v 3.945323 0.015625 1.547912
v 3.953125 0.007823 1.547912
v 3.945653 0.008153 1.545885
v 3.939587 0.007823 1.534375
v 3.939587 0.015625 1.542177
v 3.941615 0.008153 1.541847
v 3.953125 7.953125 1.550000
v 3.953125 7.968750 1.534375
v 3.937500 7.953125 1.534375
v 3.953125 7.960927 1.547912
v 3.945323 7.953125 1.547912
v 3.945653 7.960597 1.545885
v 3.945323 7.966662 1.534375
v 3.953125 7.966662 1.542177
v 3.945653 7.964635 1.541847
v 3.939587 7.953125 1.542177
v 3.939587 7.960927 1.534375
v 3.941615 7.960597 1.541847
v 3.953125 0.000000 -1.534375
v 3.937500 0.015625 -1.534375
v 3.953125 0.015625 -1.550000
v 3.945323 0.002087 -1.534375
v 3.953125 0.002087 -1.542177
v 3.945653 0.004115 -1.541847
v 3.939587 0.015625 -1.542177
v 3.939587 0.007823 -1.534375
v 3.941615 0.008153 -1.541847
v 3.953125 0.007823 -1.547912
v 3.945323 0.015625 -1.547912
v 3.945653 0.008153 -1.545885
v 3.953125 7.968750 -1.534375
v 3.953125 7.953125 -1.550000
v 3.937500 7.953125 -1.534375
v 3.953125 7.966662 -1.542177
v 3.945323 7.966662 -1.534375
v 3.945653 7.964635 -1.541847
v 3.945323 7.953125 -1.547912
v 3.953125 7.960927 -1.547912
v 3.945653 7.960597 -1.545885
v 3.939587 7.960927 -1.534375
v 3.939587 7.953125 -1.542177
v 3.941615 7.960597 -1.541847
v 3.953125 0.000000 1.534375
v 3.968750 0.015625 1.534375
v 3.953125 0.015625 1.550000
v 3.960927 0.002087 1.534375
v 3.953125 0.002087 1.542177
v 3.960597 0.004115 1.541847
v 3.966663 0.015625 1.542177
v 3.966663 0.007823 1.534375
v 3.964635 0.008153 1.541847
v 3.953125 0.007823 1.547912
v 3.960927 0.015625 1.547912
v 3.960597 0.008153 1.545885
v 3.953125 7.968750 1.534375
v 3.953125 7.953125 1.550000
v 3.968750 7.953125 1.534375
v 3.953125 7.966662 1.542177
v 3.960927 7.966662 1.534375
v 3.960597 7.964635 1.541847
v 3.960927 7.953125 1.547912
v 3.953125 7.960927 1.547912
v 3.960597 7.960597 1.545885
v 3.966663 7.960927 1.534375
v 3.966663 7.953125 1.542177
v 3.964635 7.960597 1.541847
v 3.953125 0.000000 -1.534375
v 3.953125 0.015625 -1.550000
v 3.968750 0.015625 -1.534375
v 3.953125 0.002087 -1.542177
v 3.960927 0.002087 -1.534375
v 3.960597 0.004115 -1.541847
v 3.960927 0.015625 -1.547912
v 3.953125 0.007823 -1.547912
v 3.960597 0.008153 -1.545885
v 3.966663 0.007823 -1.534375
v 3.966663 0.015625 -1.542177
v 3.964635 0.008153 -1.541847
v 3.953125 7.968750 -1.534375
v 3.968750 7.953125 -1.534375
v 3.953125 7.953125 -1.550000
v 3.960927 7.966662 -1.534375
v 3.953125 7.966662 -1.542177
v 3.960597 7.964635 -1.541847
v 3.966663 7.953125 -1.542177
v 3.966663 7.960927 -1.534375
v 3.964635 7.960597 -1.541847
v 3.953125 7.960927 -1.547912
v 3.960927 7.953125 -1.547912
v 3.960597 7.960597 -1.545885
vn -0.2566 -0.9318 0.2566
vn -0.2178 -0.6901 0.6901
vn -0.2566 -0.2566 0.9318
vn -0.6901 -0.2178 0.6901
vn -0.9318 -0.2566 0.2566
vn -0.6901 -0.6901 0.2178
vn -0.5774 -0.5773 0.5773
vn -0.2566 0.2566 0.9318
vn -0.2178 0.6901 0.6901
vn -0.2566 0.9318 0.2566
vn -0.6901 0.6901 0.2178
vn -0.9318 0.2566 0.2566
vn -0.6901 0.2178 0.6901
vn -0.5774 0.5773 0.5773
vn -0.2566 -0.9318 -0.2566
vn -0.6901 -0.6901 -0.2178
vn -0.9318 -0.2566 -0.2566
vn -0.6901 -0.2178 -0.6901
vn -0.2566 -0.2566 -0.9318
vn -0.2178 -0.6901 -0.6901
vn -0.5774 -0.5773 -0.5773
vn -0.2566 0.9318 -0.2566
vn -0.2178 0.6901 -0.6901
vn -0.2566 0.2566 -0.9318
vn -0.6901 0.2178 -0.6901
vn -0.9318 0.2566 -0.2566
vn -0.6901 0.6901 -0.2178
vn -0.5774 0.5773 -0.5773
vn 0.2566 -0.9318 0.2566
vn 0.6901 -0.6901 0.2178
vn 0.9318 -0.2566 0.2566
vn 0.6901 -0.2178 0.6901
vn 0.2566 -0.2566 0.9318
vn 0.2178 -0.6901 0.6901
vn 0.5774 -0.5773 0.5773
vn 0.2566 0.9318 0.2566
vn 0.2178 0.6901 0.6901
vn 0.2566 0.2566 0.9318
vn 0.6901 0.2178 0.6901
vn 0.9318 0.2566 0.2566
vn 0.6901 0.6901 0.2178
vn 0.5774 0.5773 0.5773
vn 0.2566 -0.9318 -0.2566
vn 0.2178 -0.6901 -0.6901
vn 0.2566 -0.2566 -0.9318
vn 0.6901 -0.2178 -0.6901
vn 0.9318 -0.2566 -0.2566
vn 0.6901 -0.6901 -0.2178
vn 0.5774 -0.5773 -0.5773
vn 0.2566 0.9318 -0.2566
vn 0.6901 0.6901 -0.2178
vn 0.9318 0.2566 -0.2566
vn 0.6901 0.2178 -0.6901
vn 0.2566 0.2566 -0.9318
vn 0.2178 0.6901 -0.6901
vn 0.5774 0.5773 -0.5773
vn -0.2585 -0.9660 -0.0000
vn -0.7071 -0.7071 -0.0000
vn -0.9660 -0.2585 -0.0000
vn -0.2585 -0.0000 0.9660
vn -0.7071 -0.0000 0.7071
vn -0.9660 -0.0000 0.2585
vn -0.2585 0.9660 -0.0000
vn -0.7071 0.7071 -0.0000
vn -0.9660 0.2585 -0.0000
vn -0.2585 -0.0000 -0.9660
vn -0.7071 -0.0000 -0.7071
vn -0.9660 -0.0000 -0.2585
vn -0.0000 -0.9660 -0.2584
vn -0.0000 -0.7071 -0.7071
vn -0.0000 -0.2585 -0.9660
vn -0.0000 0.9660 -0.2584
vn -0.0000 0.7071 -0.7071
vn -0.0000 0.2585 -0.9660
vn 0.9660 -0.0000 -0.2585
vn 0.7071 -0.0000 -0.7071
vn 0.2585 -0.0000 -0.9660
vn 0.2585 -0.9660 -0.0000
vn 0.7071 -0.7071 -0.0000
vn 0.9660 -0.2585 -0.0000
vn 0.2585 0.9660 -0.0000
vn 0.7071 0.7071 -0.0000
vn 0.9660 0.2585 -0.0000
vn 0.2585 -0.0000 0.9660
vn 0.7071 -0.0000 0.7071
vn 0.9660 -0.0000 0.2585
vn -0.0000 -0.9660 0.2584
vn -0.0000 -0.7071 0.7071
vn -0.0000 -0.2585 0.9660
vn -0.0000 0.9660 0.2585
vn -0.0000 0.7071 0.7071
vn -0.0000 0.2585 0.9660
vn -0.0000 -1.0000 -0.0000
vn -1.0000 -0.0000 -0.0000
vn -0.0000 -0.0000 1.0000
vn -0.0000 1.0000 -0.0000
vn -0.0000 -0.0000 -1.0000
vn 1.0000 -0.0000 -0.0000
vt 0.250000 0.748740
vt 0.250000 0.749369
vt 0.190224 0.749342
vt 0.187582 0.748740
vt 0.250000 0.750000
vt 0.190224 0.750000
vt 0.375490 0.875000
vt 0.375490 1.000000
vt 0.375000 0.934776
vt 0.375000 0.875000
vt 0.375490 0.000000
vt 0.375490 0.000631
vt 0.375000 0.000657
vt 0.375000 0.000000
vt 0.375490 0.001260
vt 0.375000 0.001260
vt 0.125000 0.748740
vt 0.125000 0.749343
vt 0.624510 0.875000
vt 0.624755 0.875000
vt 0.624744 1.000000
vt 0.624510 1.000000
vt 0.625000 0.875000
vt 0.625000 1.000000
vt 0.750000 0.748740
vt 0.875000 0.748740
vt 0.875000 0.749343
vt 0.750000 0.750000
vt 0.625000 0.001260
vt 0.624755 0.001260
vt 0.624744 0.000658
vt 0.625000 0.000658
vt 0.624510 0.001260
vt 0.624510 0.000631
vt 0.624510 0.000000
vt 0.624744 0.000000
vt 0.250000 0.501260
vt 0.187582 0.501260
vt 0.190224 0.500657
vt 0.250000 0.500631
vt 0.125000 0.501260
vt 0.125000 0.500657
vt 0.375490 0.248740
vt 0.375490 0.249369
vt 0.375000 0.249342
vt 0.375000 0.248740
vt 0.375490 0.312582
vt 0.375000 0.315224
vt 0.375490 0.375000
vt 0.375000 0.375000
vt 0.250000 0.500000
vt 0.190224 0.500000
vt 0.750000 0.501260
vt 0.750000 0.500000
vt 0.875000 0.500657
vt 0.875000 0.501260
vt 0.625000 0.375000
vt 0.624755 0.375000
vt 0.624744 0.298835
vt 0.625000 0.249562
vt 0.624510 0.375000
vt 0.624510 0.312582
vt 0.624510 0.249369
vt 0.624744 0.249342
vt 0.624510 0.248740
vt 0.624755 0.248740
vt 0.625000 0.248740
vt 0.250000 0.748740
vt 0.312418 0.748740
vt 0.309776 0.749342
vt 0.250000 0.749369
vt 0.375245 0.748740
vt 0.366962 0.749343
vt 0.375490 0.748740
vt 0.375490 0.749369
vt 0.375490 0.812582
vt 0.342388 0.782612
vt 0.375490 0.875000
vt 0.312500 0.812500
vt 0.750000 0.748740
vt 0.687500 0.812500
vt 0.657612 0.782612
vt 0.687582 0.748740
vt 0.624755 0.875000
vt 0.624744 0.815224
vt 0.624510 0.812582
vt 0.624510 0.749369
vt 0.624744 0.757737
vt 0.624510 0.748740
vt 0.624755 0.748740
vt 0.250000 0.501260
vt 0.250000 0.500631
vt 0.309776 0.500657
vt 0.312418 0.501260
vt 0.312500 0.437500
vt 0.342388 0.467388
vt 0.375490 0.375000
vt 0.375490 0.437418
vt 0.375490 0.500631
vt 0.366962 0.500657
vt 0.375490 0.501260
vt 0.375245 0.501260
vt 0.750000 0.501260
vt 0.687582 0.501260
vt 0.657612 0.467388
vt 0.687500 0.437500
vt 0.624755 0.501260
vt 0.624744 0.492263
vt 0.624510 0.501260
vt 0.624510 0.500631
vt 0.624510 0.437418
vt 0.624744 0.434776
vt 0.624755 0.375000
s 0
usemtl violet_steps
f 673/805/687 676/806/687 678/807/687 677/808/687
f 676/806/688 680/809/688 681/810/688 678/807/688
f 674/811/689 679/812/689 681/813/689 680/814/689
f 679/815/690 683/816/690 684/817/690 681/818/690
f 675/819/691 682/820/691 684/817/691 683/816/691
f 682/821/692 677/808/692 678/807/692 684/822/692
f 678/807/693 681/810/693 684/822/693
f 685/823/694 688/824/694 690/825/694 689/826/694
f 688/824/695 692/827/695 693/828/695 690/825/695
f 686/829/696 691/830/696 693/831/696 692/832/696
f 691/833/697 695/834/697 696/835/697 693/836/697
f 687/837/698 694/838/698 696/835/698 695/834/698
f 694/838/699 689/839/699 690/840/699 696/835/699
f 690/840/700 693/836/700 696/835/700
f 697/841/701 700/842/701 702/843/701 701/844/701
f 700/842/702 704/845/702 705/846/702 702/843/702
f 698/847/703 703/848/703 705/849/703 704/850/703
f 703/848/704 707/851/704 708/852/704 705/849/704
f 699/853/705 706/854/705 708/852/705 707/851/705
f 706/855/706 701/844/706 702/843/706 708/856/706
f 702/843/707 705/846/707 708/856/707
f 709/857/708 712/858/708 714/859/708 713/860/708
f 712/861/709 716/862/709 717/863/709 714/864/709
f 710/865/710 715/866/710 717/863/710 716/862/710
f 715/866/711 719/867/711 720/868/711 717/863/711
f 711/869/712 718/870/712 720/868/712 719/867/712
f 718/870/713 713/871/713 714/864/713 720/868/713
f 714/864/714 717/863/714 720/868/714
f 721/872/715 724/873/715 726/874/715 725/875/715
f 724/873/716 728/876/716 729/877/716 726/874/716
f 722/878/717 727/879/717 729/877/717 728/876/717
f 727/879/718 731/880/718 732/881/718 729/877/718
f 723/882/719 730/883/719 732/881/719 731/880/719
f 730/883/720 725/875/720 726/874/720 732/881/720
f 726/874/721 729/877/721 732/881/721
f 733/884/722 736/885/722 738/886/722 737/887/722
f 736/885/723 740/888/723 741/889/723 738/886/723
f 734/823/724 739/890/724 741/889/724 740/888/724
f 739/890/725 743/891/725 744/892/725 741/889/725
f 735/893/726 742/894/726 744/892/726 743/891/726
f 742/894/727 737/887/727 738/886/727 744/892/727
f 738/886/728 741/889/728 744/892/728
f 745/895/729 748/896/729 750/897/729 749/898/729
f 748/896/730 752/899/730 753/900/730 750/897/730
f 746/901/731 751/902/731 753/900/731 752/899/731
f 751/902/732 755/903/732 756/904/732 753/900/732
f 747/905/733 754/906/733 756/904/733 755/903/733
f 754/906/734 749/898/734 750/897/734 756/904/734
f 750/897/735 753/900/735 756/904/735
f 757/907/736 760/908/736 762/909/736 761/910/736
f 760/908/737 764/911/737 765/912/737 762/909/737
f 758/913/738 763/914/738 765/912/738 764/911/738
f 763/914/739 767/915/739 768/916/739 765/912/739
f 759/865/740 766/917/740 768/916/740 767/915/740
f 766/917/741 761/910/741 762/909/741 768/916/741
f 762/909/742 765/912/742 768/916/742
f 697/841/743 673/805/743 677/808/743 700/842/743
f 700/842/744 677/808/744 682/821/744 704/845/744
f 704/850/745 682/820/745 675/819/745 698/847/745
f 674/811/746 685/823/746 689/826/746 679/812/746
f 679/815/747 689/839/747 694/838/747 683/816/747
f 683/816/748 694/838/748 687/837/748 675/819/748
f 686/829/749 709/857/749 713/860/749 691/830/749
f 691/833/750 713/871/750 718/870/750 695/834/750
f 695/834/751 718/870/751 711/869/751 687/837/751
f 710/865/752 699/853/752 707/851/752 715/866/752
f 715/866/753 707/851/753 703/848/753 719/867/753
f 719/867/754 703/848/754 698/847/754 711/869/754
f 745/895/755 697/841/755 701/844/755 748/896/755
f 748/896/756 701/844/756 706/855/756 752/899/756
f 752/899/757 706/854/757 699/853/757 746/901/757
f 709/857/758 757/907/758 761/910/758 712/858/758
f 712/861/759 761/910/759 766/917/759 716/862/759
f 716/862/760 766/917/760 759/865/760 710/865/760
f 758/913/761 747/905/761 755/903/761 763/914/761
f 763/914/762 755/903/762 751/902/762 767/915/762
f 767/915/763 751/902/763 746/901/763 759/865/763
f 721/872/764 745/895/764 749/898/764 724/873/764
f 724/873/765 749/898/765 754/906/765 728/876/765
f 728/876/766 754/906/766 747/905/766 722/878/766
f 757/907/767 733/884/767 737/887/767 760/908/767
f 760/908/768 737/887/768 742/894/768 764/911/768
f 764/911/769 742/894/769 735/893/769 758/913/769
f 734/823/770 723/882/770 731/880/770 739/890/770
f 739/890/771 731/880/771 727/879/771 743/891/771
f 743/891/772 727/879/772 722/878/772 735/893/772
f 673/805/773 721/872/773 725/875/773 676/806/773
f 676/806/774 725/875/774 730/883/774 680/809/774
f 680/814/775 730/883/775 723/882/775 674/811/775
f 733/884/776 686/829/776 692/832/776 736/885/776
f 736/885/777 692/827/777 688/824/777 740/888/777
f 740/888/778 688/824/778 685/823/778 734/823/778
f 697/841/779 745/895/779 721/872/779 673/805/779
f 675/819/780 687/837/780 711/869/780 698/847/780
f 723/882/781 734/823/781 685/823/781 674/811/781
f 757/907/782 709/857/782 686/829/782 733/884/782
f 699/853/783 710/865/783 759/865/783 746/901/783
f 747/905/784 758/913/784 735/893/784 722/878/784
o step_9
v 3.976562 0.000000 1.542187
v 3.976562 0.007812 1.550000
v 3.968750 0.007812 1.542187
v 3.976562 0.001044 1.546088
v 3.972661 0.001044 1.542187
v 3.972826 0.002058 1.545923
v 3.972661 0.007812 1.548956
v 3.976562 0.003911 1.548956
v 3.972826 0.004076 1.547942
v 3.969794 0.003911 1.542187
v 3.969794 0.007812 1.546088
v 3.970808 0.004076 1.545923
v 3.976562 7.976562 1.550000
v 3.976562 7.984375 1.542187
v 3.968750 7.976562 1.542187
v 3.976562 7.980464 1.548956
v 3.972661 7.976562 1.548956
v 3.972826 7.980299 1.547942
v 3.972661 7.983331 1.542187
v 3.976562 7.983331 1.546088
v 3.972826 7.982317 1.545923
v 3.969794 7.976562 1.546088
v 3.969794 7.980464 1.542187
v 3.970808 7.980299 1.545923
v 3.976562 0.000000 -1.542187
v 3.968750 0.007812 -1.542187
v 3.976562 0.007812 -1.550000
v 3.972661 0.001044 -1.542187
v 3.976562 0.001044 -1.546088
v 3.972826 0.002058 -1.545923
v 3.969794 0.007812 -1.546088
v 3.969794 0.003911 -1.542187
v 3.970808 0.004076 -1.545923
v 3.976562 0.003911 -1.548956
v 3.972661 0.007812 -1.548956
v 3.972826 0.004076 -1.547942
v 3.976562 7.984375 -1.542187
v 3.976562 7.976562 -1.550000
v 3.968750 7.976562 -1.542187
v 3.976562 7.983331 -1.546088
v 3.972661 7.983331 -1.542187
v 3.972826 7.982317 -1.545923
v 3.972661 7.976562 -1.548956
v 3.976562 7.980464 -1.548956
v 3.972826 7.980299 -1.547942
v 3.969794 7.980464 -1.542187
v 3.969794 7.976562 -1.546088
v 3.970808 7.980299 -1.545923
v 3.976562 0.000000 1.542187
v 3.984375 0.007812 1.542187
v 3.976562 0.007812 1.550000
v 3.980464 0.001044 1.542187
v 3.976562 0.001044 1.546088
v 3.980299 0.002058 1.545923
v 3.983331 0.007812 1.546088
v 3.983331 0.003911 1.542187
v 3.982317 0.004076 1.545923
v 3.976562 0.003911 1.548956
v 3.980464 0.007812 1.548956
v 3.980299 0.004076 1.547942
v 3.976562 7.984375 1.542187
v 3.976562 7.976562 1.550000
v 3.984375 7.976562 1.542187
v 3.976562 7.983331 1.546088
v 3.980464 7.983331 1.542187
v 3.980299 7.982317 1.545923
v 3.980464 7.976562 1.548956
v 3.976562 7.980464 1.548956
v 3.980299 7.980299 1.547942
v 3.983331 7.980464 1.542187
v 3.983331 7.976562 1.546088
v 3.982317 7.980299 1.545923
v 3.976562 0.000000 -1.542187
v 3.976562 0.007812 -1.550000
v 3.984375 0.007812 -1.542187
v 3.976562 0.001044 -1.546088
v 3.980464 0.001044 -1.542187
v 3.980299 0.002058 -1.545923
v 3.980464 0.007812 -1.548956
v 3.976562 0.003911 -1.548956
v 3.980299 0.004076 -1.547942
v 3.983331 0.003911 -1.542187
v 3.983331 0.007812 -1.546088
v 3.982317 0.004076 -1.545923
v 3.976562 7.984375 -1.542187
v 3.984375 7.976562 -1.542187
v 3.976562 7.976562 -1.550000
v 3.980464 7.983331 -1.542187
v 3.976562 7.983331 -1.546088
v 3.980299 7.982317 -1.545923
v 3.983331 7.976562 -1.546088
v 3.983331 7.980464 -1.542187
v 3.982317 7.980299 -1.545923
v 3.976562 7.980464 -1.548956
v 3.980464 7.976562 -1.548956
v 3.980299 7.980299 -1.547942
vn -0.2566 -0.9318 0.2566
vn -0.2178 -0.6901 0.6901
vn -0.2566 -0.2566 0.9318
vn -0.6901 -0.2178 0.6901
vn -0.9318 -0.2566 0.2566
vn -0.6901 -0.6901 0.2178
vn -0.5773 -0.5774 0.5774
vn -0.2566 0.2566 0.9318
vn -0.2178 0.6902 0.6901
vn -0.2566 0.9318 0.2566
vn -0.6901 0.6901 0.2178
vn -0.9318 0.2566 0.2566
vn -0.6901 0.2178 0.6901
vn -0.5773 0.5774 0.5774
vn -0.2566 -0.9318 -0.2566
vn -0.6901 -0.6901 -0.2178
vn -0.9318 -0.2566 -0.2566
vn -0.6901 -0.2178 -0.6901
vn -0.2566 -0.2566 -0.9318
vn -0.2178 -0.6902 -0.6901
vn -0.5773 -0.5774 -0.5774
vn -0.2566 0.9318 -0.2566
vn -0.2178 0.6901 -0.6901
vn -0.2566 0.2566 -0.9318
vn -0.6901 0.2178 -0.6901
vn -0.9318 0.2566 -0.2566
vn -0.6901 0.6901 -0.2178
vn -0.5773 0.5774 -0.5774
vn 0.2566 -0.9318 0.2566
vn 0.6901 -0.6901 0.2178
vn 0.9318 -0.2566 0.2566
vn 0.6901 -0.2178 0.6901
vn 0.2566 -0.2566 0.9318
vn 0.2178 -0.6902 0.6901
vn 0.5773 -0.5774 0.5774
vn 0.2566 0.9318 0.2566
vn 0.2178 0.6901 0.6901
vn 0.2566 0.2566 0.9318
vn 0.6901 0.2178 0.6901
vn 0.9318 0.2566 0.2566
vn 0.6901 0.6901 0.2178
vn 0.5773 0.5774 0.5774
vn 0.2566 -0.9318 -0.2566
vn 0.2178 -0.6901 -0.6901
vn 0.2566 -0.2566 -0.9318
vn 0.6901 -0.2178 -0.6901
vn 0.9318 -0.2566 -0.2566
vn 0.6901 -0.6901 -0.2178
vn 0.5773 -0.5774 -0.5774
vn 0.2566 0.9318 -0.2566
vn 0.6901 0.6901 -0.2178
vn 0.9318 0.2566 -0.2566
vn 0.6901 0.2178 -0.6901
vn 0.2566 0.2566 -0.9318
vn 0.2178 0.6902 -0.6901
vn 0.5773 0.5774 -0.5774
vn -0.2586 -0.9660 -0.0000
vn -0.7071 -0.7071 -0.0000
vn -0.9660 -0.2585 -0.0000
vn -0.2585 -0.0000 0.9660
vn -0.7071 -0.0000 0.7071
vn -0.9660 -0.0000 0.2585
vn -0.2586 0.9660 -0.0000
vn -0.7071 0.7071 -0.0000
vn -0.9660 0.2585 -0.0000
vn -0.2585 -0.0000 -0.9660
vn -0.7071 -0.0000 -0.7071
vn -0.9660 -0.0000 -0.2585
vn -0.0000 -0.9660 -0.2585
vn -0.0000 -0.7071 -0.7071
vn -0.0000 -0.2585 -0.9660
vn -0.0000 0.9660 -0.2585
vn -0.0000 0.7071 -0.7071
vn -0.0000 0.2585 -0.9660
vn 0.9660 -0.0000 -0.2585
vn 0.7071 -0.0000 -0.7071
vn 0.2585 -0.0000 -0.9660
vn 0.2586 -0.9660 -0.0000
vn 0.7071 -0.7071 -0.0000
vn 0.9660 -0.2585 -0.0000
vn 0.2586 0.9660 -0.0000
vn 0.7071 0.7071 -0.0000
vn 0.9660 0.2585 -0.0000
vn 0.2585 -0.0000 0.9660
vn 0.7071 -0.0000 0.7071
vn 0.9660 -0.0000 0.2585
vn -0.0000 -0.9660 0.2585
vn -0.0000 -0.7071 0.7071
vn -0.0000 -0.2585 0.9660
vn -0.0000 0.9660 0.2585
vn -0.0000 0.7071 0.7071
vn -0.0000 0.2585 0.9660
vn -0.0000 -1.0000 -0.0000
vn -1.0000 -0.0000 -0.0000
vn -0.0000 -0.0000 1.0000
vn -0.0000 1.0000 -0.0000
vn -0.0000 -0.0000 -1.0000
vn 1.0000 -0.0000 -0.0000
vt 0.250000 0.749370
vt 0.250000 0.749685
vt 0.190224 0.749671
vt 0.187582 0.749370
vt 0.250000 0.750000
vt 0.190224 0.750000
vt 0.375245 0.875000
vt 0.375245 1.000000
vt 0.375000 0.934776
vt 0.375000 0.875000
vt 0.375245 0.000000
vt 0.375245 0.000315
vt 0.375000 0.000329
vt 0.375000 0.000000
vt 0.375245 0.000630
vt 0.375000 0.000630
vt 0.125000 0.749370
vt 0.125000 0.749671
vt 0.624755 0.875000
vt 0.624878 0.875000
vt 0.624872 0.934776
vt 0.624755 1.000000
vt 0.625000 0.875000
vt 0.625000 0.934776
vt 0.750000 0.749370
vt 0.875000 0.749370
vt 0.809776 0.750000
vt 0.750000 0.750000
vt 0.625000 0.000630
vt 0.624878 0.000630
vt 0.624872 0.000329
vt 0.625000 0.000000
vt 0.624755 0.000630
vt 0.624755 0.000315
vt 0.624755 0.000000
vt 0.624872 0.000166
vt 0.624872 0.967079
vt 0.250000 0.500630
vt 0.187582 0.500630
vt 0.190224 0.500329
vt 0.250000 0.500315
vt 0.125000 0.500630
vt 0.125000 0.500329
vt 0.375245 0.249370
vt 0.375245 0.249685
vt 0.375000 0.249671
vt 0.375000 0.249370
vt 0.375245 0.312582
vt 0.375000 0.315224
vt 0.375245 0.375000
vt 0.375000 0.375000
vt 0.250000 0.500000
vt 0.190224 0.500000
vt 0.750000 0.500630
vt 0.750000 0.500000
vt 0.809776 0.500000
vt 0.875000 0.500630
vt 0.625000 0.375000
vt 0.624878 0.375000
vt 0.624872 0.315224
vt 0.625000 0.293482
vt 0.624755 0.375000
vt 0.624755 0.312582
vt 0.624755 0.249685
vt 0.624872 0.257984
vt 0.624755 0.249370
vt 0.624878 0.249370
vt 0.625000 0.249370
vt 0.250000 0.749370
vt 0.312418 0.749370
vt 0.309776 0.749671
vt 0.250000 0.749685
vt 0.375122 0.749370
vt 0.366865 0.749671
vt 0.375245 0.749370
vt 0.375245 0.749685
vt 0.375245 0.812582
vt 0.342388 0.782612
vt 0.312500 0.812500
vt 0.687500 0.812500
vt 0.657612 0.782612
vt 0.687582 0.749370
vt 0.624878 0.875000
vt 0.624872 0.815224
vt 0.624755 0.812582
vt 0.624755 0.749685
vt 0.624872 0.757984
vt 0.624755 0.749370
vt 0.624878 0.749370
vt 0.250000 0.500630
vt 0.250000 0.500315
vt 0.309776 0.500329
vt 0.312418 0.500630
vt 0.312500 0.437500
vt 0.342388 0.467388
vt 0.375245 0.375000
vt 0.375245 0.437418
vt 0.375245 0.500315
vt 0.366865 0.500329
vt 0.375245 0.500630
vt 0.375122 0.500630
vt 0.687582 0.500630
vt 0.657580 0.483941
vt 0.687500 0.437500
vt 0.624878 0.500630
vt 0.624872 0.500329
vt 0.624755 0.500630
vt 0.624755 0.500315
vt 0.624755 0.437418
vt 0.624872 0.451124
vt 0.624755 0.375000
vt 0.624878 0.375000
s 0
usemtl cyan_steps
f 769/918/785 772/919/785 774/920/785 773/921/785
f 772/919/786 776/922/786 777/923/786 774/920/786
f 770/924/787 775/925/787 777/926/787 776/927/787
f 775/928/788 779/929/788 780/930/788 777/931/788
f 771/932/789 778/933/789 780/930/789 779/929/789
f 778/934/790 773/921/790 774/920/790 780/935/790
f 774/920/791 777/923/791 780/935/791
f 781/936/792 784/937/792 786/938/792 785/939/792
f 784/937/793 788/940/793 789/941/793 786/938/793
f 782/942/794 787/943/794 789/944/794 788/945/794
f 787/946/795 791/947/795 792/948/795 789/949/795
f 783/950/796 790/951/796 792/948/796 791/947/796
f 790/951/797 785/952/797 786/953/797 792/948/797
f 786/938/798 789/941/798 792/954/798
f 793/955/799 796/956/799 798/957/799 797/958/799
f 796/956/800 800/959/800 801/960/800 798/957/800
f 794/961/801 799/962/801 801/963/801 800/964/801
f 799/962/802 803/965/802 804/966/802 801/963/802
f 795/967/803 802/968/803 804/966/803 803/965/803
f 802/969/804 797/958/804 798/957/804 804/970/804
f 798/957/805 801/960/805 804/970/805
f 805/971/806 808/972/806 810/973/806 809/974/806
f 808/975/807 812/976/807 813/977/807 810/978/807
f 806/979/808 811/980/808 813/977/808 812/976/808
f 811/980/809 815/981/809 816/982/809 813/977/809
f 807/983/810 814/984/810 816/982/810 815/981/810
f 814/984/811 809/985/811 810/978/811 816/982/811
f 810/978/812 813/977/812 816/982/812
f 817/986/813 820/987/813 822/988/813 821/989/813
f 820/987/814 824/990/814 825/991/814 822/988/814
f 818/992/815 823/993/815 825/991/815 824/990/815
f 823/993/816 827/994/816 828/995/816 825/991/816
f 819/924/817 826/996/817 828/995/817 827/994/817
f 826/996/818 821/989/818 822/988/818 828/995/818
f 822/988/819 825/991/819 828/995/819
f 829/942/820 832/997/820 834/998/820 833/999/820
f 832/997/821 836/1000/821 837/1001/821 834/998/821
f 830/936/822 835/1002/822 837/1001/822 836/1000/822
f 835/1002/823 839/1003/823 840/1004/823 837/1001/823
f 831/1005/824 838/1006/824 840/1004/824 839/1003/824
f 838/1006/825 833/999/825 834/998/825 840/1004/825
f 834/998/826 837/1001/826 840/1004/826
f 841/1007/827 844/1008/827 846/1009/827 845/1010/827
f 844/1008/828 848/1011/828 849/1012/828 846/1009/828
f 842/1013/829 847/1014/829 849/1012/829 848/1011/829
f 847/1014/830 851/1015/830 852/1016/830 849/1012/830
f 843/1017/831 850/1018/831 852/1016/831 851/1015/831
f 850/1018/832 845/1010/832 846/1009/832 852/1016/832
f 846/1009/833 849/1012/833 852/1016/833
f 853/971/834 856/1019/834 858/1020/834 857/1021/834
f 856/1019/835 860/1022/835 861/1023/835 858/1020/835
f 854/1024/836 859/1025/836 861/1023/836 860/1022/836
f 859/1025/837 863/1026/837 864/1027/837 861/1023/837
f 855/1028/838 862/1029/838 864/1027/838 863/1026/838
f 862/1029/839 857/1021/839 858/1020/839 864/1027/839
f 858/1020/840 861/1023/840 864/1027/840
f 793/955/841 769/918/841 773/921/841 796/956/841
f 796/956/842 773/921/842 778/934/842 800/959/842
f 800/964/843 778/933/843 771/932/843 794/961/843
f 770/924/844 781/936/844 785/939/844 775/925/844
f 775/928/845 785/952/845 790/951/845 779/929/845
f 779/929/846 790/951/846 783/950/846 771/932/846
f 782/942/847 805/971/847 809/974/847 787/943/847
f 787/946/848 809/985/848 814/984/848 791/947/848
f 791/947/849 814/984/849 807/983/849 783/950/849
f 806/979/850 795/967/850 803/965/850 811/980/850
f 811/980/851 803/965/851 799/962/851 815/981/851
f 815/981/852 799/962/852 794/961/852 807/983/852
f 841/1007/853 793/955/853 797/958/853 844/1008/853
f 844/1008/854 797/958/854 802/969/854 848/1011/854
f 848/1011/855 802/968/855 795/967/855 842/1013/855
f 805/971/856 853/971/856 857/1021/856 808/972/856
f 808/975/857 857/1021/857 862/1029/857 812/976/857
f 812/976/858 862/1029/858 855/1028/858 806/979/858
f 854/1024/859 843/1017/859 851/1015/859 859/1025/859
f 859/1025/860 851/1015/860 847/1014/860 863/1026/860
f 863/1026/861 847/1014/861 842/1013/861 855/1028/861
f 817/986/862 841/1007/862 845/1010/862 820/987/862
f 820/987/863 845/1010/863 850/1018/863 824/990/863
f 824/990/864 850/1018/864 843/1017/864 818/992/864
f 853/971/865 829/942/865 833/999/865 856/1019/865
f 856/1019/866 833/999/866 838/1006/866 860/1022/866
f 860/1022/867 838/1006/867 831/1005/867 854/1024/867
f 830/936/868 819/924/868 827/994/868 835/1002/868
f 835/1002/869 827/994/869 823/993/869 839/1003/869
f 839/1003/870 823/993/870 818/992/870 831/1005/870
f 769/918/871 817/986/871 821/989/871 772/919/871
f 772/919/872 821/989/872 826/996/872 776/922/872
f 776/927/873 826/996/873 819/924/873 770/924/873
f 829/942/874 782/942/874 788/945/874 832/997/874
f 832/997/875 788/940/875 784/937/875 836/1000/875
f 836/1000/876 784/937/876 781/936/876 830/936/876
f 793/955/877 841/1007/877 817/986/877 769/918/877
f 771/932/878 783/950/878 807/983/878 794/961/878
f 819/924/879 830/936/879 781/936/879 770/924/879
f 853/971/880 805/971/880 782/942/880 829/942/880
f 795/967/881 806/979/881 855/1028/881 842/1013/881
f 843/1017/882 854/1024/882 831/1005/882 818/992/882
o step_10
v 3.988281 0.000000 1.546094
v 3.988281 0.003906 1.550000
v 3.984375 0.003906 1.546094
v 3.988281 0.000522 1.548044
v 3.986331 0.000522 1.546094
v 3.986413 0.001029 1.547962
v 3.986331 0.003906 1.549478
v 3.988281 0.001956 1.549478
v 3.986413 0.002038 1.548971
v 3.984897 0.001956 1.546094
v 3.984897 0.003906 1.548044
v 3.985404 0.002038 1.547962
v 3.988281 7.988281 1.550000
v 3.988281 7.992188 1.546094
v 3.984375 7.988281 1.546094
v 3.988281 7.990232 1.549478
v 3.986331 7.988281 1.549478
v 3.986413 7.990149 1.548971
v 3.986331 7.991666 1.546094
v 3.988281 7.991666 1.548044
v 3.986413 7.991158 1.547962
v 3.984897 7.988281 1.548044
v 3.984897 7.990232 1.546094
v 3.985404 7.990149 1.547962
v 3.988281 0.000000 -1.546094
v 3.984375 0.003906 -1.546094
v 3.988281 0.003906 -1.550000
v 3.986331 0.000522 -1.546094
v 3.988281 0.000522 -1.548044
v 3.986413 0.001029 -1.547962
v 3.984897 0.003906 -1.548044
v 3.984897 0.001956 -1.546094
v 3.985404 0.002038 -1.547962
v 3.988281 0.001956 -1.549478
v 3.986331 0.003906 -1.549478
v 3.986413 0.002038 -1.548971
v 3.988281 7.992188 -1.546094
v 3.988281 7.988281 -1.550000
v 3.984375 7.988281 -1.546094
v 3.988281 7.991666 -1.548044
v 3.986331 7.991666 -1.546094
v 3.986413 7.991158 -1.547962
v 3.986331 7.988281 -1.549478
v 3.988281 7.990232 -1.549478
v 3.986413 7.990149 -1.548971
v 3.984897 7.990232 -1.546094
v 3.984897 7.988281 -1.548044
v 3.985404 7.990149 -1.547962
v 3.988281 0.000000 1.546094
v 3.992188 0.003906 1.546094
v 3.988281 0.003906 1.550000
v 3.990232 0.000522 1.546094
v 3.988281 0.000522 1.548044
v 3.990149 0.001029 1.547962
v 3.991666 0.003906 1.548044
v 3.991666 0.001956 1.546094
v 3.991159 0.002038 1.547962
v 3.988281 0.001956 1.549478
v 3.990232 0.003906 1.549478
v 3.990149 0.002038 1.548971
v 3.988281 7.992188 1.546094
v 3.988281 7.988281 1.550000
v 3.992188 7.988281 1.546094
v 3.988281 7.991666 1.548044
v 3.990232 7.991666 1.546094
v 3.990149 7.991158 1.547962
v 3.990232 7.988281 1.549478
v 3.988281 7.990232 1.549478
v 3.990149 7.990149 1.548971
v 3.991666 7.990232 1.546094
v 3.991666 7.988281 1.548044
v 3.991159 7.990149 1.547962
v 3.988281 0.000000 -1.546094
v 3.988281 0.003906 -1.550000
v 3.992188 0.003906 -1.546094
v 3.988281 0.000522 -1.548044
v 3.990232 0.000522 -1.546094
v 3.990149 0.001029 -1.547962
v 3.990232 0.003906 -1.549478
v 3.988281 0.001956 -1.549478
v 3.990149 0.002038 -1.548971
v 3.991666 0.001956 -1.546094
v 3.991666 0.003906 -1.548044
v 3.991159 0.002038 -1.547962
v 3.988281 7.992188 -1.546094
v 3.992188 7.988281 -1.546094
v 3.988281 7.988281 -1.550000
v 3.990232 7.991666 -1.546094
v 3.988281 7.991666 -1.548044
v 3.990149 7.991158 -1.547962
v 3.991666 7.988281 -1.548044
v 3.991666 7.990232 -1.546094
v 3.991159 7.990149 -1.547962
v 3.988281 7.990232 -1.549478
v 3.990232 7.988281 -1.549478
v 3.990149 7.990149 -1.548971
vn -0.2566 -0.9318 0.2566
vn -0.2177 -0.6901 0.6902
vn -0.2565 -0.2566 0.9319
vn -0.6901 -0.2178 0.6902
vn -0.9318 -0.2566 0.2566
vn -0.6902 -0.6901 0.2178
vn -0.5777 -0.5771 0.5772
vn -0.2565 0.2566 0.9319
vn -0.2177 0.6901 0.6902
vn -0.2566 0.9318 0.2566
vn -0.6902 0.6901 0.2178
vn -0.9318 0.2566 0.2566
vn -0.6901 0.2178 0.6902
vn -0.5776 0.5772 0.5772
vn -0.2566 -0.9318 -0.2566
vn -0.6902 -0.6901 -0.2178
vn -0.9318 -0.2566 -0.2566
vn -0.6901 -0.2178 -0.6902
vn -0.2565 -0.2566 -0.9319
vn -0.2177 -0.6901 -0.6902
vn -0.5776 -0.5772 -0.5772
vn -0.2566 0.9318 -0.2566
vn -0.2177 0.6901 -0.6902
vn -0.2565 0.2566 -0.9319
vn -0.6901 0.2178 -0.6902
vn -0.9318 0.2566 -0.2566
vn -0.6902 0.6901 -0.2178
vn -0.5777 0.5771 -0.5772
vn 0.2566 -0.9318 0.2566
vn 0.6902 -0.6901 0.2178
vn 0.9318 -0.2566 0.2566
vn 0.6901 -0.2178 0.6902
vn 0.2565 -0.2566 0.9319
vn 0.2177 -0.6901 0.6902
vn 0.5776 -0.5772 0.5772
vn 0.2566 0.9318 0.2566
vn 0.2177 0.6901 0.6902
vn 0.2565 0.2566 0.9319
vn 0.6901 0.2178 0.6902
vn 0.9318 0.2566 0.2566
vn 0.6902 0.6901 0.2178
vn 0.5777 0.5771 0.5772
vn 0.2566 -0.9318 -0.2566
vn 0.2177 -0.6901 -0.6902
vn 0.2565 -0.2566 -0.9319
vn 0.6901 -0.2178 -0.6902
vn 0.9318 -0.2566 -0.2566
vn 0.6902 -0.6901 -0.2178
vn 0.5777 -0.5771 -0.5772
vn 0.2566 0.9318 -0.2566
vn 0.6902 0.6901 -0.2178
vn 0.9318 0.2566 -0.2566
vn 0.6901 0.2178 -0.6902
vn 0.2565 0.2566 -0.9319
vn 0.2177 0.6901 -0.6902
vn 0.5776 0.5772 -0.5772
vn -0.2586 -0.9660 -0.0000
vn -0.7071 -0.7071 -0.0000
vn -0.9660 -0.2585 -0.0000
vn -0.2585 -0.0000 0.9660
vn -0.7071 -0.0000 0.7071
vn -0.9660 -0.0000 0.2585
vn -0.2586 0.9660 -0.0000
vn -0.7071 0.7071 -0.0000
vn -0.9660 0.2585 -0.0000
vn -0.2585 -0.0000 -0.9660
vn -0.7071 -0.0000 -0.7071
vn -0.9660 -0.0000 -0.2585
vn -0.0000 -0.9660 -0.2585
vn -0.0000 -0.7071 -0.7071
vn -0.0000 -0.2585 -0.9660
vn -0.0000 0.9660 -0.2585
vn -0.0000 0.7071 -0.7071
vn -0.0000 0.2585 -0.9660
vn 0.9660 -0.0000 -0.2585
vn 0.7071 -0.0000 -0.7071
vn 0.2585 -0.0000 -0.9660
vn 0.2586 -0.9660 -0.0000
vn 0.7071 -0.7071 -0.0000
vn 0.9660 -0.2585 -0.0000
vn 0.2586 0.9660 -0.0000
vn 0.7071 0.7071 -0.0000
vn 0.9660 0.2585 -0.0000
vn 0.2585 -0.0000 0.9660
vn 0.7071 -0.0000 0.7071
vn 0.9660 -0.0000 0.2585
vn -0.0000 -0.9660 0.2585
vn -0.0000 -0.7071 0.7071
vn -0.0000 -0.2585 0.9660
vn -0.0000 0.9660 0.2585
vn -0.0000 0.7071 0.7071
vn -0.0000 0.2585 0.9660
vn -0.0000 -1.0000 -0.0000
vn -1.0000 -0.0000 -0.0000
vn -0.0000 -0.0000 1.0000
vn -0.0000 1.0000 -0.0000
vn -0.0000 -0.0000 -1.0000
vn 1.0000 -0.0000 -0.0000
vt 0.250000 0.749685
vt 0.250000 0.749842
vt 0.190224 0.749836
vt 0.187582 0.749685
vt 0.250000 0.750000
vt 0.190224 0.750000
vt 0.375122 0.875000
vt 0.375122 1.000000
vt 0.375000 0.934776
vt 0.375000 0.875000
vt 0.375122 0.000000
vt 0.375122 0.000158
vt 0.375000 0.000164
vt 0.375000 0.000000
vt 0.375122 0.000315
vt 0.375000 0.000315
vt 0.125000 0.749685
vt 0.125000 0.749836
vt 0.624878 0.875000
vt 0.624939 0.875000
vt 0.624936 0.934776
vt 0.624878 1.000000
vt 0.625000 0.875000
vt 0.625000 0.934776
vt 0.750000 0.749685
vt 0.875000 0.749685
vt 0.809776 0.750000
vt 0.750000 0.750000
vt 0.625000 0.000315
vt 0.624939 0.000315
vt 0.624936 0.000164
vt 0.625000 0.000000
vt 0.624878 0.000315
vt 0.624878 0.000158
vt 0.624878 0.000000
vt 0.624936 0.000083
vt 0.624936 0.967079
vt 0.250000 0.500315
vt 0.187582 0.500315
vt 0.190224 0.500164
vt 0.250000 0.500158
vt 0.125000 0.500315
vt 0.125000 0.500164
vt 0.375122 0.249685
vt 0.375122 0.249842
vt 0.375000 0.249836
vt 0.375000 0.249685
vt 0.375122 0.312582
vt 0.375000 0.315224
vt 0.375122 0.375000
vt 0.375000 0.375000
vt 0.250000 0.500000
vt 0.190224 0.500000
vt 0.750000 0.500315
vt 0.750000 0.500000
vt 0.809776 0.500000
vt 0.875000 0.500315
vt 0.625000 0.375000
vt 0.624939 0.375000
vt 0.624936 0.315224
vt 0.625000 0.293482
vt 0.624878 0.375000
vt 0.624878 0.312582
vt 0.624878 0.249842
vt 0.624936 0.258107
vt 0.624878 0.249685
vt 0.624939 0.249685
vt 0.625000 0.249685
vt 0.250000 0.749685
vt 0.312418 0.749685
vt 0.309776 0.749836
vt 0.250000 0.749842
vt 0.375061 0.749685
vt 0.366818 0.749836
vt 0.375122 0.749685
vt 0.375122 0.749842
vt 0.375122 0.812582
vt 0.342388 0.782612
vt 0.375122 0.875000
vt 0.312500 0.812500
vt 0.687500 0.812500
vt 0.657612 0.782612
vt 0.687582 0.749685
vt 0.624939 0.875000
vt 0.624936 0.815224
vt 0.624878 0.812582
vt 0.624878 0.749842
vt 0.624936 0.758107
vt 0.624878 0.749685
vt 0.624939 0.749685
vt 0.250000 0.500315
vt 0.250000 0.500158
vt 0.309776 0.500164
vt 0.312418 0.500315
vt 0.312500 0.437500
vt 0.342388 0.467388
vt 0.375122 0.375000
vt 0.375122 0.437418
vt 0.375122 0.500158
vt 0.366818 0.500164
vt 0.375122 0.500315
vt 0.375061 0.500315
vt 0.687582 0.500315
vt 0.657596 0.483817
vt 0.687500 0.437500
vt 0.624939 0.500315
vt 0.624936 0.500164
vt 0.624878 0.500315
vt 0.624878 0.500158
vt 0.624878 0.437418
vt 0.624936 0.451103
vt 0.624878 0.375000
vt 0.624939 0.375000
s 0
usemtl violet_steps
f 865/1030/883 868/1031/883 870/1032/883 869/1033/883
f 868/1031/884 872/1034/884 873/1035/884 870/1032/884
f 866/1036/885 871/1037/885 873/1038/885 872/1039/885
f 871/1040/886 875/1041/886 876/1042/886 873/1043/886
f 867/1044/887 874/1045/887 876/1042/887 875/1041/887
f 874/1046/888 869/1033/888 870/1032/888 876/1047/888
f 870/1032/889 873/1035/889 876/1047/889
f 877/1048/890 880/1049/890 882/1050/890 881/1051/890
f 880/1049/891 884/1052/891 885/1053/891 882/1050/891
f 878/1054/892 883/1055/892 885/1056/892 884/1057/892
f 883/1058/893 887/1059/893 888/1060/893 885/1061/893
f 879/1062/894 886/1063/894 888/1060/894 887/1059/894
f 886/1063/895 881/1064/895 882/1065/895 888/1060/895
f 882/1050/896 885/1053/896 888/1066/896
f 889/1067/897 892/1068/897 894/1069/897 893/1070/897
f 892/1068/898 896/1071/898 897/1072/898 894/1069/898
f 890/1073/899 895/1074/899 897/1075/899 896/1076/899
f 895/1074/900 899/1077/900 900/1078/900 897/1075/900
f 891/1079/901 898/1080/901 900/1078/901 899/1077/901
f 898/1081/902 893/1070/902 894/1069/902 900/1082/902
f 894/1069/903 897/1072/903 900/1082/903
f 901/1083/904 904/1084/904 906/1085/904 905/1086/904
f 904/1087/905 908/1088/905 909/1089/905 906/1090/905
f 902/1091/906 907/1092/906 909/1089/906 908/1088/906
f 907/1092/907 911/1093/907 912/1094/907 909/1089/907
f 903/1095/908 910/1096/908 912/1094/908 911/1093/908
f 910/1096/909 905/1097/909 906/1090/909 912/1094/909
f 906/1090/910 909/1089/910 912/1094/910
f 913/1098/911 916/1099/911 918/1100/911 917/1101/911
f 916/1099/912 920/1102/912 921/1103/912 918/1100/912
f 914/1104/913 919/1105/913 921/1103/913 920/1102/913
f 919/1105/914 923/1106/914 924/1107/914 921/1103/914
f 915/1108/915 922/1109/915 924/1107/915 923/1106/915
f 922/1109/916 917/1101/916 918/1100/916 924/1107/916
f 918/1100/917 921/1103/917 924/1107/917
f 925/1054/918 928/1110/918 930/1111/918 929/1112/918
f 928/1110/919 932/1113/919 933/1114/919 930/1111/919
f 926/1048/920 931/1115/920 933/1114/920 932/1113/920
f 931/1115/921 935/1116/921 936/1117/921 933/1114/921
f 927/1118/922 934/1119/922 936/1117/922 935/1116/922
f 934/1119/923 929/1112/923 930/1111/923 936/1117/923
f 930/1111/924 933/1114/924 936/1117/924
f 937/1120/925 940/1121/925 942/1122/925 941/1123/925
f 940/1121/926 944/1124/926 945/1125/926 942/1122/926
f 938/1126/927 943/1127/927 945/1125/927 944/1124/927
f 943/1127/928 947/1128/928 948/1129/928 945/1125/928
f 939/1130/929 946/1131/929 948/1129/929 947/1128/929
f 946/1131/930 941/1123/930 942/1122/930 948/1129/930
f 942/1122/931 945/1125/931 948/1129/931
f 949/1083/932 952/1132/932 954/1133/932 953/1134/932
f 952/1132/933 956/1135/933 957/1136/933 954/1133/933
f 950/1137/934 955/1138/934 957/1136/934 956/1135/934
f 955/1138/935 959/1139/935 960/1140/935 957/1136/935
f 951/1141/936 958/1142/936 960/1140/936 959/1139/936
f 958/1142/937 953/1134/937 954/1133/937 960/1140/937
f 954/1133/938 957/1136/938 960/1140/938
f 889/1067/939 865/1030/939 869/1033/939 892/1068/939
f 892/1068/940 869/1033/940 874/1046/940 896/1071/940
f 896/1076/941 874/1045/941 867/1044/941 890/1073/941
f 866/1036/942 877/1048/942 881/1051/942 871/1037/942
f 871/1040/943 881/1064/943 886/1063/943 875/1041/943
f 875/1041/944 886/1063/944 879/1062/944 867/1044/944
f 878/1054/945 901/1083/945 905/1086/945 883/1055/945
f 883/1058/946 905/1097/946 910/1096/946 887/1059/946
f 887/1059/947 910/1096/947 903/1095/947 879/1062/947
f 902/1091/948 891/1079/948 899/1077/948 907/1092/948
f 907/1092/949 899/1077/949 895/1074/949 911/1093/949
f 911/1093/950 895/1074/950 890/1073/950 903/1095/950
f 937/1120/951 889/1067/951 893/1070/951 940/1121/951
f 940/1121/952 893/1070/952 898/1081/952 944/1124/952
f 944/1124/953 898/1080/953 891/1079/953 938/1126/953
f 901/1083/954 949/1083/954 953/1134/954 904/1084/954
f 904/1087/955 953/1134/955 958/1142/955 908/1088/955
f 908/1088/956 958/1142/956 951/1141/956 902/1091/956
f 950/1137/957 939/1130/957 947/1128/957 955/1138/957
f 955/1138/958 947/1128/958 943/1127/958 959/1139/958
f 959/1139/959 943/1127/959 938/1126/959 951/1141/959
f 913/1098/960 937/1120/960 941/1123/960 916/1099/960
f 916/1099/961 941/1123/961 946/1131/961 920/1102/961
f 920/1102/962 946/1131/962 939/1130/962 914/1104/962
f 949/1083/963 925/1054/963 929/1112/963 952/1132/963
f 952/1132/964 929/1112/964 934/1119/964 956/1135/964
f 956/1135/965 934/1119/965 927/1118/965 950/1137/965
f 926/1048/966 915/1108/966 923/1106/966 931/1115/966
f 931/1115/967 923/1106/967 919/1105/967 935/1116/967
f 935/1116/968 919/1105/968 914/1104/968 927/1118/968
f 865/1030/969 913/1098/969 917/1101/969 868/1031/969
f 868/1031/970 917/1101/970 922/1109/970 872/1034/970
f 872/1039/971 922/1109/971 915/1108/971 866/1036/971
f 925/1054/972 878/1054/972 884/1057/972 928/1110/972
f 928/1110/973 884/1052/973 880/1049/973 932/1113/973
f 932/1113/974 880/1049/974 877/1048/974 926/1048/974
f 889/1067/975 937/1120/975 913/1098/975 865/1030/975
f 867/1044/976 879/1062/976 903/1095/976 890/1073/976
f 915/1108/977 926/1048/977 877/1048/977 866/1036/977
f 949/1083/978 901/1083/978 878/1054/978 925/1054/978
f 891/1079/979 902/1091/979 951/1141/979 938/1126/979
f 939/1130/980 950/1137/980 927/1118/980 914/1104/980
o step_11
v 3.994141 0.000000 1.548047
v 3.994141 0.001953 1.550000
v 3.992188 0.001953 1.548047
v 3.994141 0.000261 1.549022
v 3.993165 0.000261 1.548047
v 3.993207 0.000515 1.548981
v 3.993165 0.001953 1.549739
v 3.994141 0.000978 1.549739
v 3.993207 0.001019 1.549485
v 3.992448 0.000978 1.548047
v 3.992448 0.001953 1.549022
v 3.992702 0.001019 1.548981
v 3.994141 7.994141 1.550000
v 3.994141 7.996094 1.548047
v 3.992188 7.994141 1.548047
v 3.994141 7.995116 1.549739
v 3.993165 7.994141 1.549739
v 3.993207 7.995075 1.549485
v 3.993165 7.995833 1.548047
v 3.994141 7.995833 1.549022
v 3.993207 7.995579 1.548981
v 3.992448 7.994141 1.549022
v 3.992448 7.995116 1.548047
v 3.992702 7.995075 1.548981
v 3.994141 0.000000 -1.548047
v 3.992188 0.001953 -1.548047
v 3.994141 0.001953 -1.550000
v 3.993165 0.000261 -1.548047
v 3.994141 0.000261 -1.549022
v 3.993207 0.000515 -1.548981
v 3.992448 0.001953 -1.549022
v 3.992448 0.000978 -1.548047
v 3.992702 0.001019 -1.548981
v 3.994141 0.000978 -1.549739
v 3.993165 0.001953 -1.549739
v 3.993207 0.001019 -1.549485
v 3.994141 7.996094 -1.548047
v 3.994141 7.994141 -1.550000
v 3.992188 7.994141 -1.548047
v 3.994141 7.995833 -1.549022
v 3.993165 7.995833 -1.548047
v 3.993207 7.995579 -1.548981
v 3.993165 7.994141 -1.549739
v 3.994141 7.995116 -1.549739
v 3.993207 7.995075 -1.549485
v 3.992448 7.995116 -1.548047
v 3.992448 7.994141 -1.549022
v 3.992702 7.995075 -1.548981
v 3.994141 0.000000 1.548047
v 3.996094 0.001953 1.548047
v 3.994141 0.001953 1.550000
v 3.995116 0.000261 1.548047
v 3.994141 0.000261 1.549022
v 3.995075 0.000515 1.548981
v 3.995833 0.001953 1.549022
v 3.995833 0.000978 1.548047
v 3.995579 0.001019 1.548981
v 3.994141 0.000978 1.549739
v 3.995116 0.001953 1.549739
v 3.995075 0.001019 1.549485
v 3.994141 7.996094 1.548047
v 3.994141 7.994141 1.550000
v 3.996094 7.994141 1.548047
v 3.994141 7.995833 1.549022
v 3.995116 7.995833 1.548047
v 3.995075 7.995579 1.548981
v 3.995116 7.994141 1.549739
v 3.994141 7.995116 1.549739
v 3.995075 7.995075 1.549485
v 3.995833 7.995116 1.548047
v 3.995833 7.994141 1.549022
v 3.995579 7.995075 1.548981
v 3.994141 0.000000 -1.548047
v 3.994141 0.001953 -1.550000
v 3.996094 0.001953 -1.548047
v 3.994141 0.000261 -1.549022
v 3.995116 0.000261 -1.548047
v 3.995075 0.000515 -1.548981
v 3.995116 0.001953 -1.549739
v 3.994141 0.000978 -1.549739
v 3.995075 0.001019 -1.549485
v 3.995833 0.000978 -1.548047
v 3.995833 0.001953 -1.549022
v 3.995579 0.001019 -1.548981
v 3.994141 7.996094 -1.548047
v 3.996094 7.994141 -1.548047
v 3.994141 7.994141 -1.550000
v 3.995116 7.995833 -1.548047
v 3.994141 7.995833 -1.549022
v 3.995075 7.995579 -1.548981
v 3.995833 7.994141 -1.549022
v 3.995833 7.995116 -1.548047
v 3.995579 7.995075 -1.548981
v 3.994141 7.995116 -1.549739
v 3.995116 7.994141 -1.549739
v 3.995075 7.995075 -1.549485
vn -0.2568 -0.9318 0.2567
vn -0.2178 -0.6901 0.6901
vn -0.2566 -0.2567 0.9318
vn -0.6902 -0.2177 0.6901
vn -0.9318 -0.2566 0.2566
vn -0.6901 -0.6902 0.2178
vn -0.5774 -0.5774 0.5772
vn -0.2566 0.2567 0.9318
vn -0.2177 0.6902 0.6901
vn -0.2567 0.9318 0.2567
vn -0.6901 0.6902 0.2178
vn -0.9318 0.2566 0.2566
vn -0.6902 0.2177 0.6901
vn -0.5774 0.5774 0.5772
vn -0.2567 -0.9318 -0.2567
vn -0.6901 -0.6902 -0.2178
vn -0.9319 -0.2565 -0.2566
vn -0.6902 -0.2177 -0.6901
vn -0.2566 -0.2566 -0.9318
vn -0.2177 -0.6902 -0.6901
vn -0.5774 -0.5774 -0.5772
vn -0.2568 0.9318 -0.2567
vn -0.2178 0.6901 -0.6901
vn -0.2566 0.2567 -0.9318
vn -0.6902 0.2177 -0.6901
vn -0.9318 0.2566 -0.2566
vn -0.6901 0.6902 -0.2178
vn -0.5774 0.5774 -0.5772
vn 0.2567 -0.9318 0.2567
vn 0.6901 -0.6902 0.2178
vn 0.9319 -0.2565 0.2566
vn 0.6902 -0.2177 0.6901
vn 0.2566 -0.2566 0.9318
vn 0.2177 -0.6902 0.6901
vn 0.5774 -0.5774 0.5772
vn 0.2568 0.9318 0.2567
vn 0.2178 0.6901 0.6901
vn 0.2566 0.2567 0.9318
vn 0.6902 0.2177 0.6901
vn 0.9318 0.2566 0.2566
vn 0.6901 0.6902 0.2178
vn 0.5774 0.5774 0.5772
vn 0.2568 -0.9318 -0.2567
vn 0.2178 -0.6901 -0.6901
vn 0.2566 -0.2567 -0.9318
vn 0.6902 -0.2177 -0.6901
vn 0.9318 -0.2566 -0.2566
vn 0.6901 -0.6902 -0.2178
vn 0.5774 -0.5774 -0.5772
vn 0.2567 0.9318 -0.2567
vn 0.6901 0.6902 -0.2178
vn 0.9319 0.2565 -0.2566
vn 0.6902 0.2177 -0.6901
vn 0.2566 0.2566 -0.9318
vn 0.2177 0.6902 -0.6901
vn 0.5774 0.5774 -0.5772
vn -0.2587 -0.9660 -0.0000
vn -0.7070 -0.7072 -0.0000
vn -0.9660 -0.2585 -0.0000
vn -0.2586 -0.0000 0.9660
vn -0.7071 -0.0000 0.7071
vn -0.9660 -0.0000 0.2585
vn -0.2587 0.9660 -0.0000
vn -0.7070 0.7072 -0.0000
vn -0.9660 0.2585 -0.0000
vn -0.2586 -0.0000 -0.9660
vn -0.7071 -0.0000 -0.7071
vn -0.9660 -0.0000 -0.2585
vn -0.0000 -0.9660 -0.2584
vn -0.0000 -0.7071 -0.7071
vn -0.0000 -0.2585 -0.9660
vn -0.0000 0.9660 -0.2584
vn -0.0000 0.7071 -0.7071
vn -0.0000 0.2585 -0.9660
vn 0.9660 -0.0000 -0.2585
vn 0.7071 -0.0000 -0.7071
vn 0.2586 -0.0000 -0.9660
vn 0.2587 -0.9660 -0.0000
vn 0.7070 -0.7072 -0.0000
vn 0.9660 -0.2585 -0.0000
vn 0.2587 0.9660 -0.0000
vn 0.7070 0.7072 -0.0000
vn 0.9660 0.2585 -0.0000
vn 0.2586 -0.0000 0.9660
vn 0.7071 -0.0000 0.7071
vn 0.9660 -0.0000 0.2585
vn -0.0000 -0.9660 0.2584
vn -0.0000 -0.7071 0.7071
vn -0.0000 -0.2585 0.9660
vn -0.0000 0.9660 0.2584
vn -0.0000 0.7071 0.7071
vn -0.0000 0.2586 0.9660
vn -0.0000 -1.0000 -0.0000
vn -1.0000 -0.0000 -0.0000
vn -0.0000 -0.0000 1.0000
vn -0.0000 1.0000 -0.0000
vn -0.0000 -0.0000 -1.0000
vn 1.0000 -0.0000 -0.0000
vt 0.250000 0.749843
vt 0.250000 0.749921
vt 0.190224 0.749918
vt 0.187582 0.749843
vt 0.250000 0.750000
vt 0.190224 0.750000
vt 0.375061 0.875000
vt 0.375061 1.000000
vt 0.375000 0.934776
vt 0.375000 0.875000
vt 0.375061 0.000000
vt 0.375061 0.000079
vt 0.375000 0.000082
vt 0.375000 0.000000
vt 0.375061 0.000158
vt 0.375000 0.000158
vt 0.125000 0.749842
vt 0.125000 0.749918
vt 0.624939 0.875000
vt 0.624969 0.875000
vt 0.624968 0.934776
vt 0.624939 1.000000
vt 0.625000 0.875000
vt 0.625000 0.934776
vt 0.750000 0.749843
vt 0.875000 0.749843
vt 0.809776 0.750000
vt 0.750000 0.750000
vt 0.625000 0.000158
vt 0.624969 0.000158
vt 0.624968 0.000082
vt 0.625000 0.000000
vt 0.624939 0.000158
vt 0.624939 0.000079
vt 0.624939 0.000000
vt 0.624968 0.000041
vt 0.624968 0.967079
vt 0.250000 0.500158
vt 0.187582 0.500158
vt 0.190224 0.500082
vt 0.250000 0.500079
vt 0.125000 0.500158
vt 0.125000 0.500082
vt 0.375061 0.249842
vt 0.375061 0.249921
vt 0.375000 0.249918
vt 0.375000 0.249842
vt 0.375061 0.312582
vt 0.375000 0.315224
vt 0.375061 0.375000
vt 0.375000 0.375000
vt 0.250000 0.500000
vt 0.190224 0.500000
vt 0.750000 0.500158
vt 0.750000 0.500000
vt 0.809776 0.500000
vt 0.875000 0.500158
vt 0.625000 0.375000
vt 0.624969 0.375000
vt 0.624968 0.315224
vt 0.625000 0.293482
vt 0.624939 0.375000
vt 0.624939 0.312582
vt 0.624939 0.249921
vt 0.624968 0.258169
vt 0.624939 0.249842
vt 0.624969 0.249842
vt 0.625000 0.249842
vt 0.250000 0.749843
vt 0.312418 0.749842
vt 0.309776 0.749918
vt 0.250000 0.749921
vt 0.375031 0.749842
vt 0.366794 0.749918
vt 0.375061 0.749842
vt 0.375061 0.749921
vt 0.375061 0.812582
vt 0.342388 0.782612
vt 0.312500 0.812500
vt 0.687500 0.812500
vt 0.657612 0.782612
vt 0.687582 0.749843
vt 0.624969 0.875000
vt 0.624968 0.815224
vt 0.624939 0.875000
vt 0.624939 0.812582
vt 0.624939 0.749921
vt 0.624968 0.758169
vt 0.624939 0.749842
vt 0.624969 0.749842
vt 0.250000 0.500158
vt 0.250000 0.500079
vt 0.309776 0.500082
vt 0.312418 0.500158
vt 0.312500 0.437500
vt 0.342388 0.467388
vt 0.375061 0.375000
vt 0.375061 0.437418
vt 0.375061 0.500079
vt 0.366794 0.500082
vt 0.375061 0.500157
vt 0.375031 0.500157
vt 0.687582 0.500158
vt 0.657604 0.483756
vt 0.687500 0.437500
vt 0.624969 0.500157
vt 0.624968 0.500082
vt 0.624939 0.500157
vt 0.624939 0.500079
vt 0.624939 0.437418
vt 0.624968 0.451093
vt 0.624939 0.375000
vt 0.624969 0.375000
s 0
usemtl cyan_steps
f 961/1143/981 964/1144/981 966/1145/981 965/1146/981
f 964/1144/982 968/1147/982 969/1148/982 966/1145/982
f 962/1149/983 967/1150/983 969/1151/983 968/1152/983
f 967/1153/984 971/1154/984 972/1155/984 969/1156/984
f 963/1157/985 970/1158/985 972/1155/985 971/1154/985
f 970/1159/986 965/1146/986 966/1145/986 972/1160/986
f 966/1145/987 969/1148/987 972/1160/987
f 973/1161/988 976/1162/988 978/1163/988 977/1164/988
f 976/1162/989 980/1165/989 981/1166/989 978/1163/989
f 974/1167/990 979/1168/990 981/1169/990 980/1170/990
f 979/1171/991 983/1172/991 984/1173/991 981/1174/991
f 975/1175/992 982/1176/992 984/1173/992 983/1172/992
f 982/1176/993 977/1177/993 978/1178/993 984/1173/993
f 978/1163/994 981/1166/994 984/1179/994
f 985/1180/995 988/1181/995 990/1182/995 989/1183/995
f 988/1181/996 992/1184/996 993/1185/996 990/1182/996
f 986/1186/997 991/1187/997 993/1188/997 992/1189/997
f 991/1187/998 995/1190/998 996/1191/998 993/1188/998
f 987/1192/999 994/1193/999 996/1191/999 995/1190/999
f 994/1194/1000 989/1183/1000 990/1182/1000 996/1195/1000
f 990/1182/1001 993/1185/1001 996/1195/1001
f 997/1196/1002 1000/1197/1002 1002/1198/1002 1001/1199/1002
f 1000/1200/1003 1004/1201/1003 1005/1202/1003 1002/1203/1003
f 998/1204/1004 1003/1205/1004 1005/1202/1004 1004/1201/1004
f 1003/1205/1005 1007/1206/1005 1008/1207/1005 1005/1202/1005
f 999/1208/1006 1006/1209/1006 1008/1207/1006 1007/1206/1006
f 1006/1209/1007 1001/1210/1007 1002/1203/1007 1008/1207/1007
f 1002/1203/1008 1005/1202/1008 1008/1207/1008
f 1009/1211/1009 1012/1212/1009 1014/1213/1009 1013/1214/1009
f 1012/1212/1010 1016/1215/1010 1017/1216/1010 1014/1213/1010
f 1010/1217/1011 1015/1218/1011 1017/1216/1011 1016/1215/1011
f 1015/1218/1012 1019/1219/1012 1020/1220/1012 1017/1216/1012
f 1011/1149/1013 1018/1221/1013 1020/1220/1013 1019/1219/1013
f 1018/1221/1014 1013/1214/1014 1014/1213/1014 1020/1220/1014
f 1014/1213/1015 1017/1216/1015 1020/1220/1015
f 1021/1167/1016 1024/1222/1016 1026/1223/1016 1025/1224/1016
f 1024/1222/1017 1028/1225/1017 1029/1226/1017 1026/1223/1017
f 1022/1227/1018 1027/1228/1018 1029/1226/1018 1028/1225/1018
f 1027/1228/1019 1031/1229/1019 1032/1230/1019 1029/1226/1019
f 1023/1231/1020 1030/1232/1020 1032/1230/1020 1031/1229/1020
f 1030/1232/1021 1025/1224/1021 1026/1223/1021 1032/1230/1021
f 1026/1223/1022 1029/1226/1022 1032/1230/1022
f 1033/1233/1023 1036/1234/1023 1038/1235/1023 1037/1236/1023
f 1036/1234/1024 1040/1237/1024 1041/1238/1024 1038/1235/1024
f 1034/1239/1025 1039/1240/1025 1041/1238/1025 1040/1237/1025
f 1039/1240/1026 1043/1241/1026 1044/1242/1026 1041/1238/1026
f 1035/1243/1027 1042/1244/1027 1044/1242/1027 1043/1241/1027
f 1042/1244/1028 1037/1236/1028 1038/1235/1028 1044/1242/1028
f 1038/1235/1029 1041/1238/1029 1044/1242/1029
f 1045/1196/1030 1048/1245/1030 1050/1246/1030 1049/1247/1030
f 1048/1245/1031 1052/1248/1031 1053/1249/1031 1050/1246/1031
f 1046/1250/1032 1051/1251/1032 1053/1249/1032 1052/1248/1032
f 1051/1251/1033 1055/1252/1033 1056/1253/1033 1053/1249/1033
f 1047/1254/1034 1054/1255/1034 1056/1253/1034 1055/1252/1034
f 1054/1255/1035 1049/1247/1035 1050/1246/1035 1056/1253/1035
f 1050/1246/1036 1053/1249/1036 1056/1253/1036
f 985/1180/1037 961/1143/1037 965/1146/1037 988/1181/1037
f 988/1181/1038 965/1146/1038 970/1159/1038 992/1184/1038
f 992/1189/1039 970/1158/1039 963/1157/1039 986/1186/1039
f 962/1149/1040 973/1161/1040 977/1164/1040 967/1150/1040
f 967/1153/1041 977/1177/1041 982/1176/1041 971/1154/1041
f 971/1154/1042 982/1176/1042 975/1175/1042 963/1157/1042
f 974/1167/1043 997/1196/1043 1001/1199/1043 979/1168/1043
f 979/1171/1044 1001/1210/1044 1006/1209/1044 983/1172/1044
f 983/1172/1045 1006/1209/1045 999/1208/1045 975/1175/1045
f 998/1204/1046 987/1192/1046 995/1190/1046 1003/1205/1046
f 1003/1205/1047 995/1190/1047 991/1187/1047 1007/1206/1047
f 1007/1206/1048 991/1187/1048 986/1186/1048 999/1208/1048
f 1033/1233/1049 985/1180/1049 989/1183/1049 1036/1234/1049
f 1036/1234/1050 989/1183/1050 994/1194/1050 1040/1237/1050
f 1040/1237/1051 994/1193/1051 987/1192/1051 1034/1239/1051
f 997/1196/1052 1045/1196/1052 1049/1247/1052 1000/1197/1052
f 1000/1200/1053 1049/1247/1053 1054/1255/1053 1004/1201/1053
f 1004/1201/1054 1054/1255/1054 1047/1254/1054 998/1204/1054
f 1046/1250/1055 1035/1243/1055 1043/1241/1055 1051/1251/1055
f 1051/1251/1056 1043/1241/1056 1039/1240/1056 1055/1252/1056
f 1055/1252/1057 1039/1240/1057 1034/1239/1057 1047/1254/1057
f 1009/1211/1058 1033/1233/1058 1037/1236/1058 1012/1212/1058
f 1012/1212/1059 1037/1236/1059 1042/1244/1059 1016/1215/1059
f 1016/1215/1060 1042/1244/1060 1035/1243/1060 1010/1217/1060
f 1045/1196/1061 1021/1167/1061 1025/1224/1061 1048/1245/1061
f 1048/1245/1062 1025/1224/1062 1030/1232/1062 1052/1248/1062
f 1052/1248/1063 1030/1232/1063 1023/1231/1063 1046/1250/1063
f 1022/1227/1064 1011/1149/1064 1019/1219/1064 1027/1228/1064
f 1027/1228/1065 1019/1219/1065 1015/1218/1065 1031/1229/1065
f 1031/1229/1066 1015/1218/1066 1010/1217/1066 1023/1231/1066
f 961/1143/1067 1009/1211/1067 1013/1214/1067 964/1144/1067
f 964/1144/1068 1013/1214/1068 1018/1221/1068 968/1147/1068
f 968/1152/1069 1018/1221/1069 1011/1149/1069 962/1149/1069
f 1021/1167/1070 974/1167/1070 980/1170/1070 1024/1222/1070
f 1024/1222/1071 980/1165/1071 976/1162/1071 1028/1225/1071
f 1028/1225/1072 976/1162/1072 973/1161/1072 1022/1227/1072
f 985/1180/1073 1033/1233/1073 1009/1211/1073 961/1143/1073
f 963/1157/1074 975/1175/1074 999/1208/1074 986/1186/1074
f 1011/1149/1075 1022/1227/1075 973/1161/1075 962/1149/1075
f 1045/1196/1076 997/1196/1076 974/1167/1076 1021/1167/1076
f 987/1192/1077 998/1204/1077 1047/1254/1077 1034/1239/1077
f 1035/1243/1078 1046/1250/1078 1023/1231/1078 1010/1217/1078
o step_12
v 3.997070 0.000000 1.549023
v 3.997070 0.000977 1.550000
v 3.996094 0.000977 1.549023
v 3.997070 0.000130 1.549511
v 3.996583 0.000130 1.549023
v 3.996603 0.000257 1.549490
v 3.996583 0.000977 1.549869
v 3.997070 0.000489 1.549869
v 3.996603 0.000510 1.549743
v 3.996224 0.000489 1.549023
v 3.996224 0.000977 1.549511
v 3.996351 0.000510 1.549490
v 3.997070 7.997070 1.550000
v 3.997070 7.998047 1.549023
v 3.996094 7.997070 1.549023
v 3.997070 7.997558 1.549869
v 3.996583 7.997070 1.549869
v 3.996603 7.997538 1.549743
v 3.996583 7.997916 1.549023
v 3.997070 7.997916 1.549511
v 3.996603 7.997789 1.549490
v 3.996224 7.997070 1.549511
v 3.996224 7.997558 1.549023
v 3.996351 7.997538 1.549490
v 3.997070 0.000000 -1.549023
v 3.996094 0.000977 -1.549023
v 3.997070 0.000977 -1.550000
v 3.996583 0.000130 -1.549023
v 3.997070 0.000130 -1.549511
v 3.996603 0.000257 -1.549490
v 3.996224 0.000977 -1.549511
v 3.996224 0.000489 -1.549023
v 3.996351 0.000510 -1.549490
v 3.997070 0.000489 -1.549869
v 3.996583 0.000977 -1.549869
v 3.996603 0.000510 -1.549743
v 3.997070 7.998047 -1.549023
v 3.997070 7.997070 -1.550000
v 3.996094 7.997070 -1.549023
v 3.997070 7.997916 -1.549511
v 3.996583 7.997916 -1.549023
v 3.996603 7.997789 -1.549490
v 3.996583 7.997070 -1.549869
v 3.997070 7.997558 -1.549869
v 3.996603 7.997538 -1.549743
v 3.996224 7.997558 -1.549023
v 3.996224 7.997070 -1.549511
v 3.996351 7.997538 -1.549490
v 3.997070 0.000000 1.549023
v 3.998047 0.000977 1.549023
v 3.997070 0.000977 1.550000
v 3.997558 0.000130 1.549023
v 3.997070 0.000130 1.549511
v 3.997537 0.000257 1.549490
v 3.997916 0.000977 1.549511
v 3.997916 0.000489 1.549023
v 3.997790 0.000510 1.549490
v 3.997070 0.000489 1.549869
v 3.997558 0.000977 1.549869
v 3.997537 0.000510 1.549743
v 3.997070 7.998047 1.549023
v 3.997070 7.997070 1.550000
v 3.998047 7.997070 1.549023
v 3.997070 7.997916 1.549511
v 3.997558 7.997916 1.549023
v 3.997537 7.997789 1.549490
v 3.997558 7.997070 1.549869
v 3.997070 7.997558 1.549869
v 3.997537 7.997538 1.549743
v 3.997916 7.997558 1.549023
v 3.997916 7.997070 1.549511
v 3.997790 7.997538 1.549490
v 3.997070 0.000000 -1.549023
v 3.997070 0.000977 -1.550000
v 3.998047 0.000977 -1.549023
v 3.997070 0.000130 -1.549511
v 3.997558 0.000130 -1.549023
v 3.997537 0.000257 -1.549490
v 3.997558 0.000977 -1.549869
v 3.997070 0.000489 -1.549869
v 3.997537 0.000510 -1.549743
v 3.997916 0.000489 -1.549023
v 3.997916 0.000977 -1.549511
v 3.997790 0.000510 -1.549490
v 3.997070 7.998047 -1.549023
v 3.998047 7.997070 -1.549023
v 3.997070 7.997070 -1.550000
v 3.997558 7.997916 -1.549023
v 3.997070 7.997916 -1.549511
v 3.997537 7.997789 -1.549490
v 3.997916 7.997070 -1.549511
v 3.997916 7.997558 -1.549023
v 3.997790 7.997538 -1.549490
v 3.997070 7.997558 -1.549869
v 3.997558 7.997070 -1.549869
v 3.997537 7.997538 -1.549743
vn -0.2563 -0.9319 0.2567
vn -0.2180 -0.6900 0.6902
vn -0.2565 -0.2565 0.9319
vn -0.6900 -0.2180 0.6902
vn -0.9319 -0.2566 0.2565
vn -0.6901 -0.6902 0.2178
vn -0.5769 -0.5774 0.5778
vn -0.2565 0.2568 0.9318
vn -0.2180 0.6900 0.6902
vn -0.2565 0.9318 0.2567
vn -0.6901 0.6902 0.2178
vn -0.9318 0.2566 0.2566
vn -0.6903 0.2178 0.6899
vn -0.5767 0.5778 0.5776
vn -0.2565 -0.9318 -0.2567
vn -0.6901 -0.6902 -0.2178
vn -0.9318 -0.2567 -0.2566
vn -0.6903 -0.2178 -0.6899
vn -0.2565 -0.2566 -0.9319
vn -0.2180 -0.6901 -0.6902
vn -0.5767 -0.5778 -0.5776
vn -0.2563 0.9319 -0.2567
vn -0.2180 0.6900 -0.6902
vn -0.2565 0.2565 -0.9319
vn -0.6900 0.2180 -0.6902
vn -0.9319 0.2566 -0.2565
vn -0.6901 0.6902 -0.2178
vn -0.5769 0.5774 -0.5778
vn 0.2565 -0.9318 0.2567
vn 0.6901 -0.6902 0.2178
vn 0.9318 -0.2567 0.2566
vn 0.6903 -0.2178 0.6899
vn 0.2565 -0.2566 0.9319
vn 0.2180 -0.6901 0.6902
vn 0.5767 -0.5778 0.5776
vn 0.2563 0.9319 0.2567
vn 0.2180 0.6900 0.6902
vn 0.2565 0.2565 0.9319
vn 0.6900 0.2180 0.6902
vn 0.9319 0.2566 0.2565
vn 0.6901 0.6902 0.2178
vn 0.5769 0.5774 0.5778
vn 0.2563 -0.9319 -0.2567
vn 0.2180 -0.6900 -0.6902
vn 0.2565 -0.2565 -0.9319
vn 0.6900 -0.2180 -0.6902
vn 0.9319 -0.2566 -0.2565
vn 0.6901 -0.6902 -0.2178
vn 0.5769 -0.5774 -0.5778
vn 0.2565 0.9318 -0.2567
vn 0.6901 0.6902 -0.2178
vn 0.9318 0.2567 -0.2566
vn 0.6903 0.2178 -0.6899
vn 0.2565 0.2566 -0.9319
vn 0.2180 0.6900 -0.6902
vn 0.5767 0.5778 -0.5776
vn -0.2591 -0.9658 -0.0000
vn -0.7073 -0.7069 -0.0000
vn -0.9660 -0.2586 -0.0000
vn -0.2586 -0.0000 0.9660
vn -0.7071 -0.0000 0.7071
vn -0.9660 -0.0000 0.2585
vn -0.2591 0.9658 -0.0000
vn -0.7073 0.7069 -0.0000
vn -0.9660 0.2586 -0.0000
vn -0.2586 -0.0000 -0.9660
vn -0.7071 -0.0000 -0.7071
vn -0.9660 -0.0000 -0.2585
vn -0.0000 -0.9660 -0.2584
vn -0.0000 -0.7069 -0.7073
vn -0.0000 -0.2586 -0.9660
vn -0.0000 0.9660 -0.2584
vn -0.0000 0.7069 -0.7073
vn -0.0000 0.2586 -0.9660
vn 0.9660 -0.0000 -0.2585
vn 0.7071 -0.0000 -0.7071
vn 0.2586 -0.0000 -0.9660
vn 0.2591 -0.9658 -0.0000
vn 0.7073 -0.7069 -0.0000
vn 0.9660 -0.2586 -0.0000
vn 0.2591 0.9658 -0.0000
vn 0.7073 0.7069 -0.0000
vn 0.9660 0.2586 -0.0000
vn 0.2586 -0.0000 0.9660
vn 0.7071 -0.0000 0.7071
vn 0.9660 -0.0000 0.2585
vn -0.0000 -0.9660 0.2584
vn -0.0000 -0.7069 0.7073
vn -0.0000 -0.2586 0.9660
vn -0.0000 0.9660 0.2584
vn -0.0000 0.7070 0.7072
vn -0.0000 0.2586 0.9660
vn -0.0000 -1.0000 -0.0000
vn -1.0000 -0.0000 -0.0000
vn -0.0000 -0.0000 1.0000
vn -0.0000 1.0000 -0.0000
vn -0.0000 -0.0000 -1.0000
vn 1.0000 -0.0000 -0.0000
vt 0.250000 0.749921
vt 0.250000 0.749961
vt 0.190224 0.749959
vt 0.187582 0.749921
vt 0.250000 0.750000
vt 0.190224 0.750000
vt 0.375031 0.875000
vt 0.375031 1.000000
vt 0.375000 0.934776
vt 0.375000 0.875000
vt 0.375031 0.000000
vt 0.375031 0.000039
vt 0.375000 0.000041
vt 0.375000 0.000000
vt 0.375031 0.000079
vt 0.375000 0.000079
vt 0.125000 0.749921
vt 0.125000 0.749959
vt 0.624969 0.875000
vt 0.624985 0.875000
vt 0.624984 0.934776
vt 0.624969 1.000000
vt 0.625000 0.875000
vt 0.625000 0.934776
vt 0.750000 0.749921
vt 0.875000 0.749921
vt 0.809776 0.750000
vt 0.750000 0.750000
vt 0.625000 0.000079
vt 0.624985 0.000079
vt 0.624984 0.000041
vt 0.625000 0.000000
vt 0.624969 0.000079
vt 0.624969 0.000039
vt 0.624969 0.000000
vt 0.624984 0.000021
vt 0.624984 0.967079
vt 0.250000 0.500079
vt 0.187582 0.500079
vt 0.190224 0.500041
vt 0.250000 0.500039
vt 0.125000 0.500079
vt 0.125000 0.500041
vt 0.375031 0.249921
vt 0.375031 0.249961
vt 0.375000 0.249959
vt 0.375000 0.249921
vt 0.375031 0.312582
vt 0.375000 0.315224
vt 0.375031 0.375000
vt 0.375000 0.375000
vt 0.250000 0.500000
vt 0.190224 0.500000
vt 0.750000 0.500079
vt 0.750000 0.500000
vt 0.809776 0.500000
vt 0.875000 0.500079
vt 0.625000 0.375000
vt 0.624985 0.375000
vt 0.624984 0.315224
vt 0.625000 0.293482
vt 0.624969 0.375000
vt 0.624969 0.312582
vt 0.624969 0.249961
vt 0.624984 0.258199
vt 0.624969 0.249921
vt 0.624985 0.249921
vt 0.625000 0.249921
vt 0.250000 0.749921
vt 0.312418 0.749921
vt 0.309776 0.749959
vt 0.250000 0.749961
vt 0.375015 0.749921
vt 0.366782 0.749959
vt 0.375031 0.749921
vt 0.375031 0.749961
vt 0.375031 0.812582
vt 0.342388 0.782612
vt 0.312500 0.812500
vt 0.687500 0.812500
vt 0.657612 0.782612
vt 0.687582 0.749921
vt 0.624985 0.875000
vt 0.624984 0.815224
vt 0.624969 0.875000
vt 0.624969 0.812582
vt 0.624969 0.749960
vt 0.624984 0.758199
vt 0.624969 0.749921
vt 0.624985 0.749921
vt 0.250000 0.500079
vt 0.250000 0.500039
vt 0.309776 0.500041
vt 0.312418 0.500079
vt 0.312500 0.437500
vt 0.342388 0.467388
vt 0.375031 0.375000
vt 0.375031 0.437418
vt 0.375031 0.500039
vt 0.366782 0.500041
vt 0.375031 0.500079
vt 0.375015 0.500079
vt 0.687582 0.500079
vt 0.657608 0.483725
vt 0.687500 0.437500
vt 0.624985 0.500079
vt 0.624984 0.500041
vt 0.624969 0.500079
vt 0.624969 0.500039
vt 0.624969 0.437418
vt 0.624984 0.451088
vt 0.624969 0.375000
vt 0.624985 0.375000
s 0
usemtl violet_steps
f 1057/1256/1079 1060/1257/1079 1062/1258/1079 1061/1259/1079
f 1060/1257/1080 1064/1260/1080 1065/1261/1080 1062/1258/1080
f 1058/1262/1081 1063/1263/1081 1065/1264/1081 1064/1265/1081
f 1063/1266/1082 1067/1267/1082 1068/1268/1082 1065/1269/1082
f 1059/1270/1083 1066/1271/1083 1068/1268/1083 1067/1267/1083
f 1066/1272/1084 1061/1259/1084 1062/1258/1084 1068/1273/1084
f 1062/1258/1085 1065/1261/1085 1068/1273/1085
f 1069/1274/1086 1072/1275/1086 1074/1276/1086 1073/1277/1086
f 1072/1275/1087 1076/1278/1087 1077/1279/1087 1074/1276/1087
f 1070/1280/1088 1075/1281/1088 1077/1282/1088 1076/1283/1088
f 1075/1284/1089 1079/1285/1089 1080/1286/1089 1077/1287/1089
f 1071/1288/1090 1078/1289/1090 1080/1286/1090 1079/1285/1090
f 1078/1289/1091 1073/1290/1091 1074/1291/1091 1080/1286/1091
f 1074/1276/1092 1077/1279/1092 1080/1292/1092
f 1081/1293/1093 1084/1294/1093 1086/1295/1093 1085/1296/1093
f 1084/1294/1094 1088/1297/1094 1089/1298/1094 1086/1295/1094
f 1082/1299/1095 1087/1300/1095 1089/1301/1095 1088/1302/1095
f 1087/1300/1096 1091/1303/1096 1092/1304/1096 1089/1301/1096
f 1083/1305/1097 1090/1306/1097 1092/1304/1097 1091/1303/1097
f 1090/1307/1098 1085/1296/1098 1086/1295/1098 1092/1308/1098
f 1086/1295/1099 1089/1298/1099 1092/1308/1099
f 1093/1309/1100 1096/1310/1100 1098/1311/1100 1097/1312/1100
f 1096/1313/1101 1100/1314/1101 1101/1315/1101 1098/1316/1101
f 1094/1317/1102 1099/1318/1102 1101/1315/1102 1100/1314/1102
f 1099/1318/1103 1103/1319/1103 1104/1320/1103 1101/1315/1103
f 1095/1321/1104 1102/1322/1104 1104/1320/1104 1103/1319/1104
f 1102/1322/1105 1097/1323/1105 1098/1316/1105 1104/1320/1105
f 1098/1316/1106 1101/1315/1106 1104/1320/1106
f 1105/1324/1107 1108/1325/1107 1110/1326/1107 1109/1327/1107
f 1108/1325/1108 1112/1328/1108 1113/1329/1108 1110/1326/1108
f 1106/1330/1109 1111/1331/1109 1113/1329/1109 1112/1328/1109
f 1111/1331/1110 1115/1332/1110 1116/1333/1110 1113/1329/1110
f 1107/1262/1111 1114/1334/1111 1116/1333/1111 1115/1332/1111
f 1114/1334/1112 1109/1327/1112 1110/1326/1112 1116/1333/1112
f 1110/1326/1113 1113/1329/1113 1116/1333/1113
f 1117/1280/1114 1120/1335/1114 1122/1336/1114 1121/1337/1114
f 1120/1335/1115 1124/1338/1115 1125/1339/1115 1122/1336/1115
f 1118/1340/1116 1123/1341/1116 1125/1339/1116 1124/1338/1116
f 1123/1341/1117 1127/1342/1117 1128/1343/1117 1125/1339/1117
f 1119/1344/1118 1126/1345/1118 1128/1343/1118 1127/1342/1118
f 1126/1345/1119 1121/1337/1119 1122/1336/1119 1128/1343/1119
f 1122/1336/1120 1125/1339/1120 1128/1343/1120
f 1129/1346/1121 1132/1347/1121 1134/1348/1121 1133/1349/1121
f 1132/1347/1122 1136/1350/1122 1137/1351/1122 1134/1348/1122
f 1130/1352/1123 1135/1353/1123 1137/1351/1123 1136/1350/1123
f 1135/1353/1124 1139/1354/1124 1140/1355/1124 1137/1351/1124
f 1131/1356/1125 1138/1357/1125 1140/1355/1125 1139/1354/1125
f 1138/1357/1126 1133/1349/1126 1134/1348/1126 1140/1355/1126
f 1134/1348/1127 1137/1351/1127 1140/1355/1127
f 1141/1309/1128 1144/1358/1128 1146/1359/1128 1145/1360/1128
f 1144/1358/1129 1148/1361/1129 1149/1362/1129 1146/1359/1129
f 1142/1363/1130 1147/1364/1130 1149/1362/1130 1148/1361/1130
f 1147/1364/1131 1151/1365/1131 1152/1366/1131 1149/1362/1131
f 1143/1367/1132 1150/1368/1132 1152/1366/1132 1151/1365/1132
f 1150/1368/1133 1145/1360/1133 1146/1359/1133 1152/1366/1133
f 1146/1359/1134 1149/1362/1134 1152/1366/1134
f 1081/1293/1135 1057/1256/1135 1061/1259/1135 1084/1294/1135
f 1084/1294/1136 1061/1259/1136 1066/1272/1136 1088/1297/1136
f 1088/1302/1137 1066/1271/1137 1059/1270/1137 1082/1299/1137
f 1058/1262/1138 1069/1274/1138 1073/1277/1138 1063/1263/1138
f 1063/1266/1139 1073/1290/1139 1078/1289/1139 1067/1267/1139
f 1067/1267/1140 1078/1289/1140 1071/1288/1140 1059/1270/1140
f 1070/1280/1141 1093/1309/1141 1097/1312/1141 1075/1281/1141
f 1075/1284/1142 1097/1323/1142 1102/1322/1142 1079/1285/1142
f 1079/1285/1143 1102/1322/1143 1095/1321/1143 1071/1288/1143
f 1094/1317/1144 1083/1305/1144 1091/1303/1144 1099/1318/1144
f 1099/1318/1145 1091/1303/1145 1087/1300/1145 1103/1319/1145
f 1103/1319/1146 1087/1300/1146 1082/1299/1146 1095/1321/1146
f 1129/1346/1147 1081/1293/1147 1085/1296/1147 1132/1347/1147
f 1132/1347/1148 1085/1296/1148 1090/1307/1148 1136/1350/1148
f 1136/1350/1149 1090/1306/1149 1083/1305/1149 1130/1352/1149
f 1093/1309/1150 1141/1309/1150 1145/1360/1150 1096/1310/1150
f 1096/1313/1151 1145/1360/1151 1150/1368/1151 1100/1314/1151
f 1100/1314/1152 1150/1368/1152 1143/1367/1152 1094/1317/1152
f 1142/1363/1153 1131/1356/1153 1139/1354/1153 1147/1364/1153
f 1147/1364/1154 1139/1354/1154 1135/1353/1154 1151/1365/1154
f 1151/1365/1155 1135/1353/1155 1130/1352/1155 1143/1367/1155
f 1105/1324/1156 1129/1346/1156 1133/1349/1156 1108/1325/1156
f 1108/1325/1157 1133/1349/1157 1138/1357/1157 1112/1328/1157
f 1112/1328/1158 1138/1357/1158 1131/1356/1158 1106/1330/1158
f 1141/1309/1159 1117/1280/1159 1121/1337/1159 1144/1358/1159
f 1144/1358/1160 1121/1337/1160 1126/1345/1160 1148/1361/1160
f 1148/1361/1161 1126/1345/1161 1119/1344/1161 1142/1363/1161
f 1118/1340/1162 1107/1262/1162 1115/1332/1162 1123/1341/1162
f 1123/1341/1163 1115/1332/1163 1111/1331/1163 1127/1342/1163
f 1127/1342/1164 1111/1331/1164 1106/1330/1164 1119/1344/1164
f 1057/1256/1165 1105/1324/1165 1109/1327/1165 1060/1257/1165
f 1060/1257/1166 1109/1327/1166 1114/1334/1166 1064/1260/1166
f 1064/1265/1167 1114/1334/1167 1107/1262/1167 1058/1262/1167
f 1117/1280/1168 1070/1280/1168 1076/1283/1168 1120/1335/1168
f 1120/1335/1169 1076/1278/1169 1072/1275/1169 1124/1338/1169
f 1124/1338/1170 1072/1275/1170 1069/1274/1170 1118/1340/1170
f 1081/1293/1171 1129/1346/1171 1105/1324/1171 1057/1256/1171
f 1059/1270/1172 1071/1288/1172 1095/1321/1172 1082/1299/1172
f 1107/1262/1173 1118/1340/1173 1069/1274/1173 1058/1262/1173
f 1141/1309/1174 1093/1309/1174 1070/1280/1174 1117/1280/1174
f 1083/1305/1175 1094/1317/1175 1143/1367/1175 1130/1352/1175
f 1131/1356/1176 1142/1363/1176 1119/1344/1176 1106/1330/1176
o limit_cap
v 3.995000 3.975000 1.610000
v 3.995000 3.995000 1.630000
v 3.975000 3.995000 1.610000
v 3.995000 3.977672 1.619987
v 3.985013 3.977672 1.610000
v 3.985436 3.980268 1.619564
v 3.985013 3.995000 1.627328
v 3.995000 3.985013 1.627328
v 3.985436 3.985436 1.624732
v 3.977672 3.985013 1.610000
v 3.977672 3.995000 1.619987
v 3.980268 3.985436 1.619564
v 3.995000 4.065000 1.630000
v 3.995000 4.085000 1.610000
v 3.975000 4.065000 1.610000
v 3.995000 4.074987 1.627328
v 3.985013 4.065000 1.627328
v 3.985436 4.074564 1.624732
v 3.985013 4.082328 1.610000
v 3.995000 4.082328 1.619987
v 3.985436 4.079733 1.619564
v 3.977672 4.065000 1.619987
v 3.977672 4.074987 1.610000
v 3.980268 4.074564 1.619564
v 3.995000 3.975000 -1.610000
v 3.975000 3.995000 -1.610000
v 3.995000 3.995000 -1.630000
v 3.985013 3.977672 -1.610000
v 3.995000 3.977672 -1.619987
v 3.985436 3.980268 -1.619564
v 3.977672 3.995000 -1.619987
v 3.977672 3.985013 -1.610000
v 3.980268 3.985436 -1.619564
v 3.995000 3.985013 -1.627328
v 3.985013 3.995000 -1.627328
v 3.985436 3.985436 -1.624732
v 3.995000 4.085000 -1.610000
v 3.995000 4.065000 -1.630000
v 3.975000 4.065000 -1.610000
v 3.995000 4.082328 -1.619987
v 3.985013 4.082328 -1.610000
v 3.985436 4.079733 -1.619564
v 3.985013 4.065000 -1.627328
v 3.995000 4.074987 -1.627328
v 3.985436 4.074564 -1.624732
v 3.977672 4.074987 -1.610000
v 3.977672 4.065000 -1.619987
v 3.980268 4.074564 -1.619564
v 4.065000 3.975000 1.610000
v 4.085000 3.995000 1.610000
v 4.065000 3.995000 1.630000
v 4.074987 3.977672 1.610000
v 4.065000 3.977672 1.619987
v 4.074564 3.980268 1.619564
v 4.082328 3.995000 1.619987
v 4.082328 3.985013 1.610000
v 4.079733 3.985436 1.619564
v 4.065000 3.985013 1.627328
v 4.074987 3.995000 1.627328
v 4.074564 3.985436 1.624732
v 4.065000 4.085000 1.610000
v 4.065000 4.065000 1.630000
v 4.085000 4.065000 1.610000
v 4.065000 4.082328 1.619987
v 4.074987 4.082328 1.610000
v 4.074564 4.079733 1.619564
v 4.074987 4.065000 1.627328
v 4.065000 4.074987 1.627328
v 4.074564 4.074564 1.624732
v 4.082328 4.074987 1.610000
v 4.082328 4.065000 1.619987
v 4.079733 4.074564 1.619564
v 4.065000 3.975000 -1.610000
v 4.065000 3.995000 -1.630000
v 4.085000 3.995000 -1.610000
v 4.065000 3.977672 -1.619987
v 4.074987 3.977672 -1.610000
v 4.074564 3.980268 -1.619564
v 4.074987 3.995000 -1.627328
v 4.065000 3.985013 -1.627328
v 4.074564 3.985436 -1.624732
v 4.082328 3.985013 -1.610000
v 4.082328 3.995000 -1.619987
v 4.079733 3.985436 -1.619564
v 4.065000 4.085000 -1.610000
v 4.085000 4.065000 -1.610000
v 4.065000 4.065000 -1.630000
v 4.074987 4.082328 -1.610000
v 4.065000 4.082328 -1.619987
v 4.074564 4.079733 -1.619564
v 4.082328 4.065000 -1.619987
v 4.082328 4.074987 -1.610000
v 4.079733 4.074564 -1.619564
v 4.065000 4.074987 -1.627328
v 4.074987 4.065000 -1.627328
v 4.074564 4.074564 -1.624732
vn -0.2566 -0.9318 0.2566
vn -0.2178 -0.6901 0.6901
vn -0.2566 -0.2566 0.9318
vn -0.6901 -0.2178 0.6901
vn -0.9318 -0.2566 0.2566
vn -0.6901 -0.6901 0.2178
vn -0.5773 -0.5773 0.5774
vn -0.2566 0.2566 0.9318
vn -0.2178 0.6901 0.6901
vn -0.2566 0.9318 0.2566
vn -0.6901 0.6901 0.2178
vn -0.9318 0.2566 0.2566
vn -0.6901 0.2178 0.6901
vn -0.5773 0.5773 0.5774
vn -0.2566 -0.9318 -0.2566
vn -0.6901 -0.6901 -0.2178
vn -0.9318 -0.2566 -0.2566
vn -0.6901 -0.2178 -0.6901
vn -0.2566 -0.2566 -0.9318
vn -0.2178 -0.6901 -0.6901
vn -0.5774 -0.5773 -0.5774
vn -0.2566 0.9318 -0.2566
vn -0.2178 0.6901 -0.6901
vn -0.2566 0.2566 -0.9318
vn -0.6901 0.2178 -0.6901
vn -0.9318 0.2566 -0.2566
vn -0.6901 0.6901 -0.2178
vn -0.5773 0.5773 -0.5774
vn 0.2566 -0.9318 0.2566
vn 0.6901 -0.6901 0.2178
vn 0.9318 -0.2566 0.2566
vn 0.6901 -0.2178 0.6901
vn 0.2566 -0.2566 0.9318
vn 0.2178 -0.6901 0.6901
vn 0.5774 -0.5773 0.5774
vn 0.2566 0.9318 0.2566
vn 0.2178 0.6901 0.6901
vn 0.2566 0.2566 0.9318
vn 0.6901 0.2178 0.6901
vn 0.9318 0.2566 0.2566
vn 0.6901 0.6901 0.2178
vn 0.5773 0.5773 0.5774
vn 0.2566 -0.9318 -0.2566
vn 0.2178 -0.6901 -0.6901
vn 0.2566 -0.2566 -0.9318
vn 0.6901 -0.2178 -0.6901
vn 0.9318 -0.2566 -0.2566
vn 0.6901 -0.6901 -0.2178
vn 0.5773 -0.5773 -0.5774
vn 0.2566 0.9318 -0.2566
vn 0.6901 0.6901 -0.2178
vn 0.9318 0.2566 -0.2566
vn 0.6901 0.2178 -0.6901
vn 0.2566 0.2566 -0.9318
vn 0.2178 0.6901 -0.6901
vn 0.5774 0.5773 -0.5774
vn -0.2585 -0.9660 -0.0000
vn -0.7071 -0.7071 -0.0000
vn -0.9660 -0.2585 -0.0000
vn -0.2585 -0.0000 0.9660
vn -0.7071 -0.0000 0.7071
vn -0.9660 -0.0000 0.2585
vn -0.2585 0.9660 -0.0000
vn -0.7071 0.7071 -0.0000
vn -0.9660 0.2585 -0.0000
vn -0.2585 -0.0000 -0.9660
vn -0.7071 -0.0000 -0.7071
vn -0.9660 -0.0000 -0.2585
vn -0.0000 -0.9660 -0.2585
vn -0.0000 -0.7071 -0.7071
vn -0.0000 -0.2585 -0.9660
vn -0.0000 0.9660 -0.2585
vn -0.0000 0.7071 -0.7071
vn -0.0000 0.2585 -0.9660
vn 0.9660 -0.0000 -0.2585
vn 0.7071 -0.0000 -0.7071
vn 0.2585 -0.0000 -0.9660
vn 0.2585 -0.9660 -0.0000
vn 0.7071 -0.7071 -0.0000
vn 0.9660 -0.2585 -0.0000
vn 0.2585 0.9660 -0.0000
vn 0.7071 0.7071 -0.0000
vn 0.9660 0.2585 -0.0000
vn 0.2585 -0.0000 0.9660
vn 0.7071 -0.0000 0.7071
vn 0.9660 -0.0000 0.2585
vn -0.0000 -0.9660 0.2585
vn -0.0000 -0.7071 0.7071
vn -0.0000 -0.2585 0.9660
vn -0.0000 0.9660 0.2585
vn -0.0000 0.7071 0.7071
vn -0.0000 0.2585 0.9660
vn -0.0000 -1.0000 -0.0000
vn -1.0000 -0.0000 -0.0000
vn -0.0000 -0.0000 1.0000
vn -0.0000 1.0000 -0.0000
vn -0.0000 -0.0000 -1.0000
vn 1.0000 -0.0000 -0.0000
vt 0.170455 0.748466
vt 0.170455 0.749232
vt 0.148718 0.749200
vt 0.147757 0.748466
vt 0.170455 0.750000
vt 0.148718 0.750000
vt 0.420455 0.954545
vt 0.420455 1.000000
vt 0.375000 0.976282
vt 0.375000 0.954545
vt 0.420455 0.000000
vt 0.420455 0.000768
vt 0.375000 0.000800
vt 0.375000 0.000000
vt 0.420455 0.001534
vt 0.375000 0.001534
vt 0.125000 0.748466
vt 0.125000 0.749200
vt 0.579545 0.954545
vt 0.602243 0.954545
vt 0.601282 1.000000
vt 0.579545 1.000000
vt 0.625000 0.954545
vt 0.625000 1.000000
vt 0.829545 0.748466
vt 0.875000 0.748466
vt 0.875000 0.749200
vt 0.829545 0.750000
vt 0.625000 0.001534
vt 0.602243 0.001534
vt 0.601282 0.000800
vt 0.625000 0.000800
vt 0.579545 0.001534
vt 0.579545 0.000768
vt 0.579545 0.000000
vt 0.601282 0.000000
vt 0.170455 0.501534
vt 0.147757 0.501534
vt 0.148718 0.500800
vt 0.170455 0.500768
vt 0.125000 0.501534
vt 0.125000 0.500800
vt 0.420455 0.248466
vt 0.420455 0.249232
vt 0.375000 0.249200
vt 0.375000 0.248466
vt 0.420455 0.272757
vt 0.375000 0.273718
vt 0.420455 0.295455
vt 0.375000 0.295455
vt 0.170455 0.500000
vt 0.148718 0.500000
vt 0.829545 0.501534
vt 0.829545 0.500000
vt 0.875000 0.500800
vt 0.875000 0.501534
vt 0.625000 0.295455
vt 0.602243 0.295455
vt 0.601282 0.267687
vt 0.625000 0.249467
vt 0.579545 0.295455
vt 0.579545 0.272757
vt 0.579545 0.249232
vt 0.601282 0.249200
vt 0.579545 0.248466
vt 0.602243 0.248466
vt 0.625000 0.248466
vt 0.329545 0.748466
vt 0.352243 0.748466
vt 0.351282 0.749200
vt 0.329545 0.749232
vt 0.397757 0.748466
vt 0.389795 0.749200
vt 0.420455 0.748466
vt 0.420455 0.749232
vt 0.420455 0.772757
vt 0.363141 0.761859
vt 0.420455 0.795455
vt 0.352273 0.772727
vt 0.670455 0.748466
vt 0.647727 0.772727
vt 0.636859 0.761859
vt 0.647757 0.748466
vt 0.602243 0.795455
vt 0.601282 0.773718
vt 0.579545 0.795455
vt 0.579545 0.772757
vt 0.579545 0.749232
vt 0.601282 0.752393
vt 0.579545 0.748466
vt 0.602243 0.748466
vt 0.329545 0.501534
vt 0.329545 0.500768
vt 0.351282 0.500800
vt 0.352243 0.501534
vt 0.352273 0.477273
vt 0.363141 0.488141
vt 0.420455 0.454545
vt 0.420455 0.477243
vt 0.420455 0.500768
vt 0.389795 0.500800
vt 0.420455 0.501534
vt 0.397757 0.501534
vt 0.670455 0.501534
vt 0.647757 0.501534
vt 0.636859 0.488141
vt 0.647727 0.477273
vt 0.602243 0.501534
vt 0.601282 0.497607
vt 0.579545 0.501534
vt 0.579545 0.500768
vt 0.579545 0.477243
vt 0.601282 0.476282
vt 0.579545 0.454545
vt 0.602243 0.454545
s 0
usemtl gold_terminal
f 1153/1369/1177 1156/1370/1177 1158/1371/1177 1157/1372/1177
f 1156/1370/1178 1160/1373/1178 1161/1374/1178 1158/1371/1178
f 1154/1375/1179 1159/1376/1179 1161/1377/1179 1160/1378/1179
f 1159/1379/1180 1163/1380/1180 1164/1381/1180 1161/1382/1180
f 1155/1383/1181 1162/1384/1181 1164/1381/1181 1163/1380/1181
f 1162/1385/1182 1157/1372/1182 1158/1371/1182 1164/1386/1182
f 1158/1371/1183 1161/1374/1183 1164/1386/1183
f 1165/1387/1184 1168/1388/1184 1170/1389/1184 1169/1390/1184
f 1168/1388/1185 1172/1391/1185 1173/1392/1185 1170/1389/1185
f 1166/1393/1186 1171/1394/1186 1173/1395/1186 1172/1396/1186
f 1171/1397/1187 1175/1398/1187 1176/1399/1187 1173/1400/1187
f 1167/1401/1188 1174/1402/1188 1176/1399/1188 1175/1398/1188
f 1174/1402/1189 1169/1403/1189 1170/1404/1189 1176/1399/1189
f 1170/1404/1190 1173/1400/1190 1176/1399/1190
f 1177/1405/1191 1180/1406/1191 1182/1407/1191 1181/1408/1191
f 1180/1406/1192 1184/1409/1192 1185/1410/1192 1182/1407/1192
f 1178/1411/1193 1183/1412/1193 1185/1413/1193 1184/1414/1193
f 1183/1412/1194 1187/1415/1194 1188/1416/1194 1185/1413/1194
f 1179/1417/1195 1186/1418/1195 1188/1416/1195 1187/1415/1195
f 1186/1419/1196 1181/1408/1196 1182/1407/1196 1188/1420/1196
f 1182/1407/1197 1185/1410/1197 1188/1420/1197
f 1189/1421/1198 1192/1422/1198 1194/1423/1198 1193/1424/1198
f 1192/1425/1199 1196/1426/1199 1197/1427/1199 1194/1428/1199
f 1190/1429/1200 1195/1430/1200 1197/1427/1200 1196/1426/1200
f 1195/1430/1201 1199/1431/1201 1200/1432/1201 1197/1427/1201
f 1191/1433/1202 1198/1434/1202 1200/1432/1202 1199/1431/1202
f 1198/1434/1203 1193/1435/1203 1194/1428/1203 1200/1432/1203
f 1194/1428/1204 1197/1427/1204 1200/1432/1204
f 1201/1436/1205 1204/1437/1205 1206/1438/1205 1205/1439/1205
f 1204/1437/1206 1208/1440/1206 1209/1441/1206 1206/1438/1206
f 1202/1442/1207 1207/1443/1207 1209/1441/1207 1208/1440/1207
f 1207/1443/1208 1211/1444/1208 1212/1445/1208 1209/1441/1208
f 1203/1446/1209 1210/1447/1209 1212/1445/1209 1211/1444/1209
f 1210/1447/1210 1205/1439/1210 1206/1438/1210 1212/1445/1210
f 1206/1438/1211 1209/1441/1211 1212/1445/1211
f 1213/1448/1212 1216/1449/1212 1218/1450/1212 1217/1451/1212
f 1216/1449/1213 1220/1452/1213 1221/1453/1213 1218/1450/1213
f 1214/1454/1214 1219/1455/1214 1221/1453/1214 1220/1452/1214
f 1219/1455/1215 1223/1456/1215 1224/1457/1215 1221/1453/1215
f 1215/1458/1216 1222/1459/1216 1224/1457/1216 1223/1456/1216
f 1222/1459/1217 1217/1451/1217 1218/1450/1217 1224/1457/1217
f 1218/1450/1218 1221/1453/1218 1224/1457/1218
f 1225/1460/1219 1228/1461/1219 1230/1462/1219 1229/1463/1219
f 1228/1461/1220 1232/1464/1220 1233/1465/1220 1230/1462/1220
f 1226/1466/1221 1231/1467/1221 1233/1465/1221 1232/1464/1221
f 1231/1467/1222 1235/1468/1222 1236/1469/1222 1233/1465/1222
f 1227/1470/1223 1234/1471/1223 1236/1469/1223 1235/1468/1223
f 1234/1471/1224 1229/1463/1224 1230/1462/1224 1236/1469/1224
f 1230/1462/1225 1233/1465/1225 1236/1469/1225
f 1237/1472/1226 1240/1473/1226 1242/1474/1226 1241/1475/1226
f 1240/1473/1227 1244/1476/1227 1245/1477/1227 1242/1474/1227
f 1238/1478/1228 1243/1479/1228 1245/1477/1228 1244/1476/1228
f 1243/1479/1229 1247/1480/1229 1248/1481/1229 1245/1477/1229
f 1239/1482/1230 1246/1483/1230 1248/1481/1230 1247/1480/1230
f 1246/1483/1231 1241/1475/1231 1242/1474/1231 1248/1481/1231
f 1242/1474/1232 1245/1477/1232 1248/1481/1232
f 1177/1405/1233 1153/1369/1233 1157/1372/1233 1180/1406/1233
f 1180/1406/1234 1157/1372/1234 1162/1385/1234 1184/1409/1234
f 1184/1414/1235 1162/1384/1235 1155/1383/1235 1178/1411/1235
f 1154/1375/1236 1165/1387/1236 1169/1390/1236 1159/1376/1236
f 1159/1379/1237 1169/1403/1237 1174/1402/1237 1163/1380/1237
f 1163/1380/1238 1174/1402/1238 1167/1401/1238 1155/1383/1238
f 1166/1393/1239 1189/1421/1239 1193/1424/1239 1171/1394/1239
f 1171/1397/1240 1193/1435/1240 1198/1434/1240 1175/1398/1240
f 1175/1398/1241 1198/1434/1241 1191/1433/1241 1167/1401/1241
f 1190/1429/1242 1179/1417/1242 1187/1415/1242 1195/1430/1242
f 1195/1430/1243 1187/1415/1243 1183/1412/1243 1199/1431/1243
f 1199/1431/1244 1183/1412/1244 1178/1411/1244 1191/1433/1244
f 1225/1460/1245 1177/1405/1245 1181/1408/1245 1228/1461/1245
f 1228/1461/1246 1181/1408/1246 1186/1419/1246 1232/1464/1246
f 1232/1464/1247 1186/1418/1247 1179/1417/1247 1226/1466/1247
f 1189/1421/1248 1237/1472/1248 1241/1475/1248 1192/1422/1248
f 1192/1425/1249 1241/1475/1249 1246/1483/1249 1196/1426/1249
f 1196/1426/1250 1246/1483/1250 1239/1482/1250 1190/1429/1250
f 1238/1478/1251 1227/1470/1251 1235/1468/1251 1243/1479/1251
f 1243/1479/1252 1235/1468/1252 1231/1467/1252 1247/1480/1252
f 1247/1480/1253 1231/1467/1253 1226/1466/1253 1239/1482/1253
f 1201/1436/1254 1225/1460/1254 1229/1463/1254 1204/1437/1254
f 1204/1437/1255 1229/1463/1255 1234/1471/1255 1208/1440/1255
f 1208/1440/1256 1234/1471/1256 1227/1470/1256 1202/1442/1256
f 1237/1472/1257 1213/1448/1257 1217/1451/1257 1240/1473/1257
f 1240/1473/1258 1217/1451/1258 1222/1459/1258 1244/1476/1258
f 1244/1476/1259 1222/1459/1259 1215/1458/1259 1238/1478/1259
f 1214/1454/1260 1203/1446/1260 1211/1444/1260 1219/1455/1260
f 1219/1455/1261 1211/1444/1261 1207/1443/1261 1223/1456/1261
f 1223/1456/1262 1207/1443/1262 1202/1442/1262 1215/1458/1262
f 1153/1369/1263 1201/1436/1263 1205/1439/1263 1156/1370/1263
f 1156/1370/1264 1205/1439/1264 1210/1447/1264 1160/1373/1264
f 1160/1378/1265 1210/1447/1265 1203/1446/1265 1154/1375/1265
f 1213/1448/1266 1166/1393/1266 1172/1396/1266 1216/1449/1266
f 1216/1449/1267 1172/1391/1267 1168/1388/1267 1220/1452/1267
f 1220/1452/1268 1168/1388/1268 1165/1387/1268 1214/1454/1268
f 1177/1405/1269 1225/1460/1269 1201/1436/1269 1153/1369/1269
f 1155/1383/1270 1167/1401/1270 1191/1433/1270 1178/1411/1270
f 1203/1446/1271 1214/1454/1271 1165/1387/1271 1154/1375/1271
f 1237/1472/1272 1189/1421/1272 1166/1393/1272 1213/1448/1272
f 1179/1417/1273 1190/1429/1273 1239/1482/1273 1226/1466/1273
f 1227/1470/1274 1238/1478/1274 1215/1458/1274 1202/1442/1274
o ground
v -7.480000 -0.320000 5.380000
v -7.480000 -0.300000 5.400000
v -7.500000 -0.300000 5.380000
v -7.480000 -0.317328 5.389987
v -7.489986 -0.317328 5.380000
v -7.489564 -0.314733 5.389565
v -7.489986 -0.300000 5.397328
v -7.480000 -0.309987 5.397328
v -7.489564 -0.309564 5.394733
v -7.497328 -0.309987 5.380000
v -7.497328 -0.300000 5.389987
v -7.494732 -0.309564 5.389565
v -7.480000 -0.020000 5.400000
v -7.480000 0.000000 5.380000
v -7.500000 -0.020000 5.380000
v -7.480000 -0.010013 5.397328
v -7.489986 -0.020000 5.397328
v -7.489564 -0.010436 5.394733
v -7.489986 -0.002672 5.380000
v -7.480000 -0.002672 5.389987
v -7.489564 -0.005267 5.389565
v -7.497328 -0.020000 5.389987
v -7.497328 -0.010013 5.380000
v -7.494732 -0.010436 5.389565
v -7.480000 -0.320000 -5.380000
v -7.500000 -0.300000 -5.380000
v -7.480000 -0.300000 -5.400000
v -7.489986 -0.317328 -5.380000
v -7.480000 -0.317328 -5.389987
v -7.489564 -0.314733 -5.389565
v -7.497328 -0.300000 -5.389987
v -7.497328 -0.309987 -5.380000
v -7.494732 -0.309564 -5.389565
v -7.480000 -0.309987 -5.397328
v -7.489986 -0.300000 -5.397328
v -7.489564 -0.309564 -5.394733
v -7.480000 0.000000 -5.380000
v -7.480000 -0.020000 -5.400000
v -7.500000 -0.020000 -5.380000
v -7.480000 -0.002672 -5.389987
v -7.489986 -0.002672 -5.380000
v -7.489564 -0.005267 -5.389565
v -7.489986 -0.020000 -5.397328
v -7.480000 -0.010013 -5.397328
v -7.489564 -0.010436 -5.394733
v -7.497328 -0.010013 -5.380000
v -7.497328 -0.020000 -5.389987
v -7.494732 -0.010436 -5.389565
v 7.480000 -0.320000 5.380000
v 7.500000 -0.300000 5.380000
v 7.480000 -0.300000 5.400000
v 7.489986 -0.317328 5.380000
v 7.480000 -0.317328 5.389987
v 7.489564 -0.314733 5.389565
v 7.497328 -0.300000 5.389987
v 7.497328 -0.309987 5.380000
v 7.494732 -0.309564 5.389565
v 7.480000 -0.309987 5.397328
v 7.489986 -0.300000 5.397328
v 7.489564 -0.309564 5.394733
v 7.480000 0.000000 5.380000
v 7.480000 -0.020000 5.400000
v 7.500000 -0.020000 5.380000
v 7.480000 -0.002672 5.389987
v 7.489986 -0.002672 5.380000
v 7.489564 -0.005267 5.389565
v 7.489986 -0.020000 5.397328
v 7.480000 -0.010013 5.397328
v 7.489564 -0.010436 5.394733
v 7.497328 -0.010013 5.380000
v 7.497328 -0.020000 5.389987
v 7.494732 -0.010436 5.389565
v 7.480000 -0.320000 -5.380000
v 7.480000 -0.300000 -5.400000
v 7.500000 -0.300000 -5.380000
v 7.480000 -0.317328 -5.389987
v 7.489986 -0.317328 -5.380000
v 7.489564 -0.314733 -5.389565
v 7.489986 -0.300000 -5.397328
v 7.480000 -0.309987 -5.397328
v 7.489564 -0.309564 -5.394733
v 7.497328 -0.309987 -5.380000
v 7.497328 -0.300000 -5.389987
v 7.494732 -0.309564 -5.389565
v 7.480000 0.000000 -5.380000
v 7.500000 -0.020000 -5.380000
v 7.480000 -0.020000 -5.400000
v 7.489986 -0.002672 -5.380000
v 7.480000 -0.002672 -5.389987
v 7.489564 -0.005267 -5.389565
v 7.497328 -0.020000 -5.389987
v 7.497328 -0.010013 -5.380000
v 7.494732 -0.010436 -5.389565
v 7.480000 -0.010013 -5.397328
v 7.489986 -0.020000 -5.397328
v 7.489564 -0.010436 -5.394733
vn -0.2566 -0.9318 0.2566
vn -0.2178 -0.6901 0.6902
vn -0.2566 -0.2566 0.9318
vn -0.6902 -0.2177 0.6901
vn -0.9318 -0.2566 0.2566
vn -0.6901 -0.6901 0.2178
vn -0.5773 -0.5774 0.5774
vn -0.2566 0.2566 0.9318
vn -0.2178 0.6901 0.6902
vn -0.2566 0.9318 0.2566
vn -0.6901 0.6901 0.2178
vn -0.9318 0.2566 0.2566
vn -0.6902 0.2177 0.6901
vn -0.5773 0.5774 0.5774
vn -0.2566 -0.9318 -0.2566
vn -0.6901 -0.6901 -0.2178
vn -0.9318 -0.2566 -0.2566
vn -0.6902 -0.2177 -0.6901
vn -0.2566 -0.2566 -0.9318
vn -0.2178 -0.6901 -0.6902
vn -0.5773 -0.5774 -0.5774
vn -0.2566 0.9318 -0.2566
vn -0.2178 0.6901 -0.6902
vn -0.2566 0.2566 -0.9318
vn -0.6902 0.2177 -0.6901
vn -0.9318 0.2566 -0.2566
vn -0.6901 0.6901 -0.2178
vn -0.5773 0.5774 -0.5774
vn 0.2566 -0.9318 0.2566
vn 0.6901 -0.6901 0.2178
vn 0.9318 -0.2566 0.2566
vn 0.6902 -0.2177 0.6901
vn 0.2566 -0.2566 0.9318
vn 0.2178 -0.6901 0.6902
vn 0.5773 -0.5774 0.5774
vn 0.2566 0.9318 0.2566
vn 0.2178 0.6901 0.6902
vn 0.2566 0.2566 0.9318
vn 0.6902 0.2177 0.6901
vn 0.9318 0.2566 0.2566
vn 0.6901 0.6901 0.2178
vn 0.5773 0.5774 0.5774
vn 0.2566 -0.9318 -0.2566
vn 0.2178 -0.6901 -0.6902
vn 0.2566 -0.2566 -0.9318
vn 0.6902 -0.2177 -0.6901
vn 0.9318 -0.2566 -0.2566
vn 0.6901 -0.6901 -0.2178
vn 0.5773 -0.5774 -0.5774
vn 0.2566 0.9318 -0.2566
vn 0.6901 0.6901 -0.2178
vn 0.9318 0.2566 -0.2566
vn 0.6902 0.2177 -0.6901
vn 0.2566 0.2566 -0.9318
vn 0.2178 0.6901 -0.6902
vn 0.5773 0.5774 -0.5774
vn -0.2585 -0.9660 -0.0000
vn -0.7071 -0.7071 -0.0000
vn -0.9660 -0.2585 -0.0000
vn -0.2584 -0.0000 0.9660
vn -0.7071 -0.0000 0.7071
vn -0.9660 -0.0000 0.2585
vn -0.2585 0.9660 -0.0000
vn -0.7071 0.7071 -0.0000
vn -0.9660 0.2585 -0.0000
vn -0.2584 -0.0000 -0.9660
vn -0.7071 -0.0000 -0.7071
vn -0.9660 -0.0000 -0.2585
vn -0.0000 -0.9660 -0.2585
vn -0.0000 -0.7071 -0.7071
vn -0.0000 -0.2585 -0.9660
vn -0.0000 0.9660 -0.2585
vn -0.0000 0.7071 -0.7071
vn -0.0000 0.2585 -0.9660
vn 0.9660 -0.0000 -0.2585
vn 0.7071 -0.0000 -0.7071
vn 0.2584 -0.0000 -0.9660
vn 0.2585 -0.9660 -0.0000
vn 0.7071 -0.7071 -0.0000
vn 0.9660 -0.2585 -0.0000
vn 0.2585 0.9660 -0.0000
vn 0.7071 0.7071 -0.0000
vn 0.9660 0.2585 -0.0000
vn 0.2584 -0.0000 0.9660
vn 0.7071 -0.0000 0.7071
vn 0.9660 -0.0000 0.2585
vn -0.0000 -0.9660 0.2585
vn -0.0000 -0.7071 0.7071
vn -0.0000 -0.2585 0.9660
vn -0.0000 0.9660 0.2585
vn -0.0000 0.7071 0.7071
vn -0.0000 0.2585 0.9660
vn -0.0000 -1.0000 -0.0000
vn -1.0000 -0.0000 -0.0000
vn -0.0000 -0.0000 1.0000
vn -0.0000 1.0000 -0.0000
vn -0.0000 -0.0000 -1.0000
vn 1.0000 -0.0000 -0.0000
vt 0.125333 0.749537
vt 0.125333 0.749768
vt 0.125174 0.749758
vt 0.125167 0.749537
vt 0.125333 0.750000
vt 0.125174 0.750000
vt 0.390625 0.999667
vt 0.390625 1.000000
vt 0.375000 0.999826
vt 0.375000 0.999667
vt 0.390625 0.000000
vt 0.390625 0.000232
vt 0.375000 0.000242
vt 0.375000 0.000000
vt 0.390625 0.000463
vt 0.375000 0.000463
vt 0.125000 0.749537
vt 0.125000 0.749758
vt 0.609375 0.999667
vt 0.617177 0.999667
vt 0.616847 1.000000
vt 0.609375 1.000000
vt 0.625000 0.999667
vt 0.625000 1.000000
vt 0.874667 0.749537
vt 0.875000 0.749537
vt 0.875000 0.749758
vt 0.874667 0.750000
vt 0.625000 0.000463
vt 0.617177 0.000463
vt 0.616847 0.000242
vt 0.625000 0.000242
vt 0.609375 0.000463
vt 0.609375 0.000232
vt 0.609375 0.000000
vt 0.616847 0.000000
vt 0.125333 0.500463
vt 0.125167 0.500463
vt 0.125174 0.500242
vt 0.125333 0.500232
vt 0.125000 0.500463
vt 0.125000 0.500242
vt 0.390625 0.249537
vt 0.390625 0.249768
vt 0.375000 0.249758
vt 0.375000 0.249537
vt 0.390625 0.250167
vt 0.375000 0.250174
vt 0.390625 0.250333
vt 0.375000 0.250333
vt 0.125333 0.500000
vt 0.125174 0.500000
vt 0.874667 0.500463
vt 0.874667 0.500000
vt 0.875000 0.500242
vt 0.875000 0.500463
vt 0.625000 0.250333
vt 0.617177 0.250333
vt 0.616847 0.250100
vt 0.625000 0.249839
vt 0.609375 0.250333
vt 0.609375 0.250167
vt 0.609375 0.249768
vt 0.616847 0.249758
vt 0.609375 0.249537
vt 0.617177 0.249537
vt 0.625000 0.249537
vt 0.374667 0.749537
vt 0.374833 0.749537
vt 0.374826 0.749758
vt 0.374667 0.749768
vt 0.382823 0.749537
vt 0.381093 0.749758
vt 0.390625 0.749537
vt 0.390625 0.749768
vt 0.390625 0.750167
vt 0.374913 0.750087
vt 0.390625 0.750333
vt 0.374833 0.750167
vt 0.625333 0.749537
vt 0.625167 0.750167
vt 0.625087 0.750087
vt 0.625167 0.749537
vt 0.617177 0.750333
vt 0.616847 0.750174
vt 0.609375 0.750333
vt 0.609375 0.750167
vt 0.609375 0.749768
vt 0.616847 0.749841
vt 0.609375 0.749537
vt 0.617177 0.749537
vt 0.374667 0.500463
vt 0.374667 0.500232
vt 0.374826 0.500242
vt 0.374833 0.500463
vt 0.374833 0.499833
vt 0.374913 0.499913
vt 0.390625 0.499667
vt 0.390625 0.499833
vt 0.390625 0.500232
vt 0.381093 0.500242
vt 0.390625 0.500463
vt 0.382823 0.500463
vt 0.625333 0.500463
vt 0.625167 0.500463
vt 0.625087 0.499913
vt 0.625167 0.499833
vt 0.617177 0.500463
vt 0.616847 0.500159
vt 0.609375 0.500463
vt 0.609375 0.500232
vt 0.609375 0.499833
vt 0.616847 0.499826
vt 0.609375 0.499667
vt 0.617177 0.499667
s 0
usemtl midnight
f 1249/1484/1275 1252/1485/1275 1254/1486/1275 1253/1487/1275
f 1252/1485/1276 1256/1488/1276 1257/1489/1276 1254/1486/1276
f 1250/1490/1277 1255/1491/1277 1257/1492/1277 1256/1493/1277
f 1255/1494/1278 1259/1495/1278 1260/1496/1278 1257/1497/1278
f 1251/1498/1279 1258/1499/1279 1260/1496/1279 1259/1495/1279
f 1258/1500/1280 1253/1487/1280 1254/1486/1280 1260/1501/1280
f 1254/1486/1281 1257/1489/1281 1260/1501/1281
f 1261/1502/1282 1264/1503/1282 1266/1504/1282 1265/1505/1282
f 1264/1503/1283 1268/1506/1283 1269/1507/1283 1266/1504/1283
f 1262/1508/1284 1267/1509/1284 1269/1510/1284 1268/1511/1284
f 1267/1512/1285 1271/1513/1285 1272/1514/1285 1269/1515/1285
f 1263/1516/1286 1270/1517/1286 1272/1514/1286 1271/1513/1286
f 1270/1517/1287 1265/1518/1287 1266/1519/1287 1272/1514/1287
f 1266/1519/1288 1269/1515/1288 1272/1514/1288
f 1273/1520/1289 1276/1521/1289 1278/1522/1289 1277/1523/1289
f 1276/1521/1290 1280/1524/1290 1281/1525/1290 1278/1522/1290
f 1274/1526/1291 1279/1527/1291 1281/1528/1291 1280/1529/1291
f 1279/1527/1292 1283/1530/1292 1284/1531/1292 1281/1528/1292
f 1275/1532/1293 1282/1533/1293 1284/1531/1293 1283/1530/1293
f 1282/1534/1294 1277/1523/1294 1278/1522/1294 1284/1535/1294
f 1278/1522/1295 1281/1525/1295 1284/1535/1295
f 1285/1536/1296 1288/1537/1296 1290/1538/1296 1289/1539/1296
f 1288/1540/1297 1292/1541/1297 1293/1542/1297 1290/1543/1297
f 1286/1544/1298 1291/1545/1298 1293/1542/1298 1292/1541/1298
f 1291/1545/1299 1295/1546/1299 1296/1547/1299 1293/1542/1299
f 1287/1548/1300 1294/1549/1300 1296/1547/1300 1295/1546/1300
f 1294/1549/1301 1289/1550/1301 1290/1543/1301 1296/1547/1301
f 1290/1543/1302 1293/1542/1302 1296/1547/1302
f 1297/1551/1303 1300/1552/1303 1302/1553/1303 1301/1554/1303
f 1300/1552/1304 1304/1555/1304 1305/1556/1304 1302/1553/1304
f 1298/1557/1305 1303/1558/1305 1305/1556/1305 1304/1555/1305
f 1303/1558/1306 1307/1559/1306 1308/1560/1306 1305/1556/1306
f 1299/1561/1307 1306/1562/1307 1308/1560/1307 1307/1559/1307
f 1306/1562/1308 1301/1554/1308 1302/1553/1308 1308/1560/1308
f 1302/1553/1309 1305/1556/1309 1308/1560/1309
f 1309/1563/1310 1312/1564/1310 1314/1565/1310 1313/1566/1310
f 1312/1564/1311 1316/1567/1311 1317/1568/1311 1314/1565/1311
f 1310/1569/1312 1315/1570/1312 1317/1568/1312 1316/1567/1312
f 1315/1570/1313 1319/1571/1313 1320/1572/1313 1317/1568/1313
f 1311/1573/1314 1318/1574/1314 1320/1572/1314 1319/1571/1314
f 1318/1574/1315 1313/1566/1315 1314/1565/1315 1320/1572/1315
f 1314/1565/1316 1317/1568/1316 1320/1572/1316
f 1321/1575/1317 1324/1576/1317 1326/1577/1317 1325/1578/1317
f 1324/1576/1318 1328/1579/1318 1329/1580/1318 1326/1577/1318
f 1322/1581/1319 1327/1582/1319 1329/1580/1319 1328/1579/1319
f 1327/1582/1320 1331/1583/1320 1332/1584/1320 1329/1580/1320
f 1323/1585/1321 1330/1586/1321 1332/1584/1321 1331/1583/1321
f 1330/1586/1322 1325/1578/1322 1326/1577/1322 1332/1584/1322
f 1326/1577/1323 1329/1580/1323 1332/1584/1323
f 1333/1587/1324 1336/1588/1324 1338/1589/1324 1337/1590/1324
f 1336/1588/1325 1340/1591/1325 1341/1592/1325 1338/1589/1325
f 1334/1593/1326 1339/1594/1326 1341/1592/1326 1340/1591/1326
f 1339/1594/1327 1343/1595/1327 1344/1596/1327 1341/1592/1327
f 1335/1597/1328 1342/1598/1328 1344/1596/1328 1343/1595/1328
f 1342/1598/1329 1337/1590/1329 1338/1589/1329 1344/1596/1329
f 1338/1589/1330 1341/1592/1330 1344/1596/1330
f 1273/1520/1331 1249/1484/1331 1253/1487/1331 1276/1521/1331
f 1276/1521/1332 1253/1487/1332 1258/1500/1332 1280/1524/1332
f 1280/1529/1333 1258/1499/1333 1251/1498/1333 1274/1526/1333
f 1250/1490/1334 1261/1502/1334 1265/1505/1334 1255/1491/1334
f 1255/1494/1335 1265/1518/1335 1270/1517/1335 1259/1495/1335
f 1259/1495/1336 1270/1517/1336 1263/1516/1336 1251/1498/1336
f 1262/1508/1337 1285/1536/1337 1289/1539/1337 1267/1509/1337
f 1267/1512/1338 1289/1550/1338 1294/1549/1338 1271/1513/1338
f 1271/1513/1339 1294/1549/1339 1287/1548/1339 1263/1516/1339
f 1286/1544/1340 1275/1532/1340 1283/1530/1340 1291/1545/1340
f 1291/1545/1341 1283/1530/1341 1279/1527/1341 1295/1546/1341
f 1295/1546/1342 1279/1527/1342 1274/1526/1342 1287/1548/1342
f 1321/1575/1343 1273/1520/1343 1277/1523/1343 1324/1576/1343
f 1324/1576/1344 1277/1523/1344 1282/1534/1344 1328/1579/1344
f 1328/1579/1345 1282/1533/1345 1275/1532/1345 1322/1581/1345
f 1285/1536/1346 1333/1587/1346 1337/1590/1346 1288/1537/1346
f 1288/1540/1347 1337/1590/1347 1342/1598/1347 1292/1541/1347
f 1292/1541/1348 1342/1598/1348 1335/1597/1348 1286/1544/1348
f 1334/1593/1349 1323/1585/1349 1331/1583/1349 1339/1594/1349
f 1339/1594/1350 1331/1583/1350 1327/1582/1350 1343/1595/1350
f 1343/1595/1351 1327/1582/1351 1322/1581/1351 1335/1597/1351
f 1297/1551/1352 1321/1575/1352 1325/1578/1352 1300/1552/1352
f 1300/1552/1353 1325/1578/1353 1330/1586/1353 1304/1555/1353
f 1304/1555/1354 1330/1586/1354 1323/1585/1354 1298/1557/1354
f 1333/1587/1355 1309/1563/1355 1313/1566/1355 1336/1588/1355
f 1336/1588/1356 1313/1566/1356 1318/1574/1356 1340/1591/1356
f 1340/1591/1357 1318/1574/1357 1311/1573/1357 1334/1593/1357
f 1310/1569/1358 1299/1561/1358 1307/1559/1358 1315/1570/1358
f 1315/1570/1359 1307/1559/1359 1303/1558/1359 1319/1571/1359
f 1319/1571/1360 1303/1558/1360 1298/1557/1360 1311/1573/1360
f 1249/1484/1361 1297/1551/1361 1301/1554/1361 1252/1485/1361
f 1252/1485/1362 1301/1554/1362 1306/1562/1362 1256/1488/1362
f 1256/1493/1363 1306/1562/1363 1299/1561/1363 1250/1490/1363
f 1309/1563/1364 1262/1508/1364 1268/1511/1364 1312/1564/1364
f 1312/1564/1365 1268/1506/1365 1264/1503/1365 1316/1567/1365
f 1316/1567/1366 1264/1503/1366 1261/1502/1366 1310/1569/1366
f 1273/1520/1367 1321/1575/1367 1297/1551/1367 1249/1484/1367
f 1251/1498/1368 1263/1516/1368 1287/1548/1368 1274/1526/1368
f 1299/1561/1369 1310/1569/1369 1261/1502/1369 1250/1490/1369
f 1333/1587/1370 1285/1536/1370 1262/1508/1370 1309/1563/1370
f 1275/1532/1371 1286/1544/1371 1335/1597/1371 1322/1581/1371
f 1323/1585/1372 1334/1593/1372 1311/1573/1372 1298/1557/1372
